t,xapp,score,score_smoothed,trust_state,kind,attacking,seed,mal_class
0.0,benign_ho,0.5142803540032496,0.5142803540032496,WATCH,benign,False,0,A2
0.0,benign_sched,0.041933738067018944,0.041933738067018944,HEALTHY,benign,False,0,A2
0.0,benign_kpm,0.42427544934807127,0.4242754493480713,HEALTHY,benign,False,0,A2
0.0,mal_A2,0.027264091766622183,0.027264091766622187,HEALTHY,A2,False,0,A2
1.0,benign_ho,0.34641030029417613,0.4807063432614349,WATCH,benign,False,0,A2
1.0,benign_sched,0.2945781169511942,0.092462613843854,HEALTHY,benign,False,0,A2
1.0,benign_kpm,0.1201434147602041,0.36344904243049786,HEALTHY,benign,False,0,A2
1.0,mal_A2,0.2238837217965789,0.06658801777261353,HEALTHY,A2,False,0,A2
2.0,benign_ho,0.40299265724193245,0.4651636060575345,HEALTHY,benign,False,0,A2
2.0,benign_sched,0.7352730757045955,0.22102470621600231,HEALTHY,benign,False,0,A2
2.0,benign_kpm,0.37079058255859654,0.3649173504561176,HEALTHY,benign,False,0,A2
2.0,mal_A2,0.35460844296646865,0.12419210281138456,HEALTHY,A2,False,0,A2
3.0,benign_ho,0.3112012187600617,0.43437112859803995,HEALTHY,benign,False,0,A2
3.0,benign_sched,0.2563117746497616,0.22808211990275418,HEALTHY,benign,False,0,A2
3.0,benign_kpm,0.4502682462142135,0.3819875296077368,HEALTHY,benign,False,0,A2
3.0,mal_A2,0.367740526868076,0.17290178762272285,HEALTHY,A2,False,0,A2
4.0,benign_ho,0.32635261602136484,0.41276742608270495,HEALTHY,benign,False,0,A2
4.0,benign_sched,0.28270869747132676,0.2390074354164687,HEALTHY,benign,False,0,A2
4.0,benign_kpm,0.8479753828608022,0.4751851002583499,HEALTHY,benign,False,0,A2
4.0,mal_A2,0.04115061664565823,0.14655155342730994,HEALTHY,A2,False,0,A2
5.0,benign_ho,0.3854973243647992,0.4073134057391238,HEALTHY,benign,False,0,A2
5.0,benign_sched,0.2566726512646192,0.2425404785860988,HEALTHY,benign,False,0,A2
5.0,benign_kpm,0.6984820658898312,0.5198444933846462,WATCH,benign,False,0,A2
5.0,mal_A2,0.06598936679400842,0.13043911610064965,HEALTHY,A2,False,0,A2
6.0,benign_ho,0.30139428117247397,0.38612958082579385,HEALTHY,benign,False,0,A2
6.0,benign_sched,0.15848149484860266,0.2257286818385996,HEALTHY,benign,False,0,A2
6.0,benign_kpm,0.31500304258669987,0.478876203225057,HEALTHY,benign,False,0,A2
6.0,mal_A2,0.16296750252414755,0.13694479338534923,HEALTHY,A2,False,0,A2
7.0,benign_ho,0.1997394525339695,0.34885155516742905,HEALTHY,benign,False,0,A2
7.0,benign_sched,0.09771538015070902,0.2001260215010215,HEALTHY,benign,False,0,A2
7.0,benign_kpm,0.6170665296526848,0.5065142685105826,WATCH,benign,False,0,A2
7.0,mal_A2,0.1161285934456506,0.13278155339740952,HEALTHY,A2,False,0,A2
8.0,benign_ho,0.4882817382501469,0.37673759178397265,HEALTHY,benign,False,0,A2
8.0,benign_sched,0.3029673720658721,0.22069429161399162,HEALTHY,benign,False,0,A2
8.0,benign_kpm,0.230976303195523,0.4514066754475707,HEALTHY,benign,False,0,A2
8.0,mal_A2,0.3455189725773376,0.17532903723339516,HEALTHY,A2,False,0,A2
9.0,benign_ho,0.20364301580290467,0.3421186765877591,HEALTHY,benign,False,0,A2
9.0,benign_sched,0.21732494107483755,0.2200204215061608,HEALTHY,benign,False,0,A2
9.0,benign_kpm,0.3448837265060439,0.43010208565926533,HEALTHY,benign,False,0,A2
9.0,mal_A2,0.6023556416051913,0.26073435810775436,HEALTHY,A2,False,0,A2
10.0,benign_ho,0.7747300252788963,0.42864094632598654,HEALTHY,benign,False,0,A2
10.0,benign_sched,0.2541972445801748,0.2268557861209636,HEALTHY,benign,False,0,A2
10.0,benign_kpm,0.18049955062502504,0.3801815786524173,HEALTHY,benign,False,0,A2
10.0,mal_A2,0.24090224779315236,0.256767936044834,HEALTHY,A2,False,0,A2
11.0,benign_ho,0.4230564312048579,0.42752404330176086,HEALTHY,benign,False,0,A2
11.0,benign_sched,0.5117734298449551,0.2838393148657619,HEALTHY,benign,False,0,A2
11.0,benign_kpm,0.3038521294777759,0.3649156888174891,HEALTHY,benign,False,0,A2
11.0,mal_A2,0.11290860785070943,0.22799607040600908,HEALTHY,A2,False,0,A2
12.0,benign_ho,0.3200702848509264,0.406033291611594,HEALTHY,benign,False,0,A2
12.0,benign_sched,0.1014016645174549,0.24735178479610054,HEALTHY,benign,False,0,A2
12.0,benign_kpm,0.3937760371973597,0.37068775849346325,HEALTHY,benign,False,0,A2
12.0,mal_A2,0.12755322616529188,0.20790750155786566,HEALTHY,A2,False,0,A2
13.0,benign_ho,0.4491350432282589,0.41465364193492704,HEALTHY,benign,False,0,A2
13.0,benign_sched,0.4150219604606815,0.28088581992901673,HEALTHY,benign,False,0,A2
13.0,benign_kpm,0.37285892496361833,0.3711219917874943,HEALTHY,benign,False,0,A2
13.0,mal_A2,0.34203331966834827,0.23473266517996222,HEALTHY,A2,False,0,A2
14.0,benign_ho,0.4412955027012627,0.4199820140881942,HEALTHY,benign,False,0,A2
14.0,benign_sched,0.05131757618491979,0.23497217118019736,HEALTHY,benign,False,0,A2
14.0,benign_kpm,0.19956153793591255,0.33680990101717795,HEALTHY,benign,False,0,A2
14.0,mal_A2,0.3983538684527638,0.26745690583452253,HEALTHY,A2,False,0,A2
15.0,benign_ho,0.2715357540604683,0.39029276208264907,HEALTHY,benign,False,0,A2
15.0,benign_sched,0.21376780273988005,0.23073129749213392,HEALTHY,benign,False,0,A2
15.0,benign_kpm,0.1239456723429771,0.2942370552823378,HEALTHY,benign,False,0,A2
15.0,mal_A2,0.12822956394636884,0.2396114374568918,HEALTHY,A2,False,0,A2
16.0,benign_ho,0.3740423619020904,0.38704268204653736,HEALTHY,benign,False,0,A2
16.0,benign_sched,0.20153353587534256,0.22489174516877566,HEALTHY,benign,False,0,A2
16.0,benign_kpm,0.29039519562101795,0.2934686833500738,HEALTHY,benign,False,0,A2
16.0,mal_A2,0.11260137610417977,0.2142094251863494,HEALTHY,A2,False,0,A2
17.0,benign_ho,0.4489067782998151,0.39941550129719294,HEALTHY,benign,False,0,A2
17.0,benign_sched,0.24324450520895746,0.22856229717681203,HEALTHY,benign,False,0,A2
17.0,benign_kpm,0.27817479959694635,0.2904099065994483,HEALTHY,benign,False,0,A2
17.0,mal_A2,0.14797103163928763,0.20096174647693704,HEALTHY,A2,False,0,A2
18.0,benign_ho,0.22526801412998396,0.3645860038637512,HEALTHY,benign,False,0,A2
18.0,benign_sched,0.2275858844002872,0.22836701462150708,HEALTHY,benign,False,0,A2
18.0,benign_kpm,0.1469386938219924,0.26171566404395713,HEALTHY,benign,False,0,A2
18.0,mal_A2,0.0985845487310778,0.1804863069277652,HEALTHY,A2,False,0,A2
19.0,benign_ho,0.35858013446211046,0.36338482998342303,HEALTHY,benign,False,0,A2
19.0,benign_sched,0.11331561691340712,0.20535673507988708,HEALTHY,benign,False,0,A2
19.0,benign_kpm,0.28056531859588923,0.26548559495434354,HEALTHY,benign,False,0,A2
19.0,mal_A2,0.3402167414514346,0.21243239383249912,HEALTHY,A2,False,0,A2
20.0,benign_ho,0.47354801703028143,0.3854174673927947,HEALTHY,benign,False,0,A2
20.0,benign_sched,0.20601859803997608,0.2054891076719049,HEALTHY,benign,False,0,A2
20.0,benign_kpm,0.21576015645603755,0.25554050725468236,HEALTHY,benign,False,0,A2
20.0,mal_A2,0.06893815447180353,0.18373354596036,HEALTHY,A2,False,0,A2
21.0,benign_ho,0.37905317490217516,0.38414460889467084,HEALTHY,benign,False,0,A2
21.0,benign_sched,0.11671558474525714,0.18773440308657535,HEALTHY,benign,False,0,A2
21.0,benign_kpm,0.2090651136765208,0.24624542853905004,HEALTHY,benign,False,0,A2
21.0,mal_A2,0.12618388194149582,0.17222361315658719,HEALTHY,A2,False,0,A2
22.0,benign_ho,0.4935050948295346,0.40601670608164364,HEALTHY,benign,False,0,A2
22.0,benign_sched,0.11139658599583807,0.1724668396684279,HEALTHY,benign,False,0,A2
22.0,benign_kpm,0.19698664973529242,0.23639367277829854,HEALTHY,benign,False,0,A2
22.0,mal_A2,0.3349087336835045,0.20476063726197066,HEALTHY,A2,False,0,A2
23.0,benign_ho,0.40426135365653815,0.40566563559662255,HEALTHY,benign,False,0,A2
23.0,benign_sched,0.23379079459621585,0.1847316306539855,HEALTHY,benign,False,0,A2
23.0,benign_kpm,0.2443541613056401,0.23798577048376685,HEALTHY,benign,False,0,A2
23.0,mal_A2,0.2023201871021289,0.20427254723000232,HEALTHY,A2,False,0,A2
24.0,benign_ho,0.4533172022302891,0.41519594892335593,HEALTHY,benign,False,0,A2
24.0,benign_sched,0.10569239806301196,0.16892378413579082,HEALTHY,benign,False,0,A2
24.0,benign_kpm,0.2391009233641453,0.23820880105984255,HEALTHY,benign,False,0,A2
24.0,mal_A2,0.5080724099680181,0.2650325197776055,HEALTHY,A2,False,0,A2
25.0,benign_ho,0.3276311092058354,0.39768298097985183,HEALTHY,benign,False,0,A2
25.0,benign_sched,0.21117728300249775,0.1773744839091322,HEALTHY,benign,False,0,A2
25.0,benign_kpm,0.1998532883321713,0.2305376985143083,HEALTHY,benign,False,0,A2
25.0,mal_A2,0.3665424063545103,0.28533449709298647,HEALTHY,A2,False,0,A2
26.0,benign_ho,0.30254394706202153,0.3786551741962858,HEALTHY,benign,False,0,A2
26.0,benign_sched,0.19148351009911563,0.1801962891471289,HEALTHY,benign,False,0,A2
26.0,benign_kpm,0.2642551518695688,0.2372811891853604,HEALTHY,benign,False,0,A2
26.0,mal_A2,0.3955798018204955,0.3073835580384883,HEALTHY,A2,False,0,A2
27.0,benign_ho,0.284124272051743,0.3597489937673773,HEALTHY,benign,False,0,A2
27.0,benign_sched,0.25963496584839685,0.1960840244873825,HEALTHY,benign,False,0,A2
27.0,benign_kpm,0.2663770906132012,0.24310036947092858,HEALTHY,benign,False,0,A2
27.0,mal_A2,0.23282141760366554,0.2924711299515238,HEALTHY,A2,False,0,A2
28.0,benign_ho,0.4557909764176632,0.37895739029743447,HEALTHY,benign,False,0,A2
28.0,benign_sched,0.12744143703667324,0.18235550699724068,HEALTHY,benign,False,0,A2
28.0,benign_kpm,0.4585264047499148,0.2861855765267258,HEALTHY,benign,False,0,A2
28.0,mal_A2,0.2855908362639513,0.29109507121400935,HEALTHY,A2,False,0,A2
29.0,benign_ho,0.23637528482179473,0.35044096920230655,HEALTHY,benign,False,0,A2
29.0,benign_sched,0.21636636652868818,0.1891576789035302,HEALTHY,benign,False,0,A2
29.0,benign_kpm,0.20619032849674,0.2701865269207287,HEALTHY,benign,False,0,A2
29.0,mal_A2,0.21012680601953698,0.27490141817511493,HEALTHY,A2,False,0,A2
30.0,benign_ho,0.545365430488885,0.38942586145962227,HEALTHY,benign,False,0,A2
30.0,benign_sched,0.29395706591526394,0.21011755630587695,HEALTHY,benign,False,0,A2
30.0,benign_kpm,0.37979074300525223,0.29210737013763344,HEALTHY,benign,False,0,A2
30.0,mal_A2,0.18949296272815044,0.25781972708572204,HEALTHY,A2,False,0,A2
31.0,benign_ho,0.4282839186112735,0.39719747288995255,HEALTHY,benign,False,0,A2
31.0,benign_sched,0.48323829617822245,0.26474170428034605,HEALTHY,benign,False,0,A2
31.0,benign_kpm,0.2604696762626868,0.2857798313626441,HEALTHY,benign,False,0,A2
31.0,mal_A2,0.24043542441547988,0.2543428665516736,HEALTHY,A2,False,0,A2
32.0,benign_ho,0.4014134056065979,0.39804065943328165,HEALTHY,benign,False,0,A2
32.0,benign_sched,0.33458422050682246,0.27871020752564135,HEALTHY,benign,False,0,A2
32.0,benign_kpm,0.1733758430530611,0.26329903370072755,HEALTHY,benign,False,0,A2
32.0,mal_A2,0.19631434750410137,0.24273716274215917,HEALTHY,A2,False,0,A2
33.0,benign_ho,0.29001884003601314,0.37643629555382796,HEALTHY,benign,False,0,A2
33.0,benign_sched,0.3037502869764576,0.2837182234158046,HEALTHY,benign,False,0,A2
33.0,benign_kpm,0.3745631552576154,0.28555185801210514,HEALTHY,benign,False,0,A2
33.0,mal_A2,0.235270560732941,0.24124384234031554,HEALTHY,A2,False,0,A2
34.0,benign_ho,0.41198771194443357,0.3835465788319491,HEALTHY,benign,False,0,A2
34.0,benign_sched,0.24965747138503597,0.2769060730096509,HEALTHY,benign,False,0,A2
34.0,benign_kpm,0.37209074441511947,0.302859635292708,HEALTHY,benign,False,0,A2
34.0,mal_A2,0.022864041234792853,0.19756788211921103,HEALTHY,A2,False,0,A2
35.0,benign_ho,0.18790343377589305,0.3444179498207379,HEALTHY,benign,False,0,A2
35.0,benign_sched,0.3617786420435778,0.2938805868164363,HEALTHY,benign,False,0,A2
35.0,benign_kpm,0.16907560232870386,0.27610282869990715,HEALTHY,benign,False,0,A2
35.0,mal_A2,0.18004064010795512,0.19406243371695986,HEALTHY,A2,False,0,A2
36.0,benign_ho,0.4238718603380706,0.3603087319242045,HEALTHY,benign,False,0,A2
36.0,benign_sched,0.13132853654212856,0.26137017676157476,HEALTHY,benign,False,0,A2
36.0,benign_kpm,0.2838078750838308,0.2776438379766919,HEALTHY,benign,False,0,A2
36.0,mal_A2,0.1675593552021999,0.18876181801400788,HEALTHY,A2,False,0,A2
37.0,benign_ho,0.321739899327424,0.3525949654048484,HEALTHY,benign,False,0,A2
37.0,benign_sched,0.21594384664996238,0.2522849107392523,HEALTHY,benign,False,0,A2
37.0,benign_kpm,0.3107041279847169,0.2842558959782969,HEALTHY,benign,False,0,A2
37.0,mal_A2,0.1374485597228591,0.17849916635577812,HEALTHY,A2,False,0,A2
38.0,benign_ho,0.2995148279094416,0.3419789379057671,HEALTHY,benign,False,0,A2
38.0,benign_sched,0.23295228557785125,0.2484183857069721,HEALTHY,benign,False,0,A2
38.0,benign_kpm,0.31736415642875493,0.2908775480683885,HEALTHY,benign,False,0,A2
38.0,mal_A2,0.21409423350340476,0.18561817978530346,HEALTHY,A2,False,0,A2
39.0,benign_ho,0.3839715786104757,0.3503774660467089,HEALTHY,benign,False,0,A2
39.0,benign_sched,0.12073624128052808,0.22288195682168332,HEALTHY,benign,False,0,A2
39.0,benign_kpm,0.17834570172768588,0.268371178800248,HEALTHY,benign,False,0,A2
39.0,mal_A2,0.14540762398386217,0.17757606862501518,HEALTHY,A2,False,0,A2
40.0,benign_ho,0.3015494555685773,0.3406118639510826,HEALTHY,benign,False,0,A2
40.0,benign_sched,0.2663216171868189,0.23156988889471045,HEALTHY,benign,False,0,A2
40.0,benign_kpm,0.8413419068605741,0.38296532441231323,HEALTHY,benign,False,0,A2
40.0,mal_A2,0.11362589559978167,0.1647860340199685,HEALTHY,A2,False,0,A2
41.0,benign_ho,0.22074944647015957,0.31663938045489803,HEALTHY,benign,False,0,A2
41.0,benign_sched,0.2577553839523659,0.23680698790624155,HEALTHY,benign,False,0,A2
41.0,benign_kpm,0.38202496284209553,0.3827772520982697,HEALTHY,benign,False,0,A2
41.0,mal_A2,0.2490906400284403,0.18164695522166285,HEALTHY,A2,False,0,A2
42.0,benign_ho,0.6843254154843612,0.39017658746079065,HEALTHY,benign,False,0,A2
42.0,benign_sched,0.28566275829278837,0.24657814198355094,HEALTHY,benign,False,0,A2
42.0,benign_kpm,0.4229498271253309,0.390811767103682,HEALTHY,benign,False,0,A2
42.0,mal_A2,0.15988793190213457,0.17729515055775721,HEALTHY,A2,False,0,A2
43.0,benign_ho,0.49055797026479686,0.41025286402159195,HEALTHY,benign,False,0,A2
43.0,benign_sched,0.5416069725775028,0.3055839081023413,HEALTHY,benign,False,0,A2
43.0,benign_kpm,0.12217613503867603,0.33708464069068084,HEALTHY,benign,False,0,A2
43.0,mal_A2,0.021921956441817415,0.14622051173456926,HEALTHY,A2,False,0,A2
44.0,benign_ho,0.42032775799174377,0.41226784281562234,HEALTHY,benign,False,0,A2
44.0,benign_sched,0.05960409221081547,0.25638794492403616,HEALTHY,benign,False,0,A2
44.0,benign_kpm,0.4782185456350517,0.365311421679555,HEALTHY,benign,False,0,A2
44.0,mal_A2,0.5000348801326587,0.21698338541418716,HEALTHY,A2,False,0,A2
45.0,benign_ho,0.25261688908607594,0.38033765206971304,HEALTHY,benign,False,0,A2
45.0,benign_sched,0.15247068772761943,0.23560449348475282,HEALTHY,benign,False,0,A2
45.0,benign_kpm,0.14928985009262533,0.3221071073621691,HEALTHY,benign,False,0,A2
45.0,mal_A2,0.12805383961936279,0.1991974762552223,HEALTHY,A2,False,0,A2
46.0,benign_ho,0.4799164047555978,0.40025340260689,HEALTHY,benign,False,0,A2
46.0,benign_sched,0.3062586826641445,0.2497353313206312,HEALTHY,benign,False,0,A2
46.0,benign_kpm,0.3389211190820324,0.32546990970614176,HEALTHY,benign,False,0,A2
46.0,mal_A2,0.29297564734551346,0.21795311047328056,HEALTHY,A2,False,0,A2
47.0,benign_ho,0.4724619666406883,0.4146951154136497,HEALTHY,benign,False,0,A2
47.0,benign_sched,0.1787844954026936,0.23554516413704368,HEALTHY,benign,False,0,A2
47.0,benign_kpm,0.7559081675846607,0.41155756128184556,HEALTHY,benign,False,0,A2
47.0,mal_A2,0.2549313250717984,0.22534875339298413,HEALTHY,A2,False,0,A2
48.0,benign_ho,0.351078954138765,0.4019718831586727,HEALTHY,benign,False,0,A2
48.0,benign_sched,0.15603182445641167,0.2196424962009173,HEALTHY,benign,False,0,A2
48.0,benign_kpm,0.20544243193292203,0.3703345354120609,HEALTHY,benign,False,0,A2
48.0,mal_A2,0.2710487735986975,0.23448875743412684,HEALTHY,A2,False,0,A2
49.0,benign_ho,0.4005533863322521,0.4016881837933886,HEALTHY,benign,False,0,A2
49.0,benign_sched,0.09027459241807814,0.1937689154443495,HEALTHY,benign,False,0,A2
49.0,benign_kpm,0.1417685010468881,0.32462132853902637,HEALTHY,benign,False,0,A2
49.0,mal_A2,0.08378121922733056,0.2043472497927676,HEALTHY,A2,False,0,A2
50.0,benign_ho,0.249787656809494,0.3713080783966097,HEALTHY,benign,False,0,A2
50.0,benign_sched,0.20628278960314558,0.19627169027610872,HEALTHY,benign,False,0,A2
50.0,benign_kpm,0.21081058024065735,0.3018591788793526,HEALTHY,benign,False,0,A2
50.0,mal_A2,0.19423723974239945,0.20232524778269398,HEALTHY,A2,False,0,A2
51.0,benign_ho,0.4860052273297437,0.3942475081832365,HEALTHY,benign,False,0,A2
51.0,benign_sched,0.15581176312249098,0.18817970484538518,HEALTHY,benign,False,0,A2
51.0,benign_kpm,0.20634022498719964,0.282755388100922,HEALTHY,benign,False,0,A2
51.0,mal_A2,0.23205680845707474,0.20827155991757013,HEALTHY,A2,False,0,A2
52.0,benign_ho,0.3783848152093418,0.3910749695884576,HEALTHY,benign,False,0,A2
52.0,benign_sched,0.1757377918630341,0.185691322248915,HEALTHY,benign,False,0,A2
52.0,benign_kpm,0.24198356078349603,0.2746010226374368,HEALTHY,benign,False,0,A2
52.0,mal_A2,0.22785477755922837,0.21218820344590178,HEALTHY,A2,False,0,A2
53.0,benign_ho,0.5264333594519551,0.41814664756115716,HEALTHY,benign,False,0,A2
53.0,benign_sched,0.4773402643084477,0.24402111066082155,HEALTHY,benign,False,0,A2
53.0,benign_kpm,0.1984441467946656,0.2593696474688826,HEALTHY,benign,False,0,A2
53.0,mal_A2,0.2640880366336539,0.2225681700834522,HEALTHY,A2,False,0,A2
54.0,benign_ho,0.528771090666017,0.44027153618212916,HEALTHY,benign,False,0,A2
54.0,benign_sched,0.15212760384446983,0.22564240929755122,HEALTHY,benign,False,0,A2
54.0,benign_kpm,0.31991045351767616,0.2714778086786413,HEALTHY,benign,False,0,A2
54.0,mal_A2,0.23751072611610846,0.22555668128998346,HEALTHY,A2,False,0,A2
55.0,benign_ho,0.5197224255955161,0.45616171406480654,HEALTHY,benign,False,0,A2
55.0,benign_sched,0.07646709612956432,0.19580734666395386,HEALTHY,benign,False,0,A2
55.0,benign_kpm,0.5423261769386438,0.32564748233064184,HEALTHY,benign,False,0,A2
55.0,mal_A2,0.1608476073645793,0.21261486650490263,HEALTHY,A2,False,0,A2
56.0,benign_ho,0.45627548118105626,0.4561844674880565,HEALTHY,benign,False,0,A2
56.0,benign_sched,0.24589408693264436,0.20582469471769196,HEALTHY,benign,False,0,A2
56.0,benign_kpm,0.38726403117919006,0.33797079210035147,HEALTHY,benign,False,0,A2
56.0,mal_A2,0.2020400373497994,0.210499900673882,HEALTHY,A2,False,0,A2
57.0,benign_ho,0.27333457212497786,0.4196144884154408,HEALTHY,benign,False,0,A2
57.0,benign_sched,0.27377363164274265,0.21941448210270212,HEALTHY,benign,False,0,A2
57.0,benign_kpm,0.3722667608922907,0.34482998585873936,HEALTHY,benign,False,0,A2
57.0,mal_A2,0.19798821738863914,0.20799756401683345,HEALTHY,A2,False,0,A2
58.0,benign_ho,0.4108570950340372,0.41786300973916013,HEALTHY,benign,False,0,A2
58.0,benign_sched,0.4554544196068119,0.2666224696035241,HEALTHY,benign,False,0,A2
58.0,benign_kpm,0.31147005784701015,0.33815800025639353,HEALTHY,benign,False,0,A2
58.0,mal_A2,0.621792809614652,0.29075661313639717,HEALTHY,A2,False,0,A2
59.0,benign_ho,0.4945662069367774,0.4332036491786836,HEALTHY,benign,False,0,A2
59.0,benign_sched,0.3720810792339026,0.2877141915295998,HEALTHY,benign,False,0,A2
59.0,benign_kpm,0.27104821408243557,0.3247360430216019,HEALTHY,benign,False,0,A2
59.0,mal_A2,0.5025834344229666,0.3331219773937111,HEALTHY,A2,False,0,A2
60.0,benign_ho,0.39020849129004415,0.42460461760095575,HEALTHY,benign,False,0,A2
60.0,benign_sched,0.05994197849494281,0.24215974892266845,HEALTHY,benign,False,0,A2
60.0,benign_kpm,0.6484492132811988,0.38947867707352135,HEALTHY,benign,False,0,A2
60.0,mal_A2,0.21092227938038144,0.30868203779104514,HEALTHY,A2,False,0,A2
61.0,benign_ho,0.3397619311506584,0.40763608031089626,HEALTHY,benign,False,0,A2
61.0,benign_sched,0.24674165686794677,0.2430761305117241,HEALTHY,benign,False,0,A2
61.0,benign_kpm,0.345837770161493,0.38075049569111574,HEALTHY,benign,False,0,A2
61.0,mal_A2,0.1274997891125926,0.2724455880553546,HEALTHY,A2,False,0,A2
62.0,benign_ho,0.43841429355248507,0.41379172295921407,HEALTHY,benign,False,0,A2
62.0,benign_sched,0.12283259291489113,0.21902742299235753,HEALTHY,benign,False,0,A2
62.0,benign_kpm,0.28765241121780893,0.3621308787964544,HEALTHY,benign,False,0,A2
62.0,mal_A2,0.268970877856977,0.2717506460156791,HEALTHY,A2,False,0,A2
63.0,benign_ho,0.38790749068539315,0.40861487650444994,HEALTHY,benign,False,0,A2
63.0,benign_sched,0.2746504606431006,0.23015203052250616,HEALTHY,benign,False,0,A2
63.0,benign_kpm,0.3981213040319301,0.3693289638435495,HEALTHY,benign,False,0,A2
63.0,mal_A2,0.27451044210411873,0.272302605233367,HEALTHY,A2,False,0,A2
64.0,benign_ho,0.6138973753860272,0.4496713762807654,HEALTHY,benign,False,0,A2
64.0,benign_sched,0.20212677479911206,0.22454697937782736,HEALTHY,benign,False,0,A2
64.0,benign_kpm,0.42813941742380285,0.3810910545596002,HEALTHY,benign,False,0,A2
64.0,mal_A2,0.20957926214728229,0.2597579366161501,HEALTHY,A2,False,0,A2
65.0,benign_ho,0.4215734242872014,0.44405178588205263,HEALTHY,benign,False,0,A2
65.0,benign_sched,0.28691251319171884,0.23702008614060566,HEALTHY,benign,False,0,A2
65.0,benign_kpm,0.44229774962471236,0.3933323935726227,HEALTHY,benign,False,0,A2
65.0,mal_A2,0.34695982878523274,0.2771983150499666,HEALTHY,A2,False,0,A2
66.0,benign_ho,0.3613570278758222,0.42751283428080655,HEALTHY,benign,False,0,A2
66.0,benign_sched,0.41479990336306244,0.272576049585097,HEALTHY,benign,False,0,A2
66.0,benign_kpm,0.23997047556597725,0.3626600099712936,HEALTHY,benign,False,0,A2
66.0,mal_A2,0.0015132159168684146,0.222061295223347,HEALTHY,A2,False,0,A2
67.0,benign_ho,0.38635939602036995,0.4192821466287192,HEALTHY,benign,False,0,A2
67.0,benign_sched,0.3730461510265623,0.29267006987339006,HEALTHY,benign,False,0,A2
67.0,benign_kpm,0.3231280368995246,0.35475361535693983,HEALTHY,benign,False,0,A2
67.0,mal_A2,0.06858358917391592,0.1913657540134608,HEALTHY,A2,False,0,A2
68.0,benign_ho,0.2939608896341615,0.39421789522980766,HEALTHY,benign,False,0,A2
68.0,benign_sched,0.382094212932173,0.31055489848514667,HEALTHY,benign,False,0,A2
68.0,benign_kpm,0.8859262674297465,0.46098814577150116,HEALTHY,benign,False,0,A2
68.0,mal_A2,0.2683128441351462,0.2067551720377979,HEALTHY,A2,False,0,A2
69.0,benign_ho,0.44416116151878215,0.40420654848760257,HEALTHY,benign,False,0,A2
69.0,benign_sched,0.35773223568687634,0.3199903659254926,HEALTHY,benign,False,0,A2
69.0,benign_kpm,0.538820109368502,0.47655453849090135,HEALTHY,benign,False,0,A2
69.0,mal_A2,0.40579773007419245,0.2465636836450768,HEALTHY,A2,False,0,A2
70.0,benign_ho,0.36378775649231126,0.39612279008854434,HEALTHY,benign,False,0,A2
70.0,benign_sched,0.2945568420794772,0.31490366115628954,HEALTHY,benign,False,0,A2
70.0,benign_kpm,0.33331776517667727,0.44790718382805655,HEALTHY,benign,False,0,A2
70.0,mal_A2,0.2442954451805002,0.2461100359521615,HEALTHY,A2,False,0,A2
71.0,benign_ho,0.23515649167705818,0.36392953040624715,HEALTHY,benign,False,0,A2
71.0,benign_sched,0.22379106048846054,0.29668114102272375,HEALTHY,benign,False,0,A2
71.0,benign_kpm,0.28318612663621995,0.41496297238968927,HEALTHY,benign,False,0,A2
71.0,mal_A2,0.11624767925160817,0.22013756461205083,HEALTHY,A2,False,0,A2
72.0,benign_ho,0.4553997777921598,0.3822235798834297,HEALTHY,benign,False,0,A2
72.0,benign_sched,0.3334340593544953,0.3040317246890781,HEALTHY,benign,False,0,A2
72.0,benign_kpm,0.2993086603313782,0.3918321099780271,HEALTHY,benign,False,0,A2
72.0,mal_A2,0.2032302428624196,0.2167561002621246,HEALTHY,A2,False,0,A2
73.0,benign_ho,0.6979956977886423,0.4453780034644723,HEALTHY,benign,False,0,A2
73.0,benign_sched,0.2798846215309198,0.2992023040574464,HEALTHY,benign,False,0,A2
73.0,benign_kpm,0.5399328810820011,0.4214522641988219,HEALTHY,benign,False,0,A2
73.0,mal_A2,0.44083340028367585,0.26157156026643485,HEALTHY,A2,False,0,A2
74.0,benign_ho,0.3803431757534237,0.4323710379222626,HEALTHY,benign,False,0,A2
74.0,benign_sched,0.22067611294041564,0.2834970658340403,HEALTHY,benign,False,0,A2
74.0,benign_kpm,0.5633824287903142,0.44983829711712037,HEALTHY,benign,False,0,A2
74.0,mal_A2,0.400069499608004,0.2892711481347487,HEALTHY,A2,False,0,A2
75.0,benign_ho,0.40516421505363415,0.42692967334853693,HEALTHY,benign,False,0,A2
75.0,benign_sched,0.2649849345314811,0.27979463957352846,HEALTHY,benign,False,0,A2
75.0,benign_kpm,0.5321701588093245,0.4663046694555612,HEALTHY,benign,False,0,A2
75.0,mal_A2,0.2893396083515147,0.2892848401781019,HEALTHY,A2,False,0,A2
76.0,benign_ho,0.4198853109694218,0.42552080087271393,HEALTHY,benign,False,0,A2
76.0,benign_sched,0.27694129078613633,0.27922396981605,HEALTHY,benign,False,0,A2
76.0,benign_kpm,0.20539513533201842,0.4141227626308527,HEALTHY,benign,False,0,A2
76.0,mal_A2,0.33457926105568575,0.29834372435361867,HEALTHY,A2,False,0,A2
77.0,benign_ho,0.3274822554183791,0.405913091781847,HEALTHY,benign,False,0,A2
77.0,benign_sched,0.19516005724063595,0.26241118730096724,HEALTHY,benign,False,0,A2
77.0,benign_kpm,0.4405931816706946,0.4194168464388211,HEALTHY,benign,False,0,A2
77.0,mal_A2,0.41836197544729675,0.3223473745723543,HEALTHY,A2,False,0,A2
78.0,benign_ho,0.3346562941881249,0.39166173226310264,HEALTHY,benign,False,0,A2
78.0,benign_sched,0.2015299168175021,0.25023493320427426,HEALTHY,benign,False,0,A2
78.0,benign_kpm,0.1579406766781381,0.3671216124866845,HEALTHY,benign,False,0,A2
78.0,mal_A2,0.11534588117201663,0.28094707589228674,HEALTHY,A2,False,0,A2
79.0,benign_ho,0.3471105871151982,0.3827515032335218,HEALTHY,benign,False,0,A2
79.0,benign_sched,0.26622107265715017,0.25343216109484945,HEALTHY,benign,False,0,A2
79.0,benign_kpm,0.20484273321647112,0.3346658366326419,HEALTHY,benign,False,0,A2
79.0,mal_A2,0.2222487432502693,0.26920740936388327,HEALTHY,A2,False,0,A2
80.0,benign_ho,0.3075440272817047,0.36771000804315845,HEALTHY,benign,False,0,A2
80.0,benign_sched,0.01734202282258849,0.20621413344039727,HEALTHY,benign,False,0,A2
80.0,benign_kpm,0.20078126416183872,0.30788892213848124,HEALTHY,benign,False,0,A2
80.0,mal_A2,0.057027993845534974,0.2267715262602136,HEALTHY,A2,False,0,A2
81.0,benign_ho,0.39642727517161974,0.3734534614688507,HEALTHY,benign,False,0,A2
81.0,benign_sched,0.050786862890562806,0.1751286793304304,HEALTHY,benign,False,0,A2
81.0,benign_kpm,0.4058427462779543,0.32747968696637586,HEALTHY,benign,False,0,A2
81.0,mal_A2,0.1188784640178053,0.20519291381173196,HEALTHY,A2,False,0,A2
82.0,benign_ho,0.3021972115923616,0.3592022114935529,HEALTHY,benign,False,0,A2
82.0,benign_sched,0.16284598003052964,0.17267213947045024,HEALTHY,benign,False,0,A2
82.0,benign_kpm,0.14063623647678758,0.29011099686845826,HEALTHY,benign,False,0,A2
82.0,mal_A2,0.23728941352024718,0.21161221375343503,HEALTHY,A2,False,0,A2
83.0,benign_ho,0.5219916258132842,0.3917600943574992,HEALTHY,benign,False,0,A2
83.0,benign_sched,0.1677563587750308,0.17168898333136637,HEALTHY,benign,False,0,A2
83.0,benign_kpm,0.27849132475208777,0.2877870624451842,HEALTHY,benign,False,0,A2
83.0,mal_A2,0.25281664011138527,0.2198530990250251,HEALTHY,A2,False,0,A2
84.0,benign_ho,0.3895789365578899,0.39132386279757736,HEALTHY,benign,False,0,A2
84.0,benign_sched,0.2686420307615689,0.19107959281740688,HEALTHY,benign,False,0,A2
84.0,benign_kpm,0.22829671560586584,0.2758889930773205,HEALTHY,benign,False,0,A2
84.0,mal_A2,0.4294254155275468,0.26176756232552945,HEALTHY,A2,False,0,A2
85.0,benign_ho,0.47729184614364556,0.408517459466791,HEALTHY,benign,False,0,A2
85.0,benign_sched,0.172575817456651,0.1873788377452557,HEALTHY,benign,False,0,A2
85.0,benign_kpm,0.49022746073560236,0.3187566866089769,HEALTHY,benign,False,0,A2
85.0,mal_A2,0.525072597669088,0.31442856939424113,HEALTHY,A2,False,0,A2
86.0,benign_ho,0.37504676234406825,0.4018233200422465,HEALTHY,benign,False,0,A2
86.0,benign_sched,0.1640484856332046,0.1827127673228455,HEALTHY,benign,False,0,A2
86.0,benign_kpm,0.47570950859412037,0.3501472510060056,HEALTHY,benign,False,0,A2
86.0,mal_A2,0.2531705270973423,0.30217696093486135,HEALTHY,A2,False,0,A2
87.0,benign_ho,0.2443519382673376,0.37032904368726477,HEALTHY,benign,False,0,A2
87.0,benign_sched,0.20615064245442996,0.18740034234916242,HEALTHY,benign,False,0,A2
87.0,benign_kpm,0.21562951941186628,0.3232437046871777,HEALTHY,benign,False,0,A2
87.0,mal_A2,0.20555290083200564,0.2828521489142902,HEALTHY,A2,False,0,A2
88.0,benign_ho,0.2596835933342788,0.3481999536166676,HEALTHY,benign,False,0,A2
88.0,benign_sched,0.2116228744542417,0.19224484877017828,HEALTHY,benign,False,0,A2
88.0,benign_kpm,0.3123053388795966,0.3210560315256615,HEALTHY,benign,False,0,A2
88.0,mal_A2,0.39912603585257916,0.306106926301948,HEALTHY,A2,False,0,A2
89.0,benign_ho,0.23998478191844064,0.32655691927702224,HEALTHY,benign,False,0,A2
89.0,benign_sched,0.22051443942526044,0.19789876690119473,HEALTHY,benign,False,0,A2
89.0,benign_kpm,0.24469542392966545,0.3057839100064623,HEALTHY,benign,False,0,A2
89.0,mal_A2,0.38133008629303483,0.3211515583001654,HEALTHY,A2,False,0,A2
90.0,benign_ho,0.28535627342611963,0.3183167901068418,HEALTHY,benign,False,0,A2
90.0,benign_sched,0.14432777828743476,0.18718456917844273,HEALTHY,benign,False,0,A2
90.0,benign_kpm,0.23639188285985477,0.2919055045771408,HEALTHY,benign,False,0,A2
90.0,mal_A2,0.3287236113504237,0.3226659689102171,HEALTHY,A2,False,0,A2
91.0,benign_ho,0.42328553302247424,0.3393105386899683,HEALTHY,benign,False,0,A2
91.0,benign_sched,0.20334533846210898,0.19041672303517598,HEALTHY,benign,False,0,A2
91.0,benign_kpm,0.26572296864984973,0.2866689973916826,HEALTHY,benign,False,0,A2
91.0,mal_A2,0.3183991720393225,0.3218126095360382,HEALTHY,A2,False,0,A2
92.0,benign_ho,0.45100348430283976,0.3616491278125426,HEALTHY,benign,False,0,A2
92.0,benign_sched,0.10876243947599594,0.17408586632333997,HEALTHY,benign,False,0,A2
92.0,benign_kpm,0.5737999769611549,0.3440951933055771,HEALTHY,benign,False,0,A2
92.0,mal_A2,0.20320595567301875,0.2980912787634343,HEALTHY,A2,False,0,A2
93.0,benign_ho,0.9704797864683223,0.48341525954369857,WATCH,benign,False,0,A2
93.0,benign_sched,0.22626430847602805,0.1845215547538776,HEALTHY,benign,False,0,A2
93.0,benign_kpm,0.28296403793993424,0.33186896223244855,HEALTHY,benign,False,0,A2
93.0,mal_A2,0.32974989928615295,0.304423002867978,HEALTHY,A2,False,0,A2
94.0,benign_ho,0.3493577969584403,0.45660376702664696,HEALTHY,benign,False,0,A2
94.0,benign_sched,0.32072501453347735,0.21176224670979757,HEALTHY,benign,False,0,A2
94.0,benign_kpm,0.22563699328058337,0.3106225684420755,HEALTHY,benign,False,0,A2
94.0,mal_A2,0.4615365127786397,0.33584570485011034,HEALTHY,A2,False,0,A2
95.0,benign_ho,0.979374761767432,0.561157965974804,THROTTLE,benign,False,0,A2
95.0,benign_sched,0.1624499819945389,0.20189979376674586,HEALTHY,benign,False,0,A2
95.0,benign_kpm,0.21425120951064666,0.2913482966557897,HEALTHY,benign,False,0,A2
95.0,mal_A2,0.16074468260828564,0.3008255004017454,HEALTHY,A2,False,0,A2
96.0,benign_ho,0.24194899860646987,0.49731617250113724,WATCH,benign,False,0,A2
96.0,benign_sched,0.3542004260748627,0.23235992022836924,HEALTHY,benign,False,0,A2
96.0,benign_kpm,0.5017838065124799,0.3334353986271278,HEALTHY,benign,False,0,A2
96.0,mal_A2,0.043348847420236876,0.2493301698054437,HEALTHY,A2,False,0,A2
97.0,benign_ho,0.5349923446022519,0.5048514069213602,WATCH,benign,False,0,A2
97.0,benign_sched,0.10788054156258596,0.20746404449521258,HEALTHY,benign,False,0,A2
97.0,benign_kpm,0.23356359612861582,0.31346103812742543,HEALTHY,benign,False,0,A2
97.0,mal_A2,0.34024849259699974,0.2675138343637549,HEALTHY,A2,False,0,A2
98.0,benign_ho,0.35335130024470046,0.47455138558602833,HEALTHY,benign,False,0,A2
98.0,benign_sched,0.14685214214897938,0.19534166402596595,HEALTHY,benign,False,0,A2
98.0,benign_kpm,0.33860993516284144,0.3184908175345087,HEALTHY,benign,False,0,A2
98.0,mal_A2,0.32077020686965946,0.27816510886493584,HEALTHY,A2,False,0,A2
99.0,benign_ho,0.4379414953420775,0.4672294075372382,HEALTHY,benign,False,0,A2
99.0,benign_sched,0.22083990430845166,0.2004413120824631,HEALTHY,benign,False,0,A2
99.0,benign_kpm,0.1782124366478551,0.290435141357178,HEALTHY,benign,False,0,A2
99.0,mal_A2,0.12802025361620106,0.2481361378151889,HEALTHY,A2,False,0,A2
100.0,benign_ho,0.41219684707744564,0.4562228954452797,HEALTHY,benign,False,0,A2
100.0,benign_sched,0.2531917204087546,0.2109913937477214,HEALTHY,benign,False,0,A2
100.0,benign_kpm,0.14684127293979743,0.26171636767370193,HEALTHY,benign,False,0,A2
100.0,mal_A2,0.059314993003204336,0.21037190885279197,HEALTHY,A2,False,0,A2
101.0,benign_ho,0.26357708928275236,0.4176937342127743,HEALTHY,benign,False,0,A2
101.0,benign_sched,0.486995716980346,0.2661922583942463,HEALTHY,benign,False,0,A2
101.0,benign_kpm,0.39089265493446795,0.28755162512585514,HEALTHY,benign,False,0,A2
101.0,mal_A2,0.14302255364822833,0.19690203781187926,HEALTHY,A2,False,0,A2
102.0,benign_ho,0.6435364544590446,0.46286227826202836,HEALTHY,benign,False,0,A2
102.0,benign_sched,0.276474999699082,0.26824880665521345,HEALTHY,benign,False,0,A2
102.0,benign_kpm,0.3102022596743573,0.2920817520355556,HEALTHY,benign,False,0,A2
102.0,mal_A2,0.24626964617611571,0.20677555948472656,HEALTHY,A2,False,0,A2
103.0,benign_ho,0.37949525197310646,0.44618887300424404,HEALTHY,benign,False,0,A2
103.0,benign_sched,0.058388263565952406,0.22627669803736125,HEALTHY,benign,False,0,A2
103.0,benign_kpm,0.7271670426382086,0.3790988101560862,HEALTHY,benign,False,0,A2
103.0,mal_A2,0.3067496145249494,0.22677037049277116,HEALTHY,A2,False,0,A2
104.0,benign_ho,0.465904430288475,0.45013198446109026,HEALTHY,benign,False,0,A2
104.0,benign_sched,0.09456302184841296,0.1999339627995716,HEALTHY,benign,False,0,A2
104.0,benign_kpm,0.4109510385522334,0.38546925583531566,HEALTHY,benign,False,0,A2
104.0,mal_A2,0.3012587615219083,0.2416680486985986,HEALTHY,A2,False,0,A2
105.0,benign_ho,0.461479650219859,0.45240151761284403,HEALTHY,benign,False,0,A2
105.0,benign_sched,0.17675629478124055,0.1952984291959054,HEALTHY,benign,False,0,A2
105.0,benign_kpm,0.2319415097499826,0.3547637066182491,HEALTHY,benign,False,0,A2
105.0,mal_A2,0.13464715663864937,0.22026387028660876,HEALTHY,A2,False,0,A2
106.0,benign_ho,0.46895648449229177,0.45571251098873355,HEALTHY,benign,False,0,A2
106.0,benign_sched,0.2803445038668032,0.21230764413008496,HEALTHY,benign,False,0,A2
106.0,benign_kpm,0.35332250177626695,0.35447546564985266,HEALTHY,benign,False,0,A2
106.0,mal_A2,0.23969380836770998,0.22414985790282901,HEALTHY,A2,False,0,A2
107.0,benign_ho,0.26766696423456354,0.4181034016378996,HEALTHY,benign,False,0,A2
107.0,benign_sched,0.08710803124601482,0.18726772155327095,HEALTHY,benign,False,0,A2
107.0,benign_kpm,0.34715482766082106,0.3530113380520464,HEALTHY,benign,False,0,A2
107.0,mal_A2,0.25188940147087113,0.22969776661643745,HEALTHY,A2,False,0,A2
108.0,benign_ho,0.5909137329465194,0.4526654678996236,HEALTHY,benign,False,0,A2
108.0,benign_sched,0.20668027829793528,0.19115023290220384,HEALTHY,benign,False,0,A2
108.0,benign_kpm,0.21179373844832722,0.32476781813130257,HEALTHY,benign,False,0,A2
108.0,mal_A2,0.19926259570281288,0.22361073243371254,HEALTHY,A2,False,0,A2
109.0,benign_ho,0.5985924639737612,0.48185086711445113,WATCH,benign,False,0,A2
109.0,benign_sched,0.36894972787212144,0.22671013189618738,HEALTHY,benign,False,0,A2
109.0,benign_kpm,0.19380935761397175,0.29857612602783645,HEALTHY,benign,False,0,A2
109.0,mal_A2,0.2326509700344326,0.22541877995385656,HEALTHY,A2,False,0,A2
110.0,benign_ho,0.37110803092998546,0.459702299877558,HEALTHY,benign,False,0,A2
110.0,benign_sched,0.32334158947142017,0.24603642341123397,HEALTHY,benign,False,0,A2
110.0,benign_kpm,0.46551675532922565,0.3319642518881143,HEALTHY,benign,False,0,A2
110.0,mal_A2,0.3183038242549603,0.24399578881407732,HEALTHY,A2,False,0,A2
111.0,benign_ho,0.17384170585213057,0.4025301810724725,HEALTHY,benign,False,0,A2
111.0,benign_sched,0.15592185787483645,0.22801351030395448,HEALTHY,benign,False,0,A2
111.0,benign_kpm,0.5031580424028297,0.3662030099910574,HEALTHY,benign,False,0,A2
111.0,mal_A2,0.2548401874187461,0.2461646685350111,HEALTHY,A2,False,0,A2
112.0,benign_ho,0.5331513502688271,0.42865441491174344,HEALTHY,benign,False,0,A2
112.0,benign_sched,0.3728122701507073,0.256973262273305,HEALTHY,benign,False,0,A2
112.0,benign_kpm,0.21940387857624385,0.33684318370809474,HEALTHY,benign,False,0,A2
112.0,mal_A2,0.40681561430202196,0.2782948576884133,HEALTHY,A2,False,0,A2
113.0,benign_ho,0.43851002202598055,0.4306255363345909,HEALTHY,benign,False,0,A2
113.0,benign_sched,0.34475622972444386,0.27452985576353284,HEALTHY,benign,False,0,A2
113.0,benign_kpm,0.2660074539946369,0.3226760377654032,HEALTHY,benign,False,0,A2
113.0,mal_A2,0.19545796617148753,0.26172747938502816,HEALTHY,A2,False,0,A2
114.0,benign_ho,0.45827405177458863,0.4361552394225905,HEALTHY,benign,False,0,A2
114.0,benign_sched,0.3342619551559345,0.28647627564201317,HEALTHY,benign,False,0,A2
114.0,benign_kpm,0.21287731137770396,0.30071629248786336,HEALTHY,benign,False,0,A2
114.0,mal_A2,0.23023432967019994,0.2554288494420625,HEALTHY,A2,False,0,A2
115.0,benign_ho,0.4012262528229258,0.42916944210265756,HEALTHY,benign,False,0,A2
115.0,benign_sched,0.15987336535444135,0.2611556935844988,HEALTHY,benign,False,0,A2
115.0,benign_kpm,0.599990646537936,0.3605711632978779,HEALTHY,benign,False,0,A2
115.0,mal_A2,0.23259573870101655,0.2508622272938533,HEALTHY,A2,False,0,A2
116.0,benign_ho,0.35383762617856673,0.41410307891783943,HEALTHY,benign,False,0,A2
116.0,benign_sched,0.2036567213668477,0.2496558991409686,HEALTHY,benign,False,0,A2
116.0,benign_kpm,0.24542684840735282,0.33754230031977295,HEALTHY,benign,False,0,A2
116.0,mal_A2,0.2413275475080914,0.24895529133670097,HEALTHY,A2,False,0,A2
117.0,benign_ho,0.5337936595568772,0.438041195045647,HEALTHY,benign,False,0,A2
117.0,benign_sched,0.3216110259271875,0.26404692449821243,HEALTHY,benign,False,0,A2
117.0,benign_kpm,0.5145558940217282,0.37294501906016403,HEALTHY,benign,False,0,A2
117.0,mal_A2,0.14014298639270842,0.22719283034790247,HEALTHY,A2,False,0,A2
118.0,benign_ho,0.2622869197418929,0.40289033998489615,HEALTHY,benign,False,0,A2
118.0,benign_sched,0.220579568577109,0.25535345331399173,HEALTHY,benign,False,0,A2
118.0,benign_kpm,0.7410357652601105,0.4465631683001533,HEALTHY,benign,False,0,A2
118.0,mal_A2,0.7525085637748994,0.3322559770333019,HEALTHY,A2,False,0,A2
119.0,benign_ho,0.511064851676534,0.42452524232322375,HEALTHY,benign,False,0,A2
119.0,benign_sched,0.19887610917748963,0.2440579844866913,HEALTHY,benign,False,0,A2
119.0,benign_kpm,0.42135254394604416,0.4415210434293315,HEALTHY,benign,False,0,A2
119.0,mal_A2,0.42100263674799787,0.3500053089762411,HEALTHY,A2,False,0,A2
120.0,benign_ho,0.32911619080079396,0.4054434320187378,HEALTHY,benign,False,0,A2
120.0,benign_sched,0.26202875523998154,0.24765213863734936,HEALTHY,benign,False,0,A2
120.0,benign_kpm,0.26569332826272235,0.4063555003960097,HEALTHY,benign,False,0,A2
120.0,mal_A2,0.32207146672624615,0.3444185405262421,HEALTHY,A2,False,0,A2
121.0,benign_ho,0.3571364935050053,0.3957820443159913,HEALTHY,benign,False,0,A2
121.0,benign_sched,0.43446906995035095,0.2850155248999497,HEALTHY,benign,False,0,A2
121.0,benign_kpm,0.3471181467460914,0.3945080296660261,HEALTHY,benign,False,0,A2
121.0,mal_A2,0.228160442854172,0.3211669209918281,HEALTHY,A2,False,0,A2
122.0,benign_ho,0.29714813455627315,0.3760552623640477,HEALTHY,benign,False,0,A2
122.0,benign_sched,0.22497179957660257,0.27300677983528027,HEALTHY,benign,False,0,A2
122.0,benign_kpm,0.21692177915924457,0.3589907795646698,HEALTHY,benign,False,0,A2
122.0,mal_A2,0.06567142148141517,0.27006782108974553,HEALTHY,A2,False,0,A2
123.0,benign_ho,0.42362515245535426,0.385569240382309,HEALTHY,benign,False,0,A2
123.0,benign_sched,0.19136643356797461,0.2566787105818191,HEALTHY,benign,False,0,A2
123.0,benign_kpm,0.7938592967744214,0.44596448300662017,HEALTHY,benign,False,0,A2
123.0,mal_A2,0.12655824546574743,0.24136590596494592,HEALTHY,A2,False,0,A2
124.0,benign_ho,0.3281078255081816,0.3740769574074836,HEALTHY,benign,False,0,A2
124.0,benign_sched,0.21781096282410248,0.2489051610302758,HEALTHY,benign,False,0,A2
124.0,benign_kpm,0.2698081555546214,0.41073321751622044,HEALTHY,benign,False,0,A2
124.0,mal_A2,0.24719237900292057,0.24253120057254085,HEALTHY,A2,False,0,A2
125.0,benign_ho,0.31263115352157944,0.3617877966303028,HEALTHY,benign,False,0,A2
125.0,benign_sched,0.1640697958294337,0.2319380879901074,HEALTHY,benign,False,0,A2
125.0,benign_kpm,0.6963314355895357,0.46785286113088353,HEALTHY,benign,False,0,A2
125.0,mal_A2,0.16771189641043638,0.22756733974011997,HEALTHY,A2,False,0,A2
126.0,benign_ho,0.5193333306381521,0.39329690343187274,HEALTHY,benign,False,0,A2
126.0,benign_sched,0.24470668015571115,0.23449180642322817,HEALTHY,benign,False,0,A2
126.0,benign_kpm,0.28587549419523944,0.43145738774375475,HEALTHY,benign,False,0,A2
126.0,mal_A2,0.5145367402921389,0.28496121985052375,HEALTHY,A2,False,0,A2
127.0,benign_ho,0.44986120682101055,0.40460976410970034,HEALTHY,benign,False,0,A2
127.0,benign_sched,0.26238306920236676,0.24007005897905592,HEALTHY,benign,False,0,A2
127.0,benign_kpm,0.47322888022712156,0.4398116862404281,HEALTHY,benign,False,0,A2
127.0,mal_A2,0.1462075177796543,0.2572104794363499,HEALTHY,A2,False,0,A2
128.0,benign_ho,0.4502957830715379,0.4137469679020679,HEALTHY,benign,False,0,A2
128.0,benign_sched,0.32704943457603036,0.25746593409845087,HEALTHY,benign,False,0,A2
128.0,benign_kpm,0.350537086699038,0.42195676633215007,HEALTHY,benign,False,0,A2
128.0,mal_A2,0.06113652397326391,0.2179956883437327,HEALTHY,A2,False,0,A2
129.0,benign_ho,0.40234239168559705,0.41146605265877373,HEALTHY,benign,False,0,A2
129.0,benign_sched,0.04897697756309192,0.21576814279137907,HEALTHY,benign,False,0,A2
129.0,benign_kpm,0.25234459106165563,0.3880343312780512,HEALTHY,benign,False,0,A2
129.0,mal_A2,0.21170743584643953,0.21673803784427406,HEALTHY,A2,False,0,A2
130.0,benign_ho,0.20199278040953375,0.36957139820892576,HEALTHY,benign,False,0,A2
130.0,benign_sched,0.03444388046828449,0.17950329032676016,HEALTHY,benign,False,0,A2
130.0,benign_kpm,0.3511551855394763,0.38065850213033625,HEALTHY,benign,False,0,A2
130.0,mal_A2,0.2883026371893737,0.231050957713294,HEALTHY,A2,False,0,A2
131.0,benign_ho,0.2848070081329513,0.35261852019373086,HEALTHY,benign,False,0,A2
131.0,benign_sched,0.12977431506740844,0.1695574952748898,HEALTHY,benign,False,0,A2
131.0,benign_kpm,0.4651827885416983,0.39756335941260873,HEALTHY,benign,False,0,A2
131.0,mal_A2,0.3816132867519148,0.2611634235210182,HEALTHY,A2,False,0,A2
132.0,benign_ho,0.3205159319043109,0.34619800253584687,HEALTHY,benign,False,0,A2
132.0,benign_sched,0.31710594643656803,0.19906718550722546,HEALTHY,benign,False,0,A2
132.0,benign_kpm,0.36180196765307804,0.39041108106070266,HEALTHY,benign,False,0,A2
132.0,mal_A2,0.3151739035899563,0.27196551953480586,HEALTHY,A2,False,0,A2
133.0,benign_ho,0.4205293753300077,0.36106427709467903,HEALTHY,benign,False,0,A2
133.0,benign_sched,0.41796829141389535,0.24284740668855948,HEALTHY,benign,False,0,A2
133.0,benign_kpm,0.12688071310946167,0.3377050074704545,HEALTHY,benign,False,0,A2
133.0,mal_A2,0.2718657277666058,0.27194556118116586,HEALTHY,A2,False,0,A2
134.0,benign_ho,0.2235649245961515,0.33356440659497355,HEALTHY,benign,False,0,A2
134.0,benign_sched,0.18845724746380393,0.23196937484360838,HEALTHY,benign,False,0,A2
134.0,benign_kpm,0.1596795375794353,0.3020999134922507,HEALTHY,benign,False,0,A2
134.0,mal_A2,0.7425651029943873,0.36606946954381014,HEALTHY,A2,False,0,A2
135.0,benign_ho,0.7512973400981734,0.4171109932956135,HEALTHY,benign,False,0,A2
135.0,benign_sched,0.3120793463872626,0.24799136915233924,HEALTHY,benign,False,0,A2
135.0,benign_kpm,0.4417091995015822,0.33002177069411703,HEALTHY,benign,False,0,A2
135.0,mal_A2,0.2878752817871572,0.35043063199247954,HEALTHY,A2,False,0,A2
136.0,benign_ho,0.3980037604999879,0.41328954673648843,HEALTHY,benign,False,0,A2
136.0,benign_sched,0.12796210334575073,0.22398551599102157,HEALTHY,benign,False,0,A2
136.0,benign_kpm,0.294165163892847,0.3228504493338631,HEALTHY,benign,False,0,A2
136.0,mal_A2,0.27210797585706237,0.33476610076539615,HEALTHY,A2,False,0,A2
137.0,benign_ho,0.2729720287499087,0.3852260431391725,HEALTHY,benign,False,0,A2
137.0,benign_sched,0.1544850693940802,0.21008542667163332,HEALTHY,benign,False,0,A2
137.0,benign_kpm,0.17156949412824563,0.2925942582927396,HEALTHY,benign,False,0,A2
137.0,mal_A2,0.32582412825572715,0.3329777062634624,HEALTHY,A2,False,0,A2
138.0,benign_ho,0.3711563154796373,0.3824120976072655,HEALTHY,benign,False,0,A2
138.0,benign_sched,0.07062036923004562,0.1821924151833158,HEALTHY,benign,False,0,A2
138.0,benign_kpm,0.5265478185891538,0.3393849703520224,HEALTHY,benign,False,0,A2
138.0,mal_A2,0.1838408377184242,0.3031503325544548,HEALTHY,A2,False,0,A2
139.0,benign_ho,0.4865697012638844,0.40324361833858935,HEALTHY,benign,False,0,A2
139.0,benign_sched,0.22182897489711606,0.19011972712607586,HEALTHY,benign,False,0,A2
139.0,benign_kpm,0.5467332082400498,0.3808546179296279,HEALTHY,benign,False,0,A2
139.0,mal_A2,0.16819256921864095,0.27615877988729204,HEALTHY,A2,False,0,A2
140.0,benign_ho,0.35012137293741585,0.39261916925835466,HEALTHY,benign,False,0,A2
140.0,benign_sched,0.21418304930622328,0.19493239156210534,HEALTHY,benign,False,0,A2
140.0,benign_kpm,0.37192904519730574,0.3790695033831635,HEALTHY,benign,False,0,A2
140.0,mal_A2,0.042667920340770896,0.22946060797798784,HEALTHY,A2,False,0,A2
141.0,benign_ho,0.48199365069388767,0.4104940655454613,HEALTHY,benign,False,0,A2
141.0,benign_sched,0.24306318406352745,0.2045585500623898,HEALTHY,benign,False,0,A2
141.0,benign_kpm,0.33617439999128496,0.3704904827047878,HEALTHY,benign,False,0,A2
141.0,mal_A2,0.202232390438991,0.22401496447018848,HEALTHY,A2,False,0,A2
142.0,benign_ho,0.4071949857723759,0.40983424959084425,HEALTHY,benign,False,0,A2
142.0,benign_sched,0.10706521244490667,0.18505988253889316,HEALTHY,benign,False,0,A2
142.0,benign_kpm,0.24207870863523787,0.3448081278908778,HEALTHY,benign,False,0,A2
142.0,mal_A2,0.12248811401771861,0.20370959437969452,HEALTHY,A2,False,0,A2
143.0,benign_ho,0.26443894179767097,0.38075518803220965,HEALTHY,benign,False,0,A2
143.0,benign_sched,0.19373196523814923,0.1867942990787444,HEALTHY,benign,False,0,A2
143.0,benign_kpm,0.5116317875393293,0.3781728598205681,HEALTHY,benign,False,0,A2
143.0,mal_A2,0.04020485278736378,0.17100864606122837,HEALTHY,A2,False,0,A2
144.0,benign_ho,0.2839665468177564,0.36139745978931903,HEALTHY,benign,False,0,A2
144.0,benign_sched,0.2120629685368846,0.19184803297037245,HEALTHY,benign,False,0,A2
144.0,benign_kpm,0.390781116105135,0.3806945110774815,HEALTHY,benign,False,0,A2
144.0,mal_A2,0.18372814769063658,0.17355254638711,HEALTHY,A2,False,0,A2
145.0,benign_ho,0.397573565028059,0.368632680837067,HEALTHY,benign,False,0,A2
145.0,benign_sched,0.12111490793123345,0.17770140796254466,HEALTHY,benign,False,0,A2
145.0,benign_kpm,0.35566922494640546,0.3756894538512663,HEALTHY,benign,False,0,A2
145.0,mal_A2,0.1478522861186838,0.16841249433342478,HEALTHY,A2,False,0,A2
146.0,benign_ho,0.26903206859075224,0.34871255838780413,HEALTHY,benign,False,0,A2
146.0,benign_sched,0.12092744039056685,0.1663466144481491,HEALTHY,benign,False,0,A2
146.0,benign_kpm,0.3513924184776486,0.3708300467765428,HEALTHY,benign,False,0,A2
146.0,mal_A2,0.2872594059457871,0.19218187665589725,HEALTHY,A2,False,0,A2
147.0,benign_ho,0.2756929279173254,0.3341086322937084,HEALTHY,benign,False,0,A2
147.0,benign_sched,0.3124409681579046,0.19556548519010022,HEALTHY,benign,False,0,A2
147.0,benign_kpm,0.2627132111490819,0.3492066796510507,HEALTHY,benign,False,0,A2
147.0,mal_A2,0.5084386032590856,0.25543322197653495,HEALTHY,A2,False,0,A2
148.0,benign_ho,0.28042951131304183,0.32337280809757507,HEALTHY,benign,False,0,A2
148.0,benign_sched,0.3790449406577581,0.2322613762836318,HEALTHY,benign,False,0,A2
148.0,benign_kpm,0.438532711171666,0.36707188595517376,HEALTHY,benign,False,0,A2
148.0,mal_A2,0.3730162075538258,0.2789498190919931,HEALTHY,A2,False,0,A2
149.0,benign_ho,0.226714483936636,0.3040411432653873,HEALTHY,benign,False,0,A2
149.0,benign_sched,0.4546120690900453,0.27673151484491454,HEALTHY,benign,False,0,A2
149.0,benign_kpm,0.3857903744014591,0.37081558364443085,HEALTHY,benign,False,0,A2
149.0,mal_A2,0.3651183700626626,0.296183529286127,HEALTHY,A2,False,0,A2
150.0,benign_ho,0.583250502147765,0.3598830150418628,HEALTHY,benign,False,0,A2
150.0,benign_sched,0.25421794376106405,0.2722288006281445,HEALTHY,benign,False,0,A2
150.0,benign_kpm,0.2561576954704245,0.3478840060096296,HEALTHY,benign,False,0,A2
150.0,mal_A2,0.23301721121839564,0.28355026567258074,HEALTHY,A2,False,0,A2
151.0,benign_ho,0.5202857997799301,0.3919635719894763,HEALTHY,benign,False,0,A2
151.0,benign_sched,0.2537357557670307,0.26853019165592174,HEALTHY,benign,False,0,A2
151.0,benign_kpm,0.28457566341406765,0.3352223374905172,HEALTHY,benign,False,0,A2
151.0,mal_A2,0.18829974435905406,0.2645001614098754,HEALTHY,A2,False,0,A2
152.0,benign_ho,0.3588925250487589,0.38534936260133285,HEALTHY,benign,False,0,A2
152.0,benign_sched,0.3773100261350075,0.2902861585517389,HEALTHY,benign,False,0,A2
152.0,benign_kpm,0.4556391313340506,0.35930569625922393,HEALTHY,benign,False,0,A2
152.0,mal_A2,0.2922647716955637,0.27005308346701307,HEALTHY,A2,False,0,A2
153.0,benign_ho,0.3127715714991134,0.370833804380889,HEALTHY,benign,False,0,A2
153.0,benign_sched,0.15784595886438996,0.2637981186142691,HEALTHY,benign,False,0,A2
153.0,benign_kpm,0.23951918159070998,0.33534839332552113,HEALTHY,benign,False,0,A2
153.0,mal_A2,0.23008473763804008,0.2620594143012185,HEALTHY,A2,False,0,A2
154.0,benign_ho,0.3071546765813129,0.3580979788209738,HEALTHY,benign,False,0,A2
154.0,benign_sched,0.33488975291693784,0.27801644547480286,HEALTHY,benign,False,0,A2
154.0,benign_kpm,0.2678578458916633,0.3218502838387496,HEALTHY,benign,False,0,A2
154.0,mal_A2,0.0893633680028041,0.22752020504153564,HEALTHY,A2,False,0,A2
155.0,benign_ho,0.4379601941063106,0.3740704218780412,HEALTHY,benign,False,0,A2
155.0,benign_sched,0.15717013759362114,0.25384718389856653,HEALTHY,benign,False,0,A2
155.0,benign_kpm,0.4480305048231258,0.34708632803562484,HEALTHY,benign,False,0,A2
155.0,mal_A2,0.1089325654567986,0.20380267712458822,HEALTHY,A2,False,0,A2
156.0,benign_ho,0.29073050689629193,0.3574024388816914,HEALTHY,benign,False,0,A2
156.0,benign_sched,0.1827410734391337,0.23962596180667997,HEALTHY,benign,False,0,A2
156.0,benign_kpm,0.3785881875134934,0.35338669993119853,HEALTHY,benign,False,0,A2
156.0,mal_A2,0.34256686177054363,0.2315555140537793,HEALTHY,A2,False,0,A2
157.0,benign_ho,0.30094853845914404,0.3461116587971819,HEALTHY,benign,False,0,A2
157.0,benign_sched,0.17651738998203648,0.22700424744175127,HEALTHY,benign,False,0,A2
157.0,benign_kpm,0.1692135631978928,0.3165520725845374,HEALTHY,benign,False,0,A2
157.0,mal_A2,0.245901146834515,0.23442464060992646,HEALTHY,A2,False,0,A2
158.0,benign_ho,0.24265868599609758,0.32542106423696504,HEALTHY,benign,False,0,A2
158.0,benign_sched,0.46083048238604946,0.27376949443061094,HEALTHY,benign,False,0,A2
158.0,benign_kpm,0.23064280012750385,0.2993702180931307,HEALTHY,benign,False,0,A2
158.0,mal_A2,0.29884030249181504,0.2473077729863042,HEALTHY,A2,False,0,A2
159.0,benign_ho,0.3274035549702103,0.3258175623836141,HEALTHY,benign,False,0,A2
159.0,benign_sched,0.31760669263265784,0.2825369340710203,HEALTHY,benign,False,0,A2
159.0,benign_kpm,0.27100658969020125,0.29369749241254484,HEALTHY,benign,False,0,A2
159.0,mal_A2,0.18247738971605998,0.23434169633225538,HEALTHY,A2,False,0,A2
160.0,benign_ho,0.18138166333136352,0.296930382573164,HEALTHY,benign,False,0,A2
160.0,benign_sched,0.343833922781665,0.29479633181314924,HEALTHY,benign,False,0,A2
160.0,benign_kpm,0.393513266087822,0.3136606471476003,HEALTHY,benign,False,0,A2
160.0,mal_A2,0.20259950979048047,0.2279932590239004,HEALTHY,A2,False,0,A2
161.0,benign_ho,0.3921226711001926,0.31596884027856975,HEALTHY,benign,False,0,A2
161.0,benign_sched,0.21982555712454144,0.2798021768754277,HEALTHY,benign,False,0,A2
161.0,benign_kpm,0.49050946792746086,0.3490304113035724,HEALTHY,benign,False,0,A2
161.0,mal_A2,0.0773709097219205,0.19786878916350445,HEALTHY,A2,False,0,A2
162.0,benign_ho,0.3305543686508859,0.318885945953033,HEALTHY,benign,False,0,A2
162.0,benign_sched,0.24868276816504473,0.27357829513335113,HEALTHY,benign,False,0,A2
162.0,benign_kpm,0.25089708185752974,0.3294037454143639,HEALTHY,benign,False,0,A2
162.0,mal_A2,0.2638233962498637,0.21105971058077633,HEALTHY,A2,False,0,A2
163.0,benign_ho,0.3102611501785663,0.31716098679813964,HEALTHY,benign,False,0,A2
163.0,benign_sched,0.22946100266380695,0.2647548366394423,HEALTHY,benign,False,0,A2
163.0,benign_kpm,0.3932178126175228,0.3421665588549957,HEALTHY,benign,False,0,A2
163.0,mal_A2,0.28485784602621556,0.22581933766986417,HEALTHY,A2,False,0,A2
164.0,benign_ho,0.25218196387868225,0.3041651822142482,HEALTHY,benign,False,0,A2
164.0,benign_sched,0.29345218696058056,0.27049430670367,HEALTHY,benign,False,0,A2
164.0,benign_kpm,0.2318930719781058,0.3201118614796177,HEALTHY,benign,False,0,A2
164.0,mal_A2,0.3203218170078122,0.2447198335374538,HEALTHY,A2,False,0,A2
165.0,benign_ho,0.5539037787215343,0.35411290151570546,HEALTHY,benign,False,0,A2
165.0,benign_sched,0.14498185064380534,0.24539181549169706,HEALTHY,benign,False,0,A2
165.0,benign_kpm,0.16900369597739448,0.28989022837917305,HEALTHY,benign,False,0,A2
165.0,mal_A2,0.16258136240824134,0.22829213931161133,HEALTHY,A2,False,0,A2
166.0,benign_ho,0.18019611385931072,0.31932954398442653,HEALTHY,benign,False,0,A2
166.0,benign_sched,0.3373705476307638,0.2637875619195104,HEALTHY,benign,False,0,A2
166.0,benign_kpm,0.12101781353684068,0.2561157454107066,HEALTHY,benign,False,0,A2
166.0,mal_A2,0.10556296113107413,0.20374630367550392,HEALTHY,A2,False,0,A2
167.0,benign_ho,0.2695123027350549,0.3093660957345522,HEALTHY,benign,False,0,A2
167.0,benign_sched,0.1352426665384434,0.23807858284329703,HEALTHY,benign,False,0,A2
167.0,benign_kpm,0.3438459563873593,0.27366178760603715,HEALTHY,benign,False,0,A2
167.0,mal_A2,0.5560105459180833,0.2741991521240198,HEALTHY,A2,False,0,A2
168.0,benign_ho,0.42959386769335856,0.33341165012631346,HEALTHY,benign,False,0,A2
168.0,benign_sched,0.12944092251578662,0.21635105077779496,HEALTHY,benign,False,0,A2
168.0,benign_kpm,0.26802805667879986,0.2725350414205897,HEALTHY,benign,False,0,A2
168.0,mal_A2,0.1486835405125507,0.249096029801726,HEALTHY,A2,False,0,A2
169.0,benign_ho,0.3155333129399661,0.329835982689044,HEALTHY,benign,False,0,A2
169.0,benign_sched,0.07888762140462148,0.18885836490316027,HEALTHY,benign,False,0,A2
169.0,benign_kpm,0.27300911828410135,0.27262985679329205,HEALTHY,benign,False,0,A2
169.0,mal_A2,0.39270630722575584,0.27781808528653196,HEALTHY,A2,False,0,A2
170.0,benign_ho,0.4802851064794672,0.35992580744712865,HEALTHY,benign,False,0,A2
170.0,benign_sched,0.3667593972676753,0.22443857137606327,HEALTHY,benign,False,0,A2
170.0,benign_kpm,0.28237676476656126,0.2745792383879459,HEALTHY,benign,False,0,A2
170.0,mal_A2,0.31655038430794863,0.2855645450908153,HEALTHY,A2,False,0,A2
171.0,benign_ho,0.41560642525142055,0.371061931007987,HEALTHY,benign,False,0,A2
171.0,benign_sched,0.4150958035116963,0.2625700178031899,HEALTHY,benign,False,0,A2
171.0,benign_kpm,0.4951425820552977,0.31869190712141626,HEALTHY,benign,False,0,A2
171.0,mal_A2,0.21579272432603286,0.2716101809378588,HEALTHY,A2,False,0,A2
172.0,benign_ho,0.4258149841298222,0.3820125416323541,HEALTHY,benign,False,0,A2
172.0,benign_sched,0.4929653809100577,0.30864909042456345,HEALTHY,benign,False,0,A2
172.0,benign_kpm,0.3128126501340107,0.31751605572393515,HEALTHY,benign,False,0,A2
172.0,mal_A2,0.1688187794901873,0.25105190064832456,HEALTHY,A2,False,0,A2
173.0,benign_ho,0.5582295346630679,0.4172559402384969,HEALTHY,benign,False,0,A2
173.0,benign_sched,0.1032499776881465,0.2675692678772801,HEALTHY,benign,False,0,A2
173.0,benign_kpm,0.09539638606771107,0.2730921217926904,HEALTHY,benign,False,0,A2
173.0,mal_A2,0.36410874201561466,0.2736632689217826,HEALTHY,A2,False,0,A2
174.0,benign_ho,0.39076416358986965,0.41195758490877143,HEALTHY,benign,False,0,A2
174.0,benign_sched,0.25935184444447656,0.26592578319071936,HEALTHY,benign,False,0,A2
174.0,benign_kpm,0.2853574894256806,0.27554519531928845,HEALTHY,benign,False,0,A2
174.0,mal_A2,0.1163836029430364,0.24220733572603337,HEALTHY,A2,False,0,A2
175.0,benign_ho,0.3171396908943604,0.39299400610588925,HEALTHY,benign,False,0,A2
175.0,benign_sched,0.19970294309531364,0.2526812151716382,HEALTHY,benign,False,0,A2
175.0,benign_kpm,0.26017717826279047,0.27247159190798886,HEALTHY,benign,False,0,A2
175.0,mal_A2,0.08422715166827938,0.21061129891448258,HEALTHY,A2,False,0,A2
176.0,benign_ho,0.4611352483663957,0.40662225455799056,HEALTHY,benign,False,0,A2
176.0,benign_sched,0.24952957621692054,0.2520508873806947,HEALTHY,benign,False,0,A2
176.0,benign_kpm,0.4909785494408371,0.3161729834145585,HEALTHY,benign,False,0,A2
176.0,mal_A2,0.6815745684249003,0.30480395281656614,HEALTHY,A2,False,0,A2
177.0,benign_ho,0.3975187769027413,0.40480155902694076,HEALTHY,benign,False,0,A2
177.0,benign_sched,0.00996780532065532,0.20363427096868683,HEALTHY,benign,False,0,A2
177.0,benign_kpm,0.1531928165646901,0.28357695004458483,HEALTHY,benign,False,0,A2
177.0,mal_A2,0.11575883415347436,0.2669949290839478,HEALTHY,A2,False,0,A2
178.0,benign_ho,0.39973443188136437,0.4037881335978255,HEALTHY,benign,False,0,A2
178.0,benign_sched,0.3777301328553546,0.2384534433460204,HEALTHY,benign,False,0,A2
178.0,benign_kpm,0.19184650061398661,0.2652308601584652,HEALTHY,benign,False,0,A2
178.0,mal_A2,0.32492109531934404,0.27858016233102706,HEALTHY,A2,False,0,A2
179.0,benign_ho,0.2988507965121304,0.3828006661806865,HEALTHY,benign,False,0,A2
179.0,benign_sched,0.1781042286398077,0.22638360040477787,HEALTHY,benign,False,0,A2
179.0,benign_kpm,0.36437978296238854,0.28506064471924986,HEALTHY,benign,False,0,A2
179.0,mal_A2,0.22432627352456233,0.2677293845697341,HEALTHY,A2,False,0,A2
180.0,benign_ho,0.31973902141824284,0.3701883372281978,HEALTHY,benign,False,0,A2
180.0,benign_sched,0.1662902907465848,0.21436493847313925,HEALTHY,benign,False,0,A2
180.0,benign_kpm,0.17683644390231804,0.2634158045558635,HEALTHY,benign,False,0,A2
180.0,mal_A2,0.29953102677019,0.2740897130098253,HEALTHY,A2,False,0,A2
181.0,benign_ho,0.36843352960119213,0.3698373757027966,HEALTHY,benign,False,0,A2
181.0,benign_sched,0.12469429110112601,0.19643080899873663,HEALTHY,benign,False,0,A2
181.0,benign_kpm,0.1704640298630103,0.24482544961729286,HEALTHY,benign,False,0,A2
181.0,mal_A2,0.1990305753091808,0.25907788546969646,HEALTHY,A2,False,0,A2
182.0,benign_ho,0.3852775259516129,0.37292540575255995,HEALTHY,benign,False,0,A2
182.0,benign_sched,0.2162832653420718,0.2004013002674037,HEALTHY,benign,False,0,A2
182.0,benign_kpm,0.278435020790364,0.2515473638519071,HEALTHY,benign,False,0,A2
182.0,mal_A2,0.28849648204979655,0.2649616047857165,HEALTHY,A2,False,0,A2
183.0,benign_ho,0.5042936545624134,0.3991990555145306,HEALTHY,benign,False,0,A2
183.0,benign_sched,0.1503939307227209,0.19039982635846714,HEALTHY,benign,False,0,A2
183.0,benign_kpm,0.3808546965436447,0.27740883039025466,HEALTHY,benign,False,0,A2
183.0,mal_A2,0.35953576381879115,0.28387643659233147,HEALTHY,A2,False,0,A2
184.0,benign_ho,0.42110774698054115,0.4035807938077327,HEALTHY,benign,False,0,A2
184.0,benign_sched,0.4496214040116747,0.24224414188910867,HEALTHY,benign,False,0,A2
184.0,benign_kpm,0.3345836874949271,0.2888438018111892,HEALTHY,benign,False,0,A2
184.0,mal_A2,0.1229563758286166,0.2516924244395885,HEALTHY,A2,False,0,A2
185.0,benign_ho,0.4292381966399238,0.40871227437417096,HEALTHY,benign,False,0,A2
185.0,benign_sched,0.24062586046014314,0.24192048560331558,HEALTHY,benign,False,0,A2
185.0,benign_kpm,0.3314004290826525,0.29735512726548186,HEALTHY,benign,False,0,A2
185.0,mal_A2,0.15930588969302875,0.23321511749027657,HEALTHY,A2,False,0,A2
186.0,benign_ho,0.5559017433845321,0.4381501681762432,HEALTHY,benign,False,0,A2
186.0,benign_sched,0.15059758029259857,0.22365590454117218,HEALTHY,benign,False,0,A2
186.0,benign_kpm,0.14706817356347798,0.2672977365250811,HEALTHY,benign,False,0,A2
186.0,mal_A2,0.1702401306419541,0.2206201201206121,HEALTHY,A2,False,0,A2
187.0,benign_ho,0.3192334844447935,0.4143668314299533,HEALTHY,benign,False,0,A2
187.0,benign_sched,0.41726346591696456,0.2623774168163307,HEALTHY,benign,False,0,A2
187.0,benign_kpm,0.7039826219188728,0.35463471360383947,HEALTHY,benign,False,0,A2
187.0,mal_A2,0.17599503566996968,0.21169510323048363,HEALTHY,A2,False,0,A2
188.0,benign_ho,0.25567708112021065,0.38262888136800477,HEALTHY,benign,False,0,A2
188.0,benign_sched,0.35857636789319897,0.28161720703170434,HEALTHY,benign,False,0,A2
188.0,benign_kpm,0.31355192994092146,0.3464181568712559,HEALTHY,benign,False,0,A2
188.0,mal_A2,0.06273313860383921,0.18190271030515476,HEALTHY,A2,False,0,A2
189.0,benign_ho,0.23922665030234389,0.3539484351548726,HEALTHY,benign,False,0,A2
189.0,benign_sched,0.05993426881607063,0.2372806193885776,HEALTHY,benign,False,0,A2
189.0,benign_kpm,0.40374502837453746,0.35788353117191224,HEALTHY,benign,False,0,A2
189.0,mal_A2,0.15681892826040797,0.1768859538962054,HEALTHY,A2,False,0,A2
190.0,benign_ho,0.458421973576103,0.37484314283911874,HEALTHY,benign,False,0,A2
190.0,benign_sched,0.20268437874868397,0.2303613712605989,HEALTHY,benign,False,0,A2
190.0,benign_kpm,0.1824657307462511,0.32279997108678,HEALTHY,benign,False,0,A2
190.0,mal_A2,0.19053536993737294,0.17961583710443893,HEALTHY,A2,False,0,A2
191.0,benign_ho,0.7449886213702441,0.44887223854534386,HEALTHY,benign,False,0,A2
191.0,benign_sched,0.09784931436270629,0.2038589598810204,HEALTHY,benign,False,0,A2
191.0,benign_kpm,0.22331904287136684,0.3029037854436974,HEALTHY,benign,False,0,A2
191.0,mal_A2,0.5321154442951262,0.2501157585425764,HEALTHY,A2,False,0,A2
192.0,benign_ho,0.38337008969642256,0.43577180877555965,HEALTHY,benign,False,0,A2
192.0,benign_sched,0.2376411467010336,0.21061539724502307,HEALTHY,benign,False,0,A2
192.0,benign_kpm,0.2610854884605737,0.2945401260470727,HEALTHY,benign,False,0,A2
192.0,mal_A2,0.39450971164454435,0.27899454916297,HEALTHY,A2,False,0,A2
193.0,benign_ho,0.4290140634093611,0.43442025970231996,HEALTHY,benign,False,0,A2
193.0,benign_sched,0.25196503772446593,0.21888532534091165,HEALTHY,benign,False,0,A2
193.0,benign_kpm,0.4264743125116615,0.3209269633399905,HEALTHY,benign,False,0,A2
193.0,mal_A2,0.2616781874469356,0.27553127681976314,HEALTHY,A2,False,0,A2
194.0,benign_ho,0.32646403823646314,0.4128290154091486,HEALTHY,benign,False,0,A2
194.0,benign_sched,0.14579937601757567,0.20426813547624445,HEALTHY,benign,False,0,A2
194.0,benign_kpm,0.19373304868423977,0.29548818040884034,HEALTHY,benign,False,0,A2
194.0,mal_A2,0.34702804499284695,0.2898306304543799,HEALTHY,A2,False,0,A2
195.0,benign_ho,0.42411517739003124,0.41508624780532516,HEALTHY,benign,False,0,A2
195.0,benign_sched,0.15160087636121294,0.19373468365323818,HEALTHY,benign,False,0,A2
195.0,benign_kpm,0.18551743446899702,0.2734940312208717,HEALTHY,benign,False,0,A2
195.0,mal_A2,0.3122837646695607,0.2943212572974161,HEALTHY,A2,False,0,A2
196.0,benign_ho,0.3148029853689071,0.3950295953180416,HEALTHY,benign,False,0,A2
196.0,benign_sched,0.08564633083509524,0.17211701308960958,HEALTHY,benign,False,0,A2
196.0,benign_kpm,0.6725020799099475,0.3532956409586868,HEALTHY,benign,False,0,A2
196.0,mal_A2,0.45432267825539,0.3263215414890109,HEALTHY,A2,False,0,A2
197.0,benign_ho,0.8301304768021632,0.48204977161486595,WATCH,benign,False,0,A2
197.0,benign_sched,0.10648600285260229,0.15899081104220814,HEALTHY,benign,False,0,A2
197.0,benign_kpm,0.2907753532305771,0.34079158341306487,HEALTHY,benign,False,0,A2
197.0,mal_A2,0.18677677284132352,0.29841258775947344,HEALTHY,A2,False,0,A2
198.0,benign_ho,0.5401562617397669,0.4936710696398462,WATCH,benign,False,0,A2
198.0,benign_sched,0.147864400146216,0.1567655288630097,HEALTHY,benign,False,0,A2
198.0,benign_kpm,0.13384973708369424,0.29940321414719073,HEALTHY,benign,False,0,A2
198.0,mal_A2,0.2933445555301812,0.297398981313615,HEALTHY,A2,False,0,A2
199.0,benign_ho,0.38433234030108465,0.4718033237720939,HEALTHY,benign,False,0,A2
199.0,benign_sched,0.12746012795363065,0.1509044486811339,HEALTHY,benign,False,0,A2
199.0,benign_kpm,0.19968733488520865,0.2794600382947943,HEALTHY,benign,False,0,A2
199.0,mal_A2,0.116234091771031,0.2611660034050982,HEALTHY,A2,False,0,A2
200.0,benign_ho,0.8079370899366478,0.5390300770050047,THROTTLE,benign,False,0,A2
200.0,benign_sched,0.29420018845578844,0.1795635966360648,HEALTHY,benign,False,0,A2
200.0,benign_kpm,0.1533282991845001,0.2542336904727355,HEALTHY,benign,False,0,A2
200.0,mal_A2,0.18717987310325654,0.2463687773447299,HEALTHY,A2,False,0,A2
201.0,benign_ho,0.3167446526786963,0.49457299213974304,WATCH,benign,False,0,A2
201.0,benign_sched,0.25453028719404075,0.19455693474766,HEALTHY,benign,False,0,A2
201.0,benign_kpm,0.32773849531383414,0.2689346514409552,HEALTHY,benign,False,0,A2
201.0,mal_A2,0.31428860264995245,0.25995274240577443,HEALTHY,A2,False,0,A2
202.0,benign_ho,0.41612269671992447,0.47888293305577934,HEALTHY,benign,False,0,A2
202.0,benign_sched,0.2751847700519827,0.21068250180852455,HEALTHY,benign,False,0,A2
202.0,benign_kpm,0.16495442649142875,0.2481386064510499,HEALTHY,benign,False,0,A2
202.0,mal_A2,0.3807374499376363,0.28410968391214686,HEALTHY,A2,False,0,A2
203.0,benign_ho,0.3389850089008436,0.4509033482247922,HEALTHY,benign,False,0,A2
203.0,benign_sched,0.1878470382905516,0.20611540910492995,HEALTHY,benign,False,0,A2
203.0,benign_kpm,0.3382204230805997,0.26615496977695985,HEALTHY,benign,False,0,A2
203.0,mal_A2,0.22464903871414987,0.2722175548725475,HEALTHY,A2,False,0,A2
204.0,benign_ho,0.2812360534913022,0.41696988927809425,HEALTHY,benign,False,0,A2
204.0,benign_sched,0.05047872362621798,0.1749880720091876,HEALTHY,benign,False,0,A2
204.0,benign_kpm,0.49385062014036724,0.31169409984964136,HEALTHY,benign,False,0,A2
204.0,mal_A2,0.3943678938727542,0.2966476226725889,HEALTHY,A2,False,0,A2
205.0,benign_ho,0.3815063455850579,0.409877180539487,HEALTHY,benign,False,0,A2
205.0,benign_sched,0.1795245696616062,0.17589537153967133,HEALTHY,benign,False,0,A2
205.0,benign_kpm,0.38990248228361546,0.3273357763364362,HEALTHY,benign,False,0,A2
205.0,mal_A2,0.08309888909116082,0.2539378759563033,HEALTHY,A2,False,0,A2
206.0,benign_ho,0.3223478696324407,0.3923713183580778,HEALTHY,benign,False,0,A2
206.0,benign_sched,0.19088173540585035,0.17889264431290713,HEALTHY,benign,False,0,A2
206.0,benign_kpm,0.3239849458544564,0.3266656102400402,HEALTHY,benign,False,0,A2
206.0,mal_A2,0.2980680240819781,0.26276390558143825,HEALTHY,A2,False,0,A2
207.0,benign_ho,0.4201675428823376,0.3979305632629298,HEALTHY,benign,False,0,A2
207.0,benign_sched,0.270684063889472,0.1972509282282201,HEALTHY,benign,False,0,A2
207.0,benign_kpm,0.3147986150755825,0.3242922112071487,HEALTHY,benign,False,0,A2
207.0,mal_A2,0.15473700915278743,0.2411585262957081,HEALTHY,A2,False,0,A2
208.0,benign_ho,0.3372321585453765,0.3857908823194192,HEALTHY,benign,False,0,A2
208.0,benign_sched,0.05350274134303041,0.16850129085118218,HEALTHY,benign,False,0,A2
208.0,benign_kpm,0.4380204543642127,0.3470378598385615,HEALTHY,benign,False,0,A2
208.0,mal_A2,0.22120614645030312,0.23716805032662713,HEALTHY,A2,False,0,A2
209.0,benign_ho,0.6434754126188637,0.4373277883793081,HEALTHY,benign,False,0,A2
209.0,benign_sched,0.2809336936044144,0.19098777140182865,HEALTHY,benign,False,0,A2
209.0,benign_kpm,0.32048871875160717,0.34172803162117066,HEALTHY,benign,False,0,A2
209.0,mal_A2,0.10850941709118517,0.21143632367953874,HEALTHY,A2,False,0,A2
210.0,benign_ho,0.4835909323853847,0.44658041718052344,HEALTHY,benign,False,0,A2
210.0,benign_sched,0.22507238356786172,0.19780469383503527,HEALTHY,benign,False,0,A2
210.0,benign_kpm,0.32785720767494214,0.33895386683192497,HEALTHY,benign,False,0,A2
210.0,mal_A2,0.15155016502494156,0.19945909194861933,HEALTHY,A2,False,0,A2
211.0,benign_ho,0.42150333337876505,0.4415650004201718,HEALTHY,benign,False,0,A2
211.0,benign_sched,0.1380584213461333,0.1858554393372549,HEALTHY,benign,False,0,A2
211.0,benign_kpm,0.16591962817066594,0.30434701909967316,HEALTHY,benign,False,0,A2
211.0,mal_A2,0.5476997695704077,0.269107227472977,HEALTHY,A2,False,0,A2
212.0,benign_ho,0.40101026776185866,0.4334540538885092,HEALTHY,benign,False,0,A2
212.0,benign_sched,0.2746879023843969,0.20362193194668332,HEALTHY,benign,False,0,A2
212.0,benign_kpm,0.23481975438252004,0.29044156615624256,HEALTHY,benign,False,0,A2
212.0,mal_A2,0.2118469970116837,0.25765518138071836,HEALTHY,A2,False,0,A2
213.0,benign_ho,0.2752707550974645,0.4018173941303003,HEALTHY,benign,False,0,A2
213.0,benign_sched,0.1159879384856239,0.18609513325447147,HEALTHY,benign,False,0,A2
213.0,benign_kpm,0.4150916472067875,0.31537158236635154,HEALTHY,benign,False,0,A2
213.0,mal_A2,0.48549518170274725,0.30322318144512417,HEALTHY,A2,False,0,A2
214.0,benign_ho,0.34500552526204753,0.3904550203566498,HEALTHY,benign,False,0,A2
214.0,benign_sched,0.24775986404274614,0.1984280794121264,HEALTHY,benign,False,0,A2
214.0,benign_kpm,0.16183772755170206,0.2846648114034217,HEALTHY,benign,False,0,A2
214.0,mal_A2,0.10634465069685506,0.26384747529547037,HEALTHY,A2,False,0,A2
215.0,benign_ho,0.355504394174832,0.38346489512028625,HEALTHY,benign,False,0,A2
215.0,benign_sched,0.6129041198236544,0.28132328749443203,HEALTHY,benign,False,0,A2
215.0,benign_kpm,0.25711521268726245,0.27915489166018986,HEALTHY,benign,False,0,A2
215.0,mal_A2,0.14772604411592177,0.24062318905956065,HEALTHY,A2,False,0,A2
216.0,benign_ho,0.5176253229736685,0.4102969806909627,HEALTHY,benign,False,0,A2
216.0,benign_sched,0.20433138825615638,0.2659249076467769,HEALTHY,benign,False,0,A2
216.0,benign_kpm,0.5505908080455413,0.3334420749372602,HEALTHY,benign,False,0,A2
216.0,mal_A2,0.3430933947821744,0.2611172302040834,HEALTHY,A2,False,0,A2
217.0,benign_ho,0.5177166264065969,0.43178090983408957,HEALTHY,benign,False,0,A2
217.0,benign_sched,0.10361008698699506,0.23346194351482055,HEALTHY,benign,False,0,A2
217.0,benign_kpm,0.13750954124521314,0.2942555681988508,HEALTHY,benign,False,0,A2
217.0,mal_A2,0.2981245297777533,0.2685186901188174,HEALTHY,A2,False,0,A2
218.0,benign_ho,0.5142558242747653,0.4482758927222248,HEALTHY,benign,False,0,A2
218.0,benign_sched,0.14165247922152754,0.21510005065616195,HEALTHY,benign,False,0,A2
218.0,benign_kpm,0.3331335921316365,0.30203117298540794,HEALTHY,benign,False,0,A2
218.0,mal_A2,0.2710650372507172,0.26902795954519737,HEALTHY,A2,False,0,A2
219.0,benign_ho,0.3338410936583766,0.4253889329094552,HEALTHY,benign,False,0,A2
219.0,benign_sched,0.287376132764684,0.22955526707786636,HEALTHY,benign,False,0,A2
219.0,benign_kpm,0.3019001139236412,0.3020049611730546,HEALTHY,benign,False,0,A2
219.0,mal_A2,0.241324897894991,0.2634873472151561,HEALTHY,A2,False,0,A2
220.0,benign_ho,0.45556114620002913,0.43142337556757,HEALTHY,benign,False,0,A2
220.0,benign_sched,0.1241288807603448,0.20846998981436207,HEALTHY,benign,False,0,A2
220.0,benign_kpm,0.25750141014477396,0.29310425096739845,HEALTHY,benign,False,0,A2
220.0,mal_A2,0.13971106344319859,0.2387320904607646,HEALTHY,A2,False,0,A2
221.0,benign_ho,0.2869701600626683,0.4025327324665897,HEALTHY,benign,False,0,A2
221.0,benign_sched,0.01680802554582761,0.1701375969606552,HEALTHY,benign,False,0,A2
221.0,benign_kpm,0.28615297276715124,0.29171399532734904,HEALTHY,benign,False,0,A2
221.0,mal_A2,0.3520257544899551,0.26139082326660273,HEALTHY,A2,False,0,A2
222.0,benign_ho,0.347347746042696,0.391495735181811,HEALTHY,benign,False,0,A2
222.0,benign_sched,0.302643474577663,0.19663877248405676,HEALTHY,benign,False,0,A2
222.0,benign_kpm,0.31452721276365136,0.2962766388146095,HEALTHY,benign,False,0,A2
222.0,mal_A2,0.2650386502772424,0.26212038866873066,HEALTHY,A2,False,0,A2
223.0,benign_ho,0.6361433550641852,0.4404252591582859,HEALTHY,benign,False,0,A2
223.0,benign_sched,0.11097772194729144,0.1795065623767037,HEALTHY,benign,False,0,A2
223.0,benign_kpm,0.29647412791134864,0.2963161366339574,HEALTHY,benign,False,0,A2
223.0,mal_A2,0.3254140859877809,0.2747791281325407,HEALTHY,A2,False,0,A2
224.0,benign_ho,0.5693581734223272,0.46621184201109417,HEALTHY,benign,False,0,A2
224.0,benign_sched,0.23290117783500236,0.19018548546836345,HEALTHY,benign,False,0,A2
224.0,benign_kpm,0.3793235683243933,0.3129176229720446,HEALTHY,benign,False,0,A2
224.0,mal_A2,0.27347556183714433,0.2745184148734614,HEALTHY,A2,False,0,A2
225.0,benign_ho,0.39136052619521083,0.4512415788479175,HEALTHY,benign,False,0,A2
225.0,benign_sched,0.38610838916525597,0.22937006620774197,HEALTHY,benign,False,0,A2
225.0,benign_kpm,0.27533073736583313,0.30540024585080233,HEALTHY,benign,False,0,A2
225.0,mal_A2,0.10860006996223154,0.24133474589121542,HEALTHY,A2,False,0,A2
226.0,benign_ho,0.2558064932602131,0.4121545617303766,HEALTHY,benign,False,0,A2
226.0,benign_sched,0.3123466126597332,0.24596537549814024,HEALTHY,benign,False,0,A2
226.0,benign_kpm,0.415593286988157,0.3274388540782733,HEALTHY,benign,False,0,A2
226.0,mal_A2,0.35436622885365043,0.2639410424837024,HEALTHY,A2,False,0,A2
227.0,benign_ho,0.7224946671010448,0.4742225828045103,HEALTHY,benign,False,0,A2
227.0,benign_sched,0.1766556310741805,0.23210342661334832,HEALTHY,benign,False,0,A2
227.0,benign_kpm,0.46230063369501595,0.3544112100016218,HEALTHY,benign,False,0,A2
227.0,mal_A2,0.152028067155536,0.24155844741806914,HEALTHY,A2,False,0,A2
228.0,benign_ho,0.45780768758278334,0.4709396037601649,HEALTHY,benign,False,0,A2
228.0,benign_sched,0.12151444583341076,0.20998563045736082,HEALTHY,benign,False,0,A2
228.0,benign_kpm,0.2657858058119697,0.3366861291636914,HEALTHY,benign,False,0,A2
228.0,mal_A2,0.24917116308175458,0.24308099055080626,HEALTHY,A2,False,0,A2
229.0,benign_ho,0.30445984864361525,0.437643652736855,HEALTHY,benign,False,0,A2
229.0,benign_sched,0.08256576447269641,0.18450165726042794,HEALTHY,benign,False,0,A2
229.0,benign_kpm,0.16204621208719158,0.30175814574839144,HEALTHY,benign,False,0,A2
229.0,mal_A2,0.1109650754210283,0.21665780752485067,HEALTHY,A2,False,0,A2
230.0,benign_ho,0.35581291694504463,0.421277505578493,HEALTHY,benign,False,0,A2
230.0,benign_sched,0.22247463140840923,0.19209625209002423,HEALTHY,benign,False,0,A2
230.0,benign_kpm,0.12017965049872634,0.2654424466984584,HEALTHY,benign,False,0,A2
230.0,mal_A2,0.3245554758587221,0.23823734119162499,HEALTHY,A2,False,0,A2
231.0,benign_ho,0.535491475635205,0.4441202995898354,HEALTHY,benign,False,0,A2
231.0,benign_sched,0.19088663109917475,0.19185432789185436,HEALTHY,benign,False,0,A2
231.0,benign_kpm,0.39134830799626863,0.29062361895802047,HEALTHY,benign,False,0,A2
231.0,mal_A2,0.30189371150451194,0.2509686152542024,HEALTHY,A2,False,0,A2
232.0,benign_ho,0.693023679504219,0.4939009755727122,WATCH,benign,False,0,A2
232.0,benign_sched,0.13891691572311826,0.18126684545810717,HEALTHY,benign,False,0,A2
232.0,benign_kpm,0.4259006942048855,0.3176790340073935,HEALTHY,benign,False,0,A2
232.0,mal_A2,0.2569343777792683,0.2521617677592156,HEALTHY,A2,False,0,A2
233.0,benign_ho,0.450471890906949,0.4852151586395596,WATCH,benign,False,0,A2
233.0,benign_sched,0.430236561158694,0.23106078859822454,HEALTHY,benign,False,0,A2
233.0,benign_kpm,0.32645071239416934,0.31943336968474867,HEALTHY,benign,False,0,A2
233.0,mal_A2,0.17082122257465143,0.23589365872230278,HEALTHY,A2,False,0,A2
234.0,benign_ho,0.40093130285165235,0.46835838748197817,HEALTHY,benign,False,0,A2
234.0,benign_sched,0.31504428527684897,0.24785748793394943,HEALTHY,benign,False,0,A2
234.0,benign_kpm,0.5388334895022726,0.36331339364825344,HEALTHY,benign,False,0,A2
234.0,mal_A2,0.173804326002044,0.22347579217825103,HEALTHY,A2,False,0,A2
235.0,benign_ho,0.6300541675485929,0.5006975434953012,WATCH,benign,False,0,A2
235.0,benign_sched,0.17442853309016362,0.23317169696519227,HEALTHY,benign,False,0,A2
235.0,benign_kpm,0.24282637610773528,0.33921599014014986,HEALTHY,benign,False,0,A2
235.0,mal_A2,0.30611096311492886,0.24000282636558662,HEALTHY,A2,False,0,A2
236.0,benign_ho,0.39237197218650177,0.47903242923354133,HEALTHY,benign,False,0,A2
236.0,benign_sched,0.34814380085923946,0.2561661177440017,HEALTHY,benign,False,0,A2
236.0,benign_kpm,0.48592078838374697,0.3685569497888693,HEALTHY,benign,False,0,A2
236.0,mal_A2,0.31766523425834214,0.25553530794413776,HEALTHY,A2,False,0,A2
237.0,benign_ho,0.3557785339578738,0.4543816501784078,HEALTHY,benign,False,0,A2
237.0,benign_sched,0.6498454025054661,0.33490197469629457,HEALTHY,benign,False,0,A2
237.0,benign_kpm,0.3571107785953876,0.36626771555017296,HEALTHY,benign,False,0,A2
237.0,mal_A2,0.4083881717087871,0.28610588069706766,HEALTHY,A2,False,0,A2
238.0,benign_ho,0.2603240674134881,0.41557013362542394,HEALTHY,benign,False,0,A2
238.0,benign_sched,0.3035954223073109,0.32864066421849786,HEALTHY,benign,False,0,A2
238.0,benign_kpm,0.1776248278017141,0.3285391380004812,HEALTHY,benign,False,0,A2
238.0,mal_A2,0.07780529626130972,0.2444457638099161,HEALTHY,A2,False,0,A2
239.0,benign_ho,0.3384124677432382,0.4001386004489868,HEALTHY,benign,False,0,A2
239.0,benign_sched,0.16274854455800208,0.2954622402863987,HEALTHY,benign,False,0,A2
239.0,benign_kpm,0.47850818628079084,0.3585329476565431,HEALTHY,benign,False,0,A2
239.0,mal_A2,0.21747351125585757,0.2390513132991044,HEALTHY,A2,False,0,A2
240.0,benign_ho,0.4820478720165166,0.4165204547624928,HEALTHY,benign,False,0,A2
240.0,benign_sched,0.3103557563631142,0.29844094350174183,HEALTHY,benign,False,0,A2
240.0,benign_kpm,0.18262908126163038,0.3233521743775606,HEALTHY,benign,False,0,A2
240.0,mal_A2,0.18133662843648637,0.22750837632658083,HEALTHY,A2,False,0,A2
241.0,benign_ho,0.29897399576353534,0.39301116296270133,HEALTHY,benign,False,0,A2
241.0,benign_sched,0.24757798642214238,0.2882683520858219,HEALTHY,benign,False,0,A2
241.0,benign_kpm,0.20625957106752457,0.2999336537155534,HEALTHY,benign,False,0,A2
241.0,mal_A2,0.3121877140659602,0.24444424387445673,HEALTHY,A2,False,0,A2
242.0,benign_ho,0.6295572844865825,0.4403203872674776,HEALTHY,benign,False,0,A2
242.0,benign_sched,0.14053668646657563,0.25872201896197267,HEALTHY,benign,False,0,A2
242.0,benign_kpm,0.21735326560511772,0.2834175760934663,HEALTHY,benign,False,0,A2
242.0,mal_A2,0.20149425301223392,0.2358542457020122,HEALTHY,A2,False,0,A2
243.0,benign_ho,0.22149864870270178,0.39655603955452245,HEALTHY,benign,False,0,A2
243.0,benign_sched,0.23889925848909993,0.25475746686739814,HEALTHY,benign,False,0,A2
243.0,benign_kpm,0.23537863823771282,0.27380978852231563,HEALTHY,benign,False,0,A2
243.0,mal_A2,0.17318908286757664,0.2233212131351251,HEALTHY,A2,False,0,A2
244.0,benign_ho,0.5297064281955405,0.4231861172827261,HEALTHY,benign,False,0,A2
244.0,benign_sched,0.2765518531592927,0.25911634412577705,HEALTHY,benign,False,0,A2
244.0,benign_kpm,0.24853988114807668,0.2687558070474678,HEALTHY,benign,False,0,A2
244.0,mal_A2,0.3998902206705059,0.2586350146422013,HEALTHY,A2,False,0,A2
245.0,benign_ho,0.41559331365906266,0.4216675565579935,HEALTHY,benign,False,0,A2
245.0,benign_sched,0.4884577752589945,0.30498463035242057,HEALTHY,benign,False,0,A2
245.0,benign_kpm,0.29233111492818387,0.27347086862361103,HEALTHY,benign,False,0,A2
245.0,mal_A2,0.35208597759141674,0.2773252072320444,HEALTHY,A2,False,0,A2
246.0,benign_ho,0.49785342217117096,0.436904729680629,HEALTHY,benign,False,0,A2
246.0,benign_sched,0.17570342980787632,0.2791283902435117,HEALTHY,benign,False,0,A2
246.0,benign_kpm,0.24598062824185038,0.2679728205472589,HEALTHY,benign,False,0,A2
246.0,mal_A2,0.2812035362416625,0.278100873033968,HEALTHY,A2,False,0,A2
247.0,benign_ho,0.316893464766475,0.4129024766977982,HEALTHY,benign,False,0,A2
247.0,benign_sched,0.20677916575785965,0.26465854534638134,HEALTHY,benign,False,0,A2
247.0,benign_kpm,0.30953965794003585,0.2762861880258143,HEALTHY,benign,False,0,A2
247.0,mal_A2,0.23748447606809484,0.26997759364079343,HEALTHY,A2,False,0,A2
248.0,benign_ho,0.4574226874685116,0.4218065188519409,HEALTHY,benign,False,0,A2
248.0,benign_sched,0.29428620953997425,0.27058407818509994,HEALTHY,benign,False,0,A2
248.0,benign_kpm,0.11939941216371136,0.2449088328533937,HEALTHY,benign,False,0,A2
248.0,mal_A2,0.2616895511103501,0.2683199851347048,HEALTHY,A2,False,0,A2
249.0,benign_ho,0.27981436189993747,0.39340808746154027,HEALTHY,benign,False,0,A2
249.0,benign_sched,0.31754041441831504,0.27997534543174296,HEALTHY,benign,False,0,A2
249.0,benign_kpm,0.34027988891830224,0.2639830440663754,HEALTHY,benign,False,0,A2
249.0,mal_A2,0.33001043779223677,0.2806580756662112,HEALTHY,A2,False,0,A2
250.0,benign_ho,0.5071490635274172,0.4161562826747157,HEALTHY,benign,False,0,A2
250.0,benign_sched,0.24973730072084266,0.2739277364895629,HEALTHY,benign,False,0,A2
250.0,benign_kpm,0.2183646539976637,0.25485936605263304,HEALTHY,benign,False,0,A2
250.0,mal_A2,0.05910365220435147,0.23634719097383927,HEALTHY,A2,False,0,A2
251.0,benign_ho,0.26033227730446923,0.38499148160066643,HEALTHY,benign,False,0,A2
251.0,benign_sched,0.16986216936933435,0.25311462306551724,HEALTHY,benign,False,0,A2
251.0,benign_kpm,0.30852116733133195,0.26559172630837286,HEALTHY,benign,False,0,A2
251.0,mal_A2,0.06385241471744796,0.20184823572256103,HEALTHY,A2,False,0,A2
252.0,benign_ho,0.6233834870363772,0.4326698826878086,HEALTHY,benign,False,0,A2
252.0,benign_sched,0.3178665085562258,0.26606500016365897,HEALTHY,benign,False,0,A2
252.0,benign_kpm,0.2985643222605218,0.27218624549880266,HEALTHY,benign,False,0,A2
252.0,mal_A2,0.20703505007183975,0.20288559859241678,HEALTHY,A2,False,0,A2
253.0,benign_ho,0.3470160163622363,0.4155391094226942,HEALTHY,benign,False,0,A2
253.0,benign_sched,0.23517436024537094,0.2598868721800014,HEALTHY,benign,False,0,A2
253.0,benign_kpm,0.46152409433779035,0.3100538152666002,HEALTHY,benign,False,0,A2
253.0,mal_A2,0.01971238626422926,0.1662509561267793,HEALTHY,A2,False,0,A2
254.0,benign_ho,0.516035724716849,0.4356384324815252,HEALTHY,benign,False,0,A2
254.0,benign_sched,0.20721328036831432,0.249352153817664,HEALTHY,benign,False,0,A2
254.0,benign_kpm,0.22430276964721088,0.2929036061427223,HEALTHY,benign,False,0,A2
254.0,mal_A2,0.38233486239074677,0.2094677373795728,HEALTHY,A2,False,0,A2
255.0,benign_ho,0.6141938420673831,0.47134951439869677,HEALTHY,benign,False,0,A2
255.0,benign_sched,0.3215130182648575,0.2637843267071027,HEALTHY,benign,False,0,A2
255.0,benign_kpm,0.7271864588133764,0.37976017667685313,HEALTHY,benign,False,0,A2
255.0,mal_A2,0.28739124221425827,0.2250524383465099,HEALTHY,A2,False,0,A2
256.0,benign_ho,0.3014437995726832,0.43736837143349405,HEALTHY,benign,False,0,A2
256.0,benign_sched,0.1592920172733165,0.24288586482034547,HEALTHY,benign,False,0,A2
256.0,benign_kpm,0.3461689899766755,0.3730419393368176,HEALTHY,benign,False,0,A2
256.0,mal_A2,0.23389319477421233,0.2268205896320504,HEALTHY,A2,False,0,A2
257.0,benign_ho,0.4926351637556852,0.44842172989793233,HEALTHY,benign,False,0,A2
257.0,benign_sched,0.1225376633421134,0.21881622452469907,HEALTHY,benign,False,0,A2
257.0,benign_kpm,0.6969664084902804,0.43782683316751014,HEALTHY,benign,False,0,A2
257.0,mal_A2,0.35690737196774935,0.2528379460991902,HEALTHY,A2,False,0,A2
258.0,benign_ho,0.21112586980295595,0.4009625578789371,HEALTHY,benign,False,0,A2
258.0,benign_sched,0.33635153371487153,0.2423232863627336,HEALTHY,benign,False,0,A2
258.0,benign_kpm,0.2846556521009794,0.407192596954204,HEALTHY,benign,False,0,A2
258.0,mal_A2,0.20436855457661024,0.2431440677946742,HEALTHY,A2,False,0,A2
259.0,benign_ho,0.5571323535959529,0.4321965170223403,HEALTHY,benign,False,0,A2
259.0,benign_sched,0.2694994529948603,0.24775851968915896,HEALTHY,benign,False,0,A2
259.0,benign_kpm,0.3258534578086821,0.39092476912509966,HEALTHY,benign,False,0,A2
259.0,mal_A2,0.15117294687165408,0.2247498436100702,HEALTHY,A2,False,0,A2
260.0,benign_ho,0.45108650717170395,0.4359745150522131,HEALTHY,benign,False,0,A2
260.0,benign_sched,0.09078759820511455,0.2163643353923501,HEALTHY,benign,False,0,A2
260.0,benign_kpm,0.3269521570538562,0.37813024671085105,HEALTHY,benign,False,0,A2
260.0,mal_A2,0.12656424443157666,0.20511272377437148,HEALTHY,A2,False,0,A2
261.0,benign_ho,0.506982493816935,0.4501761108051575,HEALTHY,benign,False,0,A2
261.0,benign_sched,0.0988923767958374,0.19286994367304758,HEALTHY,benign,False,0,A2
261.0,benign_kpm,0.27656064332672514,0.35781632603402586,HEALTHY,benign,False,0,A2
261.0,mal_A2,0.408323016943706,0.2457547824082384,HEALTHY,A2,False,0,A2
262.0,benign_ho,0.3675214745556491,0.43364518355525583,HEALTHY,benign,False,0,A2
262.0,benign_sched,0.1502409287356621,0.18434414068557048,HEALTHY,benign,False,0,A2
262.0,benign_kpm,0.11192725676447972,0.3086385121801166,HEALTHY,benign,False,0,A2
262.0,mal_A2,0.05060467177161658,0.20672476028091405,HEALTHY,A2,False,0,A2
263.0,benign_ho,0.5336920039032383,0.45365454762485236,HEALTHY,benign,False,0,A2
263.0,benign_sched,0.062217277845100116,0.1599187681174764,HEALTHY,benign,False,0,A2
263.0,benign_kpm,0.41436781961212926,0.32978437366651914,HEALTHY,benign,False,0,A2
263.0,mal_A2,0.21120397454713735,0.20762060313415873,HEALTHY,A2,False,0,A2
264.0,benign_ho,0.28543050398148345,0.42000973889617865,HEALTHY,benign,False,0,A2
264.0,benign_sched,0.13244156818670436,0.15442332813132198,HEALTHY,benign,False,0,A2
264.0,benign_kpm,0.3629351525067151,0.33641452943455835,HEALTHY,benign,False,0,A2
264.0,mal_A2,0.12840898051637115,0.19177827861060123,HEALTHY,A2,False,0,A2
265.0,benign_ho,0.5597448416643644,0.44795675944981583,HEALTHY,benign,False,0,A2
265.0,benign_sched,0.47094756910573704,0.217728176326205,HEALTHY,benign,False,0,A2
265.0,benign_kpm,0.16621583578094445,0.3023747907038356,HEALTHY,benign,False,0,A2
265.0,mal_A2,0.2211592668263373,0.19765447625374846,HEALTHY,A2,False,0,A2
266.0,benign_ho,0.368882348873346,0.4321418773345219,HEALTHY,benign,False,0,A2
266.0,benign_sched,0.44342748563368084,0.2628680381877002,HEALTHY,benign,False,0,A2
266.0,benign_kpm,0.2779322239396763,0.29748627735100375,HEALTHY,benign,False,0,A2
266.0,mal_A2,0.3536802077294163,0.22885962254888204,HEALTHY,A2,False,0,A2
267.0,benign_ho,0.5214815903961688,0.45000981994685135,HEALTHY,benign,False,0,A2
267.0,benign_sched,0.037428390876719286,0.21778010872550402,HEALTHY,benign,False,0,A2
267.0,benign_kpm,0.19524042585845214,0.27703710705249346,HEALTHY,benign,False,0,A2
267.0,mal_A2,0.164911013660298,0.21606990077116522,HEALTHY,A2,False,0,A2
268.0,benign_ho,0.44627666130830856,0.4492631882191428,HEALTHY,benign,False,0,A2
268.0,benign_sched,0.6737204524262047,0.3089681774656442,HEALTHY,benign,False,0,A2
268.0,benign_kpm,0.3108404925434232,0.2837977841506794,HEALTHY,benign,False,0,A2
268.0,mal_A2,0.2359228496409625,0.2200404905451247,HEALTHY,A2,False,0,A2
269.0,benign_ho,0.4275585327989966,0.4449222571351136,HEALTHY,benign,False,0,A2
269.0,benign_sched,0.362303364722979,0.31963521491711117,HEALTHY,benign,False,0,A2
269.0,benign_kpm,0.9217433557905257,0.41138689847864873,HEALTHY,benign,False,0,A2
269.0,mal_A2,0.11911371635928676,0.19985513570795713,HEALTHY,A2,False,0,A2
270.0,benign_ho,0.1781434173475889,0.3915664891776086,HEALTHY,benign,False,0,A2
270.0,benign_sched,0.16413581534626356,0.28853533500294165,HEALTHY,benign,False,0,A2
270.0,benign_kpm,0.22671996126164623,0.37445351103524827,HEALTHY,benign,False,0,A2
270.0,mal_A2,0.0623447205281683,0.17235305267199935,HEALTHY,A2,False,0,A2
271.0,benign_ho,0.2685809901583093,0.3669693893737488,HEALTHY,benign,False,0,A2
271.0,benign_sched,0.5517637616217371,0.3411810203267008,HEALTHY,benign,False,0,A2
271.0,benign_kpm,0.4828046247953013,0.3961237337872589,HEALTHY,benign,False,0,A2
271.0,mal_A2,0.06973956236098144,0.15183035460979577,HEALTHY,A2,False,0,A2
272.0,benign_ho,0.25565009042201686,0.3447055295834024,HEALTHY,benign,False,0,A2
272.0,benign_sched,0.14209837782420903,0.30136449182620245,HEALTHY,benign,False,0,A2
272.0,benign_kpm,0.5482767341512124,0.4265543338600496,HEALTHY,benign,False,0,A2
272.0,mal_A2,0.09122849934521349,0.13970998355687933,HEALTHY,A2,False,0,A2
273.0,benign_ho,0.35496220927056477,0.3467568655208349,HEALTHY,benign,False,0,A2
273.0,benign_sched,0.1684505965804729,0.27478171277705654,HEALTHY,benign,False,0,A2
273.0,benign_kpm,0.2704703649284485,0.3953375400737294,HEALTHY,benign,False,0,A2
273.0,mal_A2,0.293014379081178,0.17037086266173906,HEALTHY,A2,False,0,A2
274.0,benign_ho,0.31574341936796724,0.3405541762902614,HEALTHY,benign,False,0,A2
274.0,benign_sched,0.14178858928743643,0.24818308807913253,HEALTHY,benign,False,0,A2
274.0,benign_kpm,0.5967237429429879,0.4356147806475811,HEALTHY,benign,False,0,A2
274.0,mal_A2,0.07443955930430823,0.15118460199025288,HEALTHY,A2,False,0,A2
275.0,benign_ho,0.537612646891098,0.37996587041042873,HEALTHY,benign,False,0,A2
275.0,benign_sched,0.1203415475636867,0.22261477997604337,HEALTHY,benign,False,0,A2
275.0,benign_kpm,0.8760981895632477,0.5237114624307144,WATCH,benign,False,0,A2
275.0,mal_A2,0.3463691934783177,0.19022152028786588,HEALTHY,A2,False,0,A2
276.0,benign_ho,0.4209914048196084,0.3881709772922647,HEALTHY,benign,False,0,A2
276.0,benign_sched,0.17515030199032924,0.21312188437890056,HEALTHY,benign,False,0,A2
276.0,benign_kpm,0.30100962479899407,0.4791710949043704,HEALTHY,benign,False,0,A2
276.0,mal_A2,0.2729695760450233,0.20677113143929737,HEALTHY,A2,False,0,A2
277.0,benign_ho,0.3462050092510686,0.3797777836840255,HEALTHY,benign,False,0,A2
277.0,benign_sched,0.10957815484805229,0.19241313847273092,HEALTHY,benign,False,0,A2
277.0,benign_kpm,0.2608046961496794,0.43549781515343217,HEALTHY,benign,False,0,A2
277.0,mal_A2,0.14925761227508452,0.19526842760645483,HEALTHY,A2,False,0,A2
278.0,benign_ho,0.39980555000768886,0.38378333694875816,HEALTHY,benign,False,0,A2
278.0,benign_sched,0.30011004845976597,0.21395252047013796,HEALTHY,benign,False,0,A2
278.0,benign_kpm,0.27143275430073666,0.4026848029828931,HEALTHY,benign,False,0,A2
278.0,mal_A2,0.11306280800313348,0.17882730368579056,HEALTHY,A2,False,0,A2
279.0,benign_ho,0.3555771614189189,0.3781421018427903,HEALTHY,benign,False,0,A2
279.0,benign_sched,0.16664052229404527,0.20449012083491946,HEALTHY,benign,False,0,A2
279.0,benign_kpm,0.2821982807804509,0.3785874985424047,HEALTHY,benign,False,0,A2
279.0,mal_A2,0.35107090727430357,0.21327602440349316,HEALTHY,A2,False,0,A2
280.0,benign_ho,0.6056526030779181,0.4236442020898159,HEALTHY,benign,False,0,A2
280.0,benign_sched,0.44660185197429547,0.2529124670627947,HEALTHY,benign,False,0,A2
280.0,benign_kpm,0.7583073109981578,0.45453146103355535,HEALTHY,benign,False,0,A2
280.0,mal_A2,0.36669012123897304,0.24395884377058913,HEALTHY,A2,False,0,A2
281.0,benign_ho,1.0,0.5389153616718527,THROTTLE,benign,False,0,A2
281.0,benign_sched,0.26477924810414755,0.25528582327106525,HEALTHY,benign,False,0,A2
281.0,benign_kpm,0.5264616813332488,0.46891750509349406,HEALTHY,benign,False,0,A2
281.0,mal_A2,0.20339900715383427,0.23584687644723817,HEALTHY,A2,False,0,A2
282.0,benign_ho,0.4535957420391552,0.5218514377453133,WATCH,benign,False,0,A2
282.0,benign_sched,0.228388030068022,0.24990626463045662,HEALTHY,benign,False,0,A2
282.0,benign_kpm,0.3566043312081282,0.4464548703164209,HEALTHY,benign,False,0,A2
282.0,mal_A2,0.1997922951527185,0.22863596018833426,HEALTHY,A2,False,0,A2
283.0,benign_ho,0.3576214242650038,0.4890054350492514,WATCH,benign,False,0,A2
283.0,benign_sched,0.24325244405540336,0.24857550051544597,HEALTHY,benign,False,0,A2
283.0,benign_kpm,0.13768530824728759,0.38470095790259423,HEALTHY,benign,False,0,A2
283.0,mal_A2,0.20570879833588102,0.22405052781784363,HEALTHY,A2,False,0,A2
284.0,benign_ho,0.36299976785598853,0.4638043016105989,HEALTHY,benign,False,0,A2
284.0,benign_sched,0.13597436850252403,0.22605527411286158,HEALTHY,benign,False,0,A2
284.0,benign_kpm,0.2519033206004366,0.35814143044216273,HEALTHY,benign,False,0,A2
284.0,mal_A2,0.31213884245029716,0.24166819074433435,HEALTHY,A2,False,0,A2
285.0,benign_ho,0.2569410795743671,0.4224316572033525,HEALTHY,benign,False,0,A2
285.0,benign_sched,0.19764698191819835,0.22037361567392894,HEALTHY,benign,False,0,A2
285.0,benign_kpm,0.15164139671137244,0.3168414236960047,HEALTHY,benign,False,0,A2
285.0,mal_A2,0.1745128582697908,0.22823712424942566,HEALTHY,A2,False,0,A2
286.0,benign_ho,0.38456579788316897,0.41485848533931585,HEALTHY,benign,False,0,A2
286.0,benign_sched,0.16703562003441547,0.20970601654602625,HEALTHY,benign,False,0,A2
286.0,benign_kpm,0.22825104187985903,0.29912334733277557,HEALTHY,benign,False,0,A2
286.0,mal_A2,0.13819889998102422,0.21022947939574538,HEALTHY,A2,False,0,A2
287.0,benign_ho,0.29092111294316475,0.39007101086008567,HEALTHY,benign,False,0,A2
287.0,benign_sched,0.3487801238864999,0.237520838014121,HEALTHY,benign,False,0,A2
287.0,benign_kpm,0.3840555579917948,0.31610978946457946,HEALTHY,benign,False,0,A2
287.0,mal_A2,0.25903487772967154,0.21999055906253062,HEALTHY,A2,False,0,A2
288.0,benign_ho,0.6603779893268588,0.44413240655344033,HEALTHY,benign,False,0,A2
288.0,benign_sched,0.374121748795709,0.2648410201704386,HEALTHY,benign,False,0,A2
288.0,benign_kpm,0.1306952972812015,0.27902689102790385,HEALTHY,benign,False,0,A2
288.0,mal_A2,0.15462000669513679,0.20691644858905187,HEALTHY,A2,False,0,A2
289.0,benign_ho,0.3376570089319008,0.42283732702913246,HEALTHY,benign,False,0,A2
289.0,benign_sched,0.30073321336194975,0.27201945880874084,HEALTHY,benign,False,0,A2
289.0,benign_kpm,0.4845131605575594,0.32012414493383495,HEALTHY,benign,False,0,A2
289.0,mal_A2,0.26013919700724797,0.2175609982726911,HEALTHY,A2,False,0,A2
290.0,benign_ho,0.5316800528582039,0.44460587219494674,HEALTHY,benign,False,0,A2
290.0,benign_sched,0.19399232381416745,0.2564140318098262,HEALTHY,benign,False,0,A2
290.0,benign_kpm,0.17705679086565954,0.2915106741201999,HEALTHY,benign,False,0,A2
290.0,mal_A2,0.20148437409778752,0.2143456734377104,HEALTHY,A2,False,0,A2
291.0,benign_ho,0.25440095859255085,0.40656488947446756,HEALTHY,benign,False,0,A2
291.0,benign_sched,0.1840341886112297,0.2419380631701069,HEALTHY,benign,False,0,A2
291.0,benign_kpm,0.3893380022158893,0.3110761397393378,HEALTHY,benign,False,0,A2
291.0,mal_A2,0.06883587774860364,0.18524371429988906,HEALTHY,A2,False,0,A2
292.0,benign_ho,0.300119415574278,0.3852757946944297,HEALTHY,benign,False,0,A2
292.0,benign_sched,0.17688838511914864,0.2289281275599153,HEALTHY,benign,False,0,A2
292.0,benign_kpm,0.45854494396548884,0.34056990058456804,HEALTHY,benign,False,0,A2
292.0,mal_A2,0.07623875282055317,0.16344272200402188,HEALTHY,A2,False,0,A2
293.0,benign_ho,0.3337924693329679,0.37497912962213736,HEALTHY,benign,False,0,A2
293.0,benign_sched,0.03968093042187838,0.19107868813230794,HEALTHY,benign,False,0,A2
293.0,benign_kpm,0.1221785405273343,0.2968916285731213,HEALTHY,benign,False,0,A2
293.0,mal_A2,0.21507312054075764,0.17376880171136905,HEALTHY,A2,False,0,A2
294.0,benign_ho,0.2471967988129367,0.34942266346029727,HEALTHY,benign,False,0,A2
294.0,benign_sched,0.22502940788761905,0.19786883208337017,HEALTHY,benign,False,0,A2
294.0,benign_kpm,0.2103054814144988,0.2795743991413968,HEALTHY,benign,False,0,A2
294.0,mal_A2,0.32778022834957077,0.2045710870390094,HEALTHY,A2,False,0,A2
295.0,benign_ho,0.26448343180194417,0.33243481712862666,HEALTHY,benign,False,0,A2
295.0,benign_sched,0.1665995275623797,0.1916149711791721,HEALTHY,benign,False,0,A2
295.0,benign_kpm,0.24587574593036954,0.27283466849919136,HEALTHY,benign,False,0,A2
295.0,mal_A2,0.33884181592692547,0.2314252328165926,HEALTHY,A2,False,0,A2
296.0,benign_ho,0.4028255560973107,0.3465129649223635,HEALTHY,benign,False,0,A2
296.0,benign_sched,0.34169314580739574,0.22163060610481683,HEALTHY,benign,False,0,A2
296.0,benign_kpm,0.31885010323075247,0.2820377554455036,HEALTHY,benign,False,0,A2
296.0,mal_A2,0.13772460300627298,0.2126851068545287,HEALTHY,A2,False,0,A2
297.0,benign_ho,0.4478681459392331,0.36678400112573745,HEALTHY,benign,False,0,A2
297.0,benign_sched,0.2543582510205253,0.22817613508795853,HEALTHY,benign,False,0,A2
297.0,benign_kpm,0.16042268440569488,0.25771474123754184,HEALTHY,benign,False,0,A2
297.0,mal_A2,0.33619674589874243,0.23738743466337148,HEALTHY,A2,False,0,A2
298.0,benign_ho,0.3329324555985154,0.3600136920202931,HEALTHY,benign,False,0,A2
298.0,benign_sched,0.18666173099761538,0.2198732542698899,HEALTHY,benign,False,0,A2
298.0,benign_kpm,0.4233737935038707,0.29084655169080764,HEALTHY,benign,False,0,A2
298.0,mal_A2,0.16764666812379128,0.22343928135545546,HEALTHY,A2,False,0,A2
299.0,benign_ho,0.47057160645319374,0.3821252749068732,HEALTHY,benign,False,0,A2
299.0,benign_sched,0.14155869591599757,0.20421034259911144,HEALTHY,benign,False,0,A2
299.0,benign_kpm,0.1499551552995533,0.26266827241255675,HEALTHY,benign,False,0,A2
299.0,mal_A2,0.5942459876428421,0.2976006226129328,HEALTHY,A2,False,0,A2
300.0,benign_ho,0.3802947070927581,0.3817591613440502,HEALTHY,benign,False,0,A2
300.0,benign_sched,0.4621589339092884,0.25580006086114687,HEALTHY,benign,False,0,A2
300.0,benign_kpm,0.2059537749029682,0.25132537291063906,HEALTHY,benign,False,0,A2
300.0,mal_A2,0.31240973799864113,0.3005624456900745,HEALTHY,A2,False,0,A2
301.0,benign_ho,0.4121632424542262,0.3878399775660854,HEALTHY,benign,False,0,A2
301.0,benign_sched,0.343618825824645,0.2733638138538465,HEALTHY,benign,False,0,A2
301.0,benign_kpm,0.3362840632508121,0.26831711097867367,HEALTHY,benign,False,0,A2
301.0,mal_A2,0.2857906325986966,0.2976080830717989,HEALTHY,A2,False,0,A2
302.0,benign_ho,0.40210235375151315,0.39069245280317094,HEALTHY,benign,False,0,A2
302.0,benign_sched,0.2349748549079767,0.26568602206467257,HEALTHY,benign,False,0,A2
302.0,benign_kpm,0.14512078305342854,0.24367784539362466,HEALTHY,benign,False,0,A2
302.0,mal_A2,0.2356451695846144,0.28521550037436205,HEALTHY,A2,False,0,A2
303.0,benign_ho,0.4293849231439469,0.3984309468713262,HEALTHY,benign,False,0,A2
303.0,benign_sched,0.1000101938811829,0.23255085642797463,HEALTHY,benign,False,0,A2
303.0,benign_kpm,0.21717168075710683,0.2383766124663211,HEALTHY,benign,False,0,A2
303.0,mal_A2,0.02708980092182586,0.23359036048385481,HEALTHY,A2,False,0,A2
304.0,benign_ho,0.33842301394634017,0.386429360286329,HEALTHY,benign,False,0,A2
304.0,benign_sched,0.39796320186866535,0.2656333255161128,HEALTHY,benign,False,0,A2
304.0,benign_kpm,0.17336978222391464,0.22537524641783985,HEALTHY,benign,False,0,A2
304.0,mal_A2,0.4066924046689157,0.268210769320867,HEALTHY,A2,False,0,A2
305.0,benign_ho,0.3947515459749122,0.3880937974240457,HEALTHY,benign,False,0,A2
305.0,benign_sched,0.1542853812151574,0.2433637366559217,HEALTHY,benign,False,0,A2
305.0,benign_kpm,0.5330202197797526,0.2869042410902224,HEALTHY,benign,False,0,A2
305.0,mal_A2,0.4470201822513536,0.3039726519069643,HEALTHY,A2,False,0,A2
306.0,benign_ho,0.27771808267930953,0.3660186544750985,HEALTHY,benign,False,0,A2
306.0,benign_sched,0.2934874266475927,0.25338847465425596,HEALTHY,benign,False,0,A2
306.0,benign_kpm,0.1100547209796025,0.2515343370680984,HEALTHY,benign,False,0,A2
306.0,mal_A2,0.32124454959068566,0.3074270314437086,HEALTHY,A2,False,0,A2
307.0,benign_ho,0.2943621325205217,0.35168735008418317,HEALTHY,benign,False,0,A2
307.0,benign_sched,0.3345052138399119,0.26961182249138715,HEALTHY,benign,False,0,A2
307.0,benign_kpm,0.28666283891919475,0.2585600374383177,HEALTHY,benign,False,0,A2
307.0,mal_A2,0.23650013038339396,0.2932416512316457,HEALTHY,A2,False,0,A2
308.0,benign_ho,0.3895261256026429,0.3592551051878752,HEALTHY,benign,False,0,A2
308.0,benign_sched,0.2594632392964072,0.26758210585239117,HEALTHY,benign,False,0,A2
308.0,benign_kpm,0.13839412651107558,0.23452685525286926,HEALTHY,benign,False,0,A2
308.0,mal_A2,0.2519682781069011,0.2849869766066968,HEALTHY,A2,False,0,A2
309.0,benign_ho,0.1850671861319513,0.32441752137669044,HEALTHY,benign,False,0,A2
309.0,benign_sched,0.22323964934967877,0.2587136145518487,HEALTHY,benign,False,0,A2
309.0,benign_kpm,0.1301295672262882,0.21364739764755306,HEALTHY,benign,False,0,A2
309.0,mal_A2,0.4680557742178619,0.3216007361289298,HEALTHY,A2,False,0,A2
310.0,benign_ho,0.3569062330394399,0.33091526370924035,HEALTHY,benign,False,0,A2
310.0,benign_sched,0.3144069028103277,0.2698522722035445,HEALTHY,benign,False,0,A2
310.0,benign_kpm,0.30211448655319784,0.23134081542868204,HEALTHY,benign,False,0,A2
310.0,mal_A2,0.37926876247599306,0.33313434139834247,HEALTHY,A2,False,0,A2
311.0,benign_ho,0.43044805985500384,0.3508218229383931,HEALTHY,benign,False,0,A2
311.0,benign_sched,0.24973639109968265,0.26582909598277216,HEALTHY,benign,False,0,A2
311.0,benign_kpm,0.3407507576568325,0.2532228038743122,HEALTHY,benign,False,0,A2
311.0,mal_A2,0.23171626874414836,0.3128507268675037,HEALTHY,A2,False,0,A2
312.0,benign_ho,0.4549156648833936,0.3716405913273932,HEALTHY,benign,False,0,A2
312.0,benign_sched,0.30334678842617896,0.2733326344714535,HEALTHY,benign,False,0,A2
312.0,benign_kpm,0.185071491076682,0.23959254131478613,HEALTHY,benign,False,0,A2
312.0,mal_A2,0.07013814924440583,0.2643082113428841,HEALTHY,A2,False,0,A2
313.0,benign_ho,0.362264383438029,0.36976534974952036,HEALTHY,benign,False,0,A2
313.0,benign_sched,0.27444338792388984,0.27355478516194076,HEALTHY,benign,False,0,A2
313.0,benign_kpm,0.2761641555861358,0.24690686416905608,HEALTHY,benign,False,0,A2
313.0,mal_A2,0.16088139438257518,0.24362284795082234,HEALTHY,A2,False,0,A2
314.0,benign_ho,0.43149059618588703,0.38211039903679367,HEALTHY,benign,False,0,A2
314.0,benign_sched,0.24615990817630645,0.26807580976481393,HEALTHY,benign,False,0,A2
314.0,benign_kpm,0.17543976233370012,0.2326134438019849,HEALTHY,benign,False,0,A2
314.0,mal_A2,0.28701125953735296,0.2523005302681285,HEALTHY,A2,False,0,A2
315.0,benign_ho,0.7315939586855321,0.4520071109665414,HEALTHY,benign,False,0,A2
315.0,benign_sched,0.257983288655805,0.26605730554301216,HEALTHY,benign,False,0,A2
315.0,benign_kpm,0.10173817887264058,0.20643839081611604,HEALTHY,benign,False,0,A2
315.0,mal_A2,0.5723991229107818,0.31632024879665915,HEALTHY,A2,False,0,A2
316.0,benign_ho,0.2410861138537633,0.40982291154398576,HEALTHY,benign,False,0,A2
316.0,benign_sched,0.5415072495977875,0.32114729435396727,HEALTHY,benign,False,0,A2
316.0,benign_kpm,0.39014177125205973,0.24317906690330476,HEALTHY,benign,False,0,A2
316.0,mal_A2,0.21964519033316074,0.2969852371039595,HEALTHY,A2,False,0,A2
317.0,benign_ho,0.9812186785001586,0.5241020649352204,WATCH,benign,False,0,A2
317.0,benign_sched,0.15081944488938376,0.28708172446105057,HEALTHY,benign,False,0,A2
317.0,benign_kpm,0.32166319862769993,0.25887589324818383,HEALTHY,benign,False,0,A2
317.0,mal_A2,0.19150039347205813,0.2758882683775793,HEALTHY,A2,False,0,A2
318.0,benign_ho,0.34829181025654204,0.4889400139994848,WATCH,benign,False,0,A2
318.0,benign_sched,0.15123629446427103,0.25991263846169466,HEALTHY,benign,False,0,A2
318.0,benign_kpm,0.33369023402268694,0.27383876140308444,HEALTHY,benign,False,0,A2
318.0,mal_A2,0.34619936555023595,0.28995048781211064,HEALTHY,A2,False,0,A2
319.0,benign_ho,0.5979327199283659,0.510738555185261,WATCH,benign,False,0,A2
319.0,benign_sched,0.3614733682566743,0.2802247844206906,HEALTHY,benign,False,0,A2
319.0,benign_kpm,0.4828081004669238,0.31563262921585233,HEALTHY,benign,False,0,A2
319.0,mal_A2,0.13775562511584605,0.2595115152728577,HEALTHY,A2,False,0,A2
320.0,benign_ho,0.8487863229330586,0.5783481087348206,THROTTLE,benign,False,0,A2
320.0,benign_sched,0.3546784905609335,0.2951155256487392,HEALTHY,benign,False,0,A2
320.0,benign_kpm,0.1862603227636555,0.289758167925413,HEALTHY,benign,False,0,A2
320.0,mal_A2,0.14516800153224052,0.2366428125247343,HEALTHY,A2,False,0,A2
321.0,benign_ho,0.3608784622007772,0.5348541794280119,WATCH,benign,False,0,A2
321.0,benign_sched,0.11467852183066718,0.25902812488512483,HEALTHY,benign,False,0,A2
321.0,benign_kpm,0.4683065499857477,0.32546784433747994,HEALTHY,benign,False,0,A2
321.0,mal_A2,0.27759751512516156,0.24483375304481975,HEALTHY,A2,False,0,A2
322.0,benign_ho,0.4128201475545169,0.510447373053313,WATCH,benign,False,0,A2
322.0,benign_sched,0.18888170842589,0.2449988415932779,HEALTHY,benign,False,0,A2
322.0,benign_kpm,0.79905244769836,0.420184765009656,HEALTHY,benign,False,0,A2
322.0,mal_A2,0.23861648553260253,0.24359029954237632,HEALTHY,A2,False,0,A2
323.0,benign_ho,0.48596387879411623,0.5055506742014737,WATCH,benign,False,0,A2
323.0,benign_sched,0.11270160958594978,0.21853939519181229,HEALTHY,benign,False,0,A2
323.0,benign_kpm,0.17580722071751442,0.3713092561512277,HEALTHY,benign,False,0,A2
323.0,mal_A2,0.10754025380495223,0.2163802903948915,HEALTHY,A2,False,0,A2
324.0,benign_ho,0.5792377753065374,0.5202880944224865,WATCH,benign,False,0,A2
324.0,benign_sched,0.06101051296301855,0.18703361874605354,HEALTHY,benign,False,0,A2
324.0,benign_kpm,0.3445675766835608,0.36596092025769433,HEALTHY,benign,False,0,A2
324.0,mal_A2,0.22960162303650272,0.21902455692321376,HEALTHY,A2,False,0,A2
325.0,benign_ho,0.4412628563358642,0.504483046805162,WATCH,benign,False,0,A2
325.0,benign_sched,0.28503419376851447,0.20663373375054572,HEALTHY,benign,False,0,A2
325.0,benign_kpm,0.19715549464493887,0.33219983513514323,HEALTHY,benign,False,0,A2
325.0,mal_A2,0.08954030678489491,0.19312770689555,HEALTHY,A2,False,0,A2
326.0,benign_ho,0.3137981327403085,0.4663460639921913,HEALTHY,benign,False,0,A2
326.0,benign_sched,0.36596739366719494,0.23850046573387557,HEALTHY,benign,False,0,A2
326.0,benign_kpm,0.3066083675173383,0.32708154161158226,HEALTHY,benign,False,0,A2
326.0,mal_A2,0.06643774629229805,0.16778971477489962,HEALTHY,A2,False,0,A2
327.0,benign_ho,0.3875259773617173,0.4505820466660965,HEALTHY,benign,False,0,A2
327.0,benign_sched,0.34490309820916076,0.25978099222893264,HEALTHY,benign,False,0,A2
327.0,benign_kpm,0.5258155423278799,0.3668283417548418,HEALTHY,benign,False,0,A2
327.0,mal_A2,0.17103252574041516,0.16843827696800276,HEALTHY,A2,False,0,A2
328.0,benign_ho,0.19956988682028937,0.4003796146969351,HEALTHY,benign,False,0,A2
328.0,benign_sched,0.17259628368459048,0.24234405052006422,HEALTHY,benign,False,0,A2
328.0,benign_kpm,0.346125557897711,0.36268778498341564,HEALTHY,benign,False,0,A2
328.0,mal_A2,0.1433766983007678,0.16342596123455577,HEALTHY,A2,False,0,A2
329.0,benign_ho,0.5744372222466949,0.4351911362068871,HEALTHY,benign,False,0,A2
329.0,benign_sched,0.3655408759545391,0.2669834156069592,HEALTHY,benign,False,0,A2
329.0,benign_kpm,0.41573130024207006,0.37329648803514653,HEALTHY,benign,False,0,A2
329.0,mal_A2,0.2967896117385747,0.19009869133535956,HEALTHY,A2,False,0,A2
330.0,benign_ho,0.3517747638182544,0.4185078617291606,HEALTHY,benign,False,0,A2
330.0,benign_sched,0.4054919522851388,0.29468512294259513,HEALTHY,benign,False,0,A2
330.0,benign_kpm,0.3343712755282321,0.3655114455337637,HEALTHY,benign,False,0,A2
330.0,mal_A2,0.5262227482118425,0.2573235027106562,HEALTHY,A2,False,0,A2
331.0,benign_ho,0.5146113300922418,0.4377285554017769,HEALTHY,benign,False,0,A2
331.0,benign_sched,0.378047396602192,0.31135757767451455,HEALTHY,benign,False,0,A2
331.0,benign_kpm,0.16997353605182663,0.32640386363737633,HEALTHY,benign,False,0,A2
331.0,mal_A2,0.3708575574569434,0.2800303136599136,HEALTHY,A2,False,0,A2
332.0,benign_ho,0.29211635941295605,0.40860611620401277,HEALTHY,benign,False,0,A2
332.0,benign_sched,0.42937877634457117,0.3349618174085259,HEALTHY,benign,False,0,A2
332.0,benign_kpm,0.21920953695297826,0.3049649983004967,HEALTHY,benign,False,0,A2
332.0,mal_A2,0.1472725732554847,0.2534787655790278,HEALTHY,A2,False,0,A2
333.0,benign_ho,0.2072610218081081,0.36833709732483183,HEALTHY,benign,False,0,A2
333.0,benign_sched,0.20444121825419742,0.3088576975776602,HEALTHY,benign,False,0,A2
333.0,benign_kpm,0.3761166925194383,0.31919533714428505,HEALTHY,benign,False,0,A2
333.0,mal_A2,0.19500840959569973,0.24178469438236222,HEALTHY,A2,False,0,A2
334.0,benign_ho,0.3765369254949955,0.36997706295886457,HEALTHY,benign,False,0,A2
334.0,benign_sched,0.612992918503319,0.369684741762792,HEALTHY,benign,False,0,A2
334.0,benign_kpm,0.3240342927281026,0.3201631282610486,HEALTHY,benign,False,0,A2
334.0,mal_A2,0.06340535494789246,0.20610882649546827,HEALTHY,A2,False,0,A2
335.0,benign_ho,0.4098397906985962,0.3779496085068109,HEALTHY,benign,False,0,A2
335.0,benign_sched,0.3437065730840207,0.36448910802703777,HEALTHY,benign,False,0,A2
335.0,benign_kpm,0.5250496557858003,0.36114043376599897,HEALTHY,benign,False,0,A2
335.0,mal_A2,0.37744923197760527,0.2403769075918957,HEALTHY,A2,False,0,A2
336.0,benign_ho,0.3090333626329287,0.3641663593320345,HEALTHY,benign,False,0,A2
336.0,benign_sched,0.25790671027926254,0.34317262847748276,HEALTHY,benign,False,0,A2
336.0,benign_kpm,0.3229370886556925,0.3534997647439377,HEALTHY,benign,False,0,A2
336.0,mal_A2,0.12386869351625218,0.21707526477676703,HEALTHY,A2,False,0,A2
337.0,benign_ho,0.36204868490529224,0.3637428244466861,HEALTHY,benign,False,0,A2
337.0,benign_sched,0.13520390567323656,0.3015788839166335,HEALTHY,benign,False,0,A2
337.0,benign_kpm,0.2584936857264528,0.33449854894044073,HEALTHY,benign,False,0,A2
337.0,mal_A2,0.0563373879114375,0.18492768940370113,HEALTHY,A2,False,0,A2
338.0,benign_ho,0.31988348526630905,0.3549709566106107,HEALTHY,benign,False,0,A2
338.0,benign_sched,0.2595574931920993,0.29317460577172666,HEALTHY,benign,False,0,A2
338.0,benign_kpm,0.2623683220949827,0.32007250357134914,HEALTHY,benign,False,0,A2
338.0,mal_A2,0.752179548350438,0.29837806119304855,HEALTHY,A2,False,0,A2
339.0,benign_ho,0.43157715207574854,0.37029219570363825,HEALTHY,benign,False,0,A2
339.0,benign_sched,0.2442041752384186,0.28338051966506506,HEALTHY,benign,False,0,A2
339.0,benign_kpm,0.18743169688162042,0.29354434223340337,HEALTHY,benign,False,0,A2
339.0,mal_A2,0.036449015005157626,0.24599225195547036,HEALTHY,A2,False,0,A2
340.0,benign_ho,0.5144286919071883,0.3991194949443483,HEALTHY,benign,False,0,A2
340.0,benign_sched,0.6587429029696108,0.3584529963259742,HEALTHY,benign,False,0,A2
340.0,benign_kpm,0.37002939124830536,0.3088413520363838,HEALTHY,benign,False,0,A2
340.0,mal_A2,0.0915065291466012,0.21509510739369656,HEALTHY,A2,False,0,A2
341.0,benign_ho,0.7667301230781175,0.47264162057110215,HEALTHY,benign,False,0,A2
341.0,benign_sched,0.1866446994468563,0.32409133695015063,HEALTHY,benign,False,0,A2
341.0,benign_kpm,0.3403152170721734,0.3151361250435417,HEALTHY,benign,False,0,A2
341.0,mal_A2,0.20330702046589313,0.2127374900081359,HEALTHY,A2,False,0,A2
342.0,benign_ho,0.3895947414491519,0.4560322447467121,HEALTHY,benign,False,0,A2
342.0,benign_sched,0.3708828740239564,0.3334496443649118,HEALTHY,benign,False,0,A2
342.0,benign_kpm,0.29087198951985516,0.31028329793880444,HEALTHY,benign,False,0,A2
342.0,mal_A2,0.34283756783829566,0.2387575055741679,HEALTHY,A2,False,0,A2
343.0,benign_ho,0.3537701728721427,0.43557983037179826,HEALTHY,benign,False,0,A2
343.0,benign_sched,0.15543394755850304,0.2978465050036301,HEALTHY,benign,False,0,A2
343.0,benign_kpm,0.34224428880592334,0.3166754961122282,HEALTHY,benign,False,0,A2
343.0,mal_A2,0.3183679505324292,0.2546795945658202,HEALTHY,A2,False,0,A2
344.0,benign_ho,0.3104786007493589,0.41055958444731044,HEALTHY,benign,False,0,A2
344.0,benign_sched,0.32706030567118494,0.30368926513714106,HEALTHY,benign,False,0,A2
344.0,benign_kpm,0.4460830352181409,0.3425570039334108,HEALTHY,benign,False,0,A2
344.0,mal_A2,0.42739471754321523,0.2892226191612992,HEALTHY,A2,False,0,A2
345.0,benign_ho,0.48788945381841814,0.426025558321532,HEALTHY,benign,False,0,A2
345.0,benign_sched,0.03547566519486187,0.25004654514868524,HEALTHY,benign,False,0,A2
345.0,benign_kpm,0.15899079276361647,0.30584376169945193,HEALTHY,benign,False,0,A2
345.0,mal_A2,0.08770185202385412,0.2489184657338102,HEALTHY,A2,False,0,A2
346.0,benign_ho,0.3582051188630712,0.4124614704298398,HEALTHY,benign,False,0,A2
346.0,benign_sched,0.62670025601806,0.3253772873225602,HEALTHY,benign,False,0,A2
346.0,benign_kpm,0.47757737725578187,0.3401904848107179,HEALTHY,benign,False,0,A2
346.0,mal_A2,0.2622340652328368,0.25158158563361555,HEALTHY,A2,False,0,A2
347.0,benign_ho,0.2494719183142934,0.3798635600067306,HEALTHY,benign,False,0,A2
347.0,benign_sched,0.4053987303595855,0.34138157592996526,HEALTHY,benign,False,0,A2
347.0,benign_kpm,0.257573407839948,0.3236670694165639,HEALTHY,benign,False,0,A2
347.0,mal_A2,0.11933300703856431,0.22513186991460532,HEALTHY,A2,False,0,A2
348.0,benign_ho,0.5767236423382712,0.4192355764730388,HEALTHY,benign,False,0,A2
348.0,benign_sched,0.13952941572301597,0.3010111438885754,HEALTHY,benign,False,0,A2
348.0,benign_kpm,0.20557840161938323,0.3000493358571278,HEALTHY,benign,False,0,A2
348.0,mal_A2,0.21753032984314052,0.22361156190031237,HEALTHY,A2,False,0,A2
349.0,benign_ho,0.5721873875575317,0.44982593868993737,HEALTHY,benign,False,0,A2
349.0,benign_sched,0.1418173139674298,0.2691723779043463,HEALTHY,benign,False,0,A2
349.0,benign_kpm,0.3546324877032391,0.3109659662263501,HEALTHY,benign,False,0,A2
349.0,mal_A2,0.40318665060553543,0.259526579641357,HEALTHY,A2,False,0,A2
350.0,benign_ho,0.6027353988474405,0.480407830721438,HEALTHY,benign,False,0,A2
350.0,benign_sched,0.41451139505808193,0.29824018133509345,HEALTHY,benign,False,0,A2
350.0,benign_kpm,0.14430606612479968,0.27763398620604,HEALTHY,benign,False,0,A2
350.0,mal_A2,0.09000648144694658,0.22562256000247494,HEALTHY,A2,False,0,A2
351.0,benign_ho,0.4817752007468832,0.48068130472652704,WATCH,benign,False,0,A2
351.0,benign_sched,0.11520303421212336,0.26163275191049945,HEALTHY,benign,False,0,A2
351.0,benign_kpm,0.35186970688539376,0.2924811303419108,HEALTHY,benign,False,0,A2
351.0,mal_A2,0.10841860665879723,0.2021817693337394,HEALTHY,A2,False,0,A2
352.0,benign_ho,0.4910306590323561,0.48275117558769287,WATCH,benign,False,0,A2
352.0,benign_sched,0.19891437913612875,0.24908907735562533,HEALTHY,benign,False,0,A2
352.0,benign_kpm,0.45436699846905576,0.32485830396733983,HEALTHY,benign,False,0,A2
352.0,mal_A2,0.2555740122029672,0.21286021790758497,HEALTHY,A2,False,0,A2
353.0,benign_ho,0.4397119681240467,0.4741433340949637,HEALTHY,benign,False,0,A2
353.0,benign_sched,0.3158477135260084,0.262440804589702,HEALTHY,benign,False,0,A2
353.0,benign_kpm,0.48877692625528946,0.35764202842492976,HEALTHY,benign,False,0,A2
353.0,mal_A2,0.23507441966786127,0.21730305825964025,HEALTHY,A2,False,0,A2
354.0,benign_ho,0.3398222111487392,0.4472791095057188,HEALTHY,benign,False,0,A2
354.0,benign_sched,0.12999880877394898,0.23595240542655138,HEALTHY,benign,False,0,A2
354.0,benign_kpm,0.3683459240927527,0.3597828075584944,HEALTHY,benign,False,0,A2
354.0,mal_A2,0.15999228303241103,0.2058409032141944,HEALTHY,A2,False,0,A2
355.0,benign_ho,0.21120306418337656,0.40006390044125034,HEALTHY,benign,False,0,A2
355.0,benign_sched,0.12241601379216309,0.21324512709967375,HEALTHY,benign,False,0,A2
355.0,benign_kpm,0.3125474753102164,0.3503357411088388,HEALTHY,benign,False,0,A2
355.0,mal_A2,0.37572733850702134,0.2398181902727598,HEALTHY,A2,False,0,A2
356.0,benign_ho,0.3166760180148507,0.38338632395597044,HEALTHY,benign,False,0,A2
356.0,benign_sched,0.2388772682300719,0.2183715553257534,HEALTHY,benign,False,0,A2
356.0,benign_kpm,0.19811636879237146,0.31989186664554536,HEALTHY,benign,False,0,A2
356.0,mal_A2,0.15245941989875578,0.22234643619795902,HEALTHY,A2,False,0,A2
357.0,benign_ho,0.23884982403744215,0.35447902397226483,HEALTHY,benign,False,0,A2
357.0,benign_sched,0.481661361530676,0.27102951656673796,HEALTHY,benign,False,0,A2
357.0,benign_kpm,0.5403154198526302,0.36397657728696237,HEALTHY,benign,False,0,A2
357.0,mal_A2,0.473769933132018,0.2726311355847708,HEALTHY,A2,False,0,A2
358.0,benign_ho,0.3498155129147384,0.35354632176075956,HEALTHY,benign,False,0,A2
358.0,benign_sched,0.26203097067482545,0.2692298073883555,HEALTHY,benign,False,0,A2
358.0,benign_kpm,0.22061407596856858,0.3353040770232836,HEALTHY,benign,False,0,A2
358.0,mal_A2,0.2804779694043418,0.27420050234868504,HEALTHY,A2,False,0,A2
359.0,benign_ho,0.24053274934426877,0.3309436072774614,HEALTHY,benign,False,0,A2
359.0,benign_sched,0.15080999419891242,0.2455458447504669,HEALTHY,benign,False,0,A2
359.0,benign_kpm,0.32737715586183774,0.3337186927909944,HEALTHY,benign,False,0,A2
359.0,mal_A2,0.09553146121328517,0.23846669412160507,HEALTHY,A2,False,0,A2
360.0,benign_ho,0.27077511768519247,0.31890990935900765,HEALTHY,benign,False,0,A2
360.0,benign_sched,0.17058999889566748,0.230554675579507,HEALTHY,benign,False,0,A2
360.0,benign_kpm,0.4283714578280185,0.35264924579839924,HEALTHY,benign,False,0,A2
360.0,mal_A2,0.3784902590780183,0.26647140711288775,HEALTHY,A2,False,0,A2
361.0,benign_ho,0.4653536825313701,0.34819866399348015,HEALTHY,benign,False,0,A2
361.0,benign_sched,0.2624156283317175,0.23692686612994912,HEALTHY,benign,False,0,A2
361.0,benign_kpm,0.22111149268510324,0.32634169517574,HEALTHY,benign,False,0,A2
361.0,mal_A2,0.28288726121018726,0.2697545779323477,HEALTHY,A2,False,0,A2
362.0,benign_ho,0.36986782897525605,0.35253249698983535,HEALTHY,benign,False,0,A2
362.0,benign_sched,0.05572920794947183,0.20068733449385368,HEALTHY,benign,False,0,A2
362.0,benign_kpm,0.3310425802941677,0.32728187219942556,HEALTHY,benign,False,0,A2
362.0,mal_A2,0.18783637819023224,0.2533709379839246,HEALTHY,A2,False,0,A2
363.0,benign_ho,0.23070930491211614,0.32816785857429154,HEALTHY,benign,False,0,A2
363.0,benign_sched,0.3761002948813016,0.23576992657134327,HEALTHY,benign,False,0,A2
363.0,benign_kpm,0.25369725246780833,0.3125649482531021,HEALTHY,benign,False,0,A2
363.0,mal_A2,0.16611098858922962,0.23591894810498565,HEALTHY,A2,False,0,A2
364.0,benign_ho,0.4473592625027327,0.3520061393599798,HEALTHY,benign,False,0,A2
364.0,benign_sched,0.3276908611006331,0.25415411347720124,HEALTHY,benign,False,0,A2
364.0,benign_kpm,0.28863805730311853,0.3077795700631054,HEALTHY,benign,False,0,A2
364.0,mal_A2,0.19148001022924188,0.2270311605298369,HEALTHY,A2,False,0,A2
365.0,benign_ho,0.50810431871979,0.3832257752319419,HEALTHY,benign,False,0,A2
365.0,benign_sched,0.2501738247617182,0.25335805573410464,HEALTHY,benign,False,0,A2
365.0,benign_kpm,0.3228989507474791,0.3108034461999802,HEALTHY,benign,False,0,A2
365.0,mal_A2,0.3731811492770754,0.25626115827928464,HEALTHY,A2,False,0,A2
366.0,benign_ho,0.44886995515674105,0.39635461121690174,HEALTHY,benign,False,0,A2
366.0,benign_sched,0.33953993263957344,0.27059443111519843,HEALTHY,benign,False,0,A2
366.0,benign_kpm,0.231772637716408,0.2949972845032658,HEALTHY,benign,False,0,A2
366.0,mal_A2,0.1488958470877608,0.2347880960409799,HEALTHY,A2,False,0,A2
367.0,benign_ho,0.47619447398491327,0.41232258377050407,HEALTHY,benign,False,0,A2
367.0,benign_sched,0.475250094179265,0.31152556372801177,HEALTHY,benign,False,0,A2
367.0,benign_kpm,0.45894456055808497,0.32778673971422967,HEALTHY,benign,False,0,A2
367.0,mal_A2,0.31211886497111685,0.2502542498270073,HEALTHY,A2,False,0,A2
368.0,benign_ho,0.3320766582543205,0.3962733986672674,HEALTHY,benign,False,0,A2
368.0,benign_sched,0.2904723797414278,0.30731492693069495,HEALTHY,benign,False,0,A2
368.0,benign_kpm,0.27796429021864333,0.3178222498151124,HEALTHY,benign,False,0,A2
368.0,mal_A2,0.21302734854069716,0.2428088695697453,HEALTHY,A2,False,0,A2
369.0,benign_ho,0.3415320313969204,0.38532512521319806,HEALTHY,benign,False,0,A2
369.0,benign_sched,0.15257738215701075,0.2763674179759581,HEALTHY,benign,False,0,A2
369.0,benign_kpm,0.2649589604357033,0.3072495919392306,HEALTHY,benign,False,0,A2
369.0,mal_A2,0.3372252202405467,0.2616921397039056,HEALTHY,A2,False,0,A2
370.0,benign_ho,0.25667277136814126,0.35959465444418676,HEALTHY,benign,False,0,A2
370.0,benign_sched,1.0,0.4210939343807665,HEALTHY,benign,False,0,A2
370.0,benign_kpm,0.38155592208925115,0.3221108579692348,HEALTHY,benign,False,0,A2
370.0,mal_A2,0.11040512731342243,0.23143473722580896,HEALTHY,A2,False,0,A2
371.0,benign_ho,0.31679221921776085,0.3510341673989016,HEALTHY,benign,False,0,A2
371.0,benign_sched,0.20361798038202902,0.377598743581019,HEALTHY,benign,False,0,A2
371.0,benign_kpm,0.33412103470818877,0.3245128933170256,HEALTHY,benign,False,0,A2
371.0,mal_A2,0.2201791724930134,0.22918362427924985,HEALTHY,A2,False,0,A2
372.0,benign_ho,0.3314460430626428,0.34711654253164986,HEALTHY,benign,False,0,A2
372.0,benign_sched,0.2888398006183299,0.35984695498848124,HEALTHY,benign,False,0,A2
372.0,benign_kpm,0.14035447028416398,0.2876812087104533,HEALTHY,benign,False,0,A2
372.0,mal_A2,0.324752807543475,0.24829746093209487,HEALTHY,A2,False,0,A2
373.0,benign_ho,0.39510938266826706,0.3567151105589733,HEALTHY,benign,False,0,A2
373.0,benign_sched,0.20965466396165772,0.3298084967831166,HEALTHY,benign,False,0,A2
373.0,benign_kpm,0.42779734401669905,0.31570443577170243,HEALTHY,benign,False,0,A2
373.0,mal_A2,0.43298027516728976,0.28523402377913387,HEALTHY,A2,False,0,A2
374.0,benign_ho,0.40124448040300115,0.3656209845277789,HEALTHY,benign,False,0,A2
374.0,benign_sched,0.06878136146400192,0.27760306971929366,HEALTHY,benign,False,0,A2
374.0,benign_kpm,0.5290967823155597,0.3583829050804739,HEALTHY,benign,False,0,A2
374.0,mal_A2,0.2749475813046685,0.2831767352842408,HEALTHY,A2,False,0,A2
375.0,benign_ho,0.4807555520391992,0.388647898030063,HEALTHY,benign,False,0,A2
375.0,benign_sched,0.29682836033539695,0.28144812784251433,HEALTHY,benign,False,0,A2
375.0,benign_kpm,0.335943673231842,0.35389505871074756,HEALTHY,benign,False,0,A2
375.0,mal_A2,0.3202117800733597,0.2905837442420646,HEALTHY,A2,False,0,A2
376.0,benign_ho,0.40267929885269677,0.3914541781945898,HEALTHY,benign,False,0,A2
376.0,benign_sched,0.5751545526503562,0.3401894128040827,HEALTHY,benign,False,0,A2
376.0,benign_kpm,0.35226309413867524,0.3535686657963331,HEALTHY,benign,False,0,A2
376.0,mal_A2,0.289560133358737,0.2903790220653991,HEALTHY,A2,False,0,A2
377.0,benign_ho,0.37376957884283646,0.3879172583242392,HEALTHY,benign,False,0,A2
377.0,benign_sched,0.6869924053226716,0.40955001130780044,HEALTHY,benign,False,0,A2
377.0,benign_kpm,0.2049576168187792,0.32384645600082235,HEALTHY,benign,False,0,A2
377.0,mal_A2,0.2935251842571757,0.29100825450375445,HEALTHY,A2,False,0,A2
378.0,benign_ho,0.5985951484627446,0.4300528363519403,HEALTHY,benign,False,0,A2
378.0,benign_sched,0.10620814707996354,0.3488816384622331,HEALTHY,benign,False,0,A2
378.0,benign_kpm,0.25372509565822055,0.309822183932302,HEALTHY,benign,False,0,A2
378.0,mal_A2,0.13710330878116203,0.26022726535923596,HEALTHY,A2,False,0,A2
379.0,benign_ho,0.3418983026705302,0.4124219296156583,HEALTHY,benign,False,0,A2
379.0,benign_sched,0.3534921468979731,0.3498037401493811,HEALTHY,benign,False,0,A2
379.0,benign_kpm,0.2212166083259323,0.29210106881102804,HEALTHY,benign,False,0,A2
379.0,mal_A2,0.45536138864037284,0.2992540900154633,HEALTHY,A2,False,0,A2
380.0,benign_ho,0.4226575544554431,0.4144690545836153,HEALTHY,benign,False,0,A2
380.0,benign_sched,0.13598780191381227,0.3070405525022673,HEALTHY,benign,False,0,A2
380.0,benign_kpm,0.3414419264786169,0.3019692403445458,HEALTHY,benign,False,0,A2
380.0,mal_A2,0.2646295551414912,0.2923291830406689,HEALTHY,A2,False,0,A2
381.0,benign_ho,0.43467558907681597,0.4185103614822555,HEALTHY,benign,False,0,A2
381.0,benign_sched,0.02532502075372441,0.25069744615255873,HEALTHY,benign,False,0,A2
381.0,benign_kpm,0.3039090800677265,0.30235720828918194,HEALTHY,benign,False,0,A2
381.0,mal_A2,0.2974990062573656,0.2933631476840083,HEALTHY,A2,False,0,A2
382.0,benign_ho,0.2492020090603101,0.3846486909978664,HEALTHY,benign,False,0,A2
382.0,benign_sched,0.38594030216523145,0.2777460173550933,HEALTHY,benign,False,0,A2
382.0,benign_kpm,0.380727332074777,0.318031233046301,HEALTHY,benign,False,0,A2
382.0,mal_A2,0.1369224107223831,0.2620750002916833,HEALTHY,A2,False,0,A2
383.0,benign_ho,0.2549965698417884,0.35871826676665086,HEALTHY,benign,False,0,A2
383.0,benign_sched,0.34497987374749084,0.2911927886335728,HEALTHY,benign,False,0,A2
383.0,benign_kpm,0.17183977910421683,0.28879294225788416,HEALTHY,benign,False,0,A2
383.0,mal_A2,0.12146199169709394,0.23395239857276542,HEALTHY,A2,False,0,A2
384.0,benign_ho,0.37923180607348694,0.3628209746280181,HEALTHY,benign,False,0,A2
384.0,benign_sched,0.22135969273282508,0.27722616945342327,HEALTHY,benign,False,0,A2
384.0,benign_kpm,0.11279288807816196,0.2535929314219397,HEALTHY,benign,False,0,A2
384.0,mal_A2,0.15728305341043067,0.21861852954029848,HEALTHY,A2,False,0,A2
385.0,benign_ho,0.3324039590773243,0.3567375715178793,HEALTHY,benign,False,0,A2
385.0,benign_sched,0.0481873489210329,0.2314184053469452,HEALTHY,benign,False,0,A2
385.0,benign_kpm,0.20786248519132447,0.2444468421758167,HEALTHY,benign,False,0,A2
385.0,mal_A2,0.23048207724759373,0.22099123908175755,HEALTHY,A2,False,0,A2
386.0,benign_ho,0.36303587060625764,0.35799723133555506,HEALTHY,benign,False,0,A2
386.0,benign_sched,0.19283969860869035,0.22370266399929425,HEALTHY,benign,False,0,A2
386.0,benign_kpm,0.3971972548495218,0.2749969247105577,HEALTHY,benign,False,0,A2
386.0,mal_A2,0.3222036738320247,0.24123372603181098,HEALTHY,A2,False,0,A2
387.0,benign_ho,0.25848050321679095,0.3380938857118022,HEALTHY,benign,False,0,A2
387.0,benign_sched,0.14429138577838507,0.20782040835511242,HEALTHY,benign,False,0,A2
387.0,benign_kpm,0.35168247167307864,0.2903340341030619,HEALTHY,benign,False,0,A2
387.0,mal_A2,0.2107632805926588,0.23513963694398055,HEALTHY,A2,False,0,A2
388.0,benign_ho,0.42492851050374564,0.3554608106701909,HEALTHY,benign,False,0,A2
388.0,benign_sched,0.32900855679170177,0.2320580380424303,HEALTHY,benign,False,0,A2
388.0,benign_kpm,0.32695479103587055,0.29765818548962364,HEALTHY,benign,False,0,A2
388.0,mal_A2,0.2731475292112641,0.24274121539743726,HEALTHY,A2,False,0,A2
389.0,benign_ho,0.52036734601149,0.3884421177384507,HEALTHY,benign,False,0,A2
389.0,benign_sched,0.13102835881289562,0.21185210219652337,HEALTHY,benign,False,0,A2
389.0,benign_kpm,0.28564360782828174,0.2952552699573553,HEALTHY,benign,False,0,A2
389.0,mal_A2,0.230925404400033,0.24037805319795644,HEALTHY,A2,False,0,A2
390.0,benign_ho,0.36551576512806166,0.3838568472163729,HEALTHY,benign,False,0,A2
390.0,benign_sched,0.09712168451337205,0.18890601865989312,HEALTHY,benign,False,0,A2
390.0,benign_kpm,0.248393022056225,0.28588282037712925,HEALTHY,benign,False,0,A2
390.0,mal_A2,0.25981914025734104,0.24426627060983336,HEALTHY,A2,False,0,A2
391.0,benign_ho,0.5823814953799412,0.4235617768490866,HEALTHY,benign,False,0,A2
391.0,benign_sched,0.3066629590658549,0.21245740674108549,HEALTHY,benign,False,0,A2
391.0,benign_kpm,0.18435648136931018,0.2655775525755654,HEALTHY,benign,False,0,A2
391.0,mal_A2,0.12001047720779867,0.21941511192942642,HEALTHY,A2,False,0,A2
392.0,benign_ho,0.24055544931400116,0.3869605113420695,HEALTHY,benign,False,0,A2
392.0,benign_sched,0.1637542096922155,0.2027167673313115,HEALTHY,benign,False,0,A2
392.0,benign_kpm,0.2619822527064889,0.26485849260175015,HEALTHY,benign,False,0,A2
392.0,mal_A2,0.24752489139579076,0.2250370678226993,HEALTHY,A2,False,0,A2
393.0,benign_ho,0.4105418911339891,0.39167678730045347,HEALTHY,benign,False,0,A2
393.0,benign_sched,0.370333469595075,0.23624010778406423,HEALTHY,benign,False,0,A2
393.0,benign_kpm,0.345113012096922,0.2809093965007845,HEALTHY,benign,False,0,A2
393.0,mal_A2,0.27620880221294536,0.23527141470074853,HEALTHY,A2,False,0,A2
394.0,benign_ho,0.40032922449001723,0.39340727473836623,HEALTHY,benign,False,0,A2
394.0,benign_sched,0.11636011440535463,0.21226410910832233,HEALTHY,benign,False,0,A2
394.0,benign_kpm,0.38949355629070814,0.30262622845876924,HEALTHY,benign,False,0,A2
394.0,mal_A2,0.17374802549085117,0.22296673685876908,HEALTHY,A2,False,0,A2
395.0,benign_ho,0.42131094335322217,0.3989880084613375,HEALTHY,benign,False,0,A2
395.0,benign_sched,0.3782190789613953,0.24545510307893692,HEALTHY,benign,False,0,A2
395.0,benign_kpm,0.2835571043836333,0.29881240364374206,HEALTHY,benign,False,0,A2
395.0,mal_A2,0.3182608672436945,0.24202556293575417,HEALTHY,A2,False,0,A2
396.0,benign_ho,0.34416110274779266,0.3880226273186286,HEALTHY,benign,False,0,A2
396.0,benign_sched,0.29078532311541,0.2545211470862315,HEALTHY,benign,False,0,A2
396.0,benign_kpm,0.16947266665963093,0.2729444562469199,HEALTHY,benign,False,0,A2
396.0,mal_A2,0.23733874711021033,0.2410881997706454,HEALTHY,A2,False,0,A2
397.0,benign_ho,0.3225482832937023,0.37492775851364335,HEALTHY,benign,False,0,A2
397.0,benign_sched,0.4463243852796107,0.2928817947249074,HEALTHY,benign,False,0,A2
397.0,benign_kpm,0.19043947648618173,0.2564434602947723,HEALTHY,benign,False,0,A2
397.0,mal_A2,0.05386076098501537,0.2036427120135194,HEALTHY,A2,False,0,A2
398.0,benign_ho,0.4340435397128484,0.3867509147534844,HEALTHY,benign,False,0,A2
398.0,benign_sched,0.1503853470405713,0.2643825051880402,HEALTHY,benign,False,0,A2
398.0,benign_kpm,0.8703083643713015,0.37921644111007813,HEALTHY,benign,False,0,A2
398.0,mal_A2,0.7470820399471332,0.3123305776002422,HEALTHY,A2,False,0,A2
399.0,benign_ho,0.4128712922409819,0.3919749902509839,HEALTHY,benign,False,0,A2
399.0,benign_sched,0.23495702263818832,0.2584974086780698,HEALTHY,benign,False,0,A2
399.0,benign_kpm,0.2866756229076185,0.3607082774695862,HEALTHY,benign,False,0,A2
399.0,mal_A2,0.2686632172891957,0.3035971055380329,HEALTHY,A2,False,0,A2
400.0,benign_ho,0.33481905777298826,0.38054380375538477,HEALTHY,benign,False,0,A2
400.0,benign_sched,0.07472414021628632,0.2217427549857131,HEALTHY,benign,False,0,A2
400.0,benign_kpm,0.25420472800698163,0.33940756757706536,HEALTHY,benign,False,0,A2
400.0,mal_A2,0.32098313204369444,0.3070743108391652,HEALTHY,A2,False,0,A2
401.0,benign_ho,0.3459513057661746,0.3736253041575428,HEALTHY,benign,False,0,A2
401.0,benign_sched,0.10855708103723676,0.19910562019601785,HEALTHY,benign,False,0,A2
401.0,benign_kpm,0.3874378824907806,0.34901363055980844,HEALTHY,benign,False,0,A2
401.0,mal_A2,0.07898530287216358,0.26145650924576486,HEALTHY,A2,False,0,A2
402.0,benign_ho,0.20640773505941448,0.3401817903379172,HEALTHY,benign,False,0,A2
402.0,benign_sched,0.8574362203643724,0.3307717402296888,HEALTHY,benign,False,0,A2
402.0,benign_kpm,0.2199002320744887,0.32319095086274446,HEALTHY,benign,False,0,A2
402.0,mal_A2,0.29055813254315543,0.267276833905243,HEALTHY,A2,False,0,A2
403.0,benign_ho,0.2973641172538334,0.3316182557211005,HEALTHY,benign,False,0,A2
403.0,benign_sched,0.1961217161633213,0.30384173541641535,HEALTHY,benign,False,0,A2
403.0,benign_kpm,0.40491002258305453,0.3395347652068065,HEALTHY,benign,False,0,A2
403.0,mal_A2,0.22197692366454044,0.25821685185710247,HEALTHY,A2,False,0,A2
404.0,benign_ho,0.3635267442134875,0.33799995341957795,HEALTHY,benign,False,0,A2
404.0,benign_sched,0.07170929040159622,0.25741524641345154,HEALTHY,benign,False,0,A2
404.0,benign_kpm,0.28508786684276327,0.32864538553399786,HEALTHY,benign,False,0,A2
404.0,mal_A2,0.19189313946272224,0.24495210937822645,HEALTHY,A2,False,0,A2
405.0,benign_ho,0.3455546657866154,0.33951089589298544,HEALTHY,benign,False,0,A2
405.0,benign_sched,0.33292004460316754,0.27251620605139476,HEALTHY,benign,False,0,A2
405.0,benign_kpm,0.1477953270366002,0.2924753738345184,HEALTHY,benign,False,0,A2
405.0,mal_A2,0.2054048655557291,0.23704266061372697,HEALTHY,A2,False,0,A2
406.0,benign_ho,0.311182231361391,0.33384516298666655,HEALTHY,benign,False,0,A2
406.0,benign_sched,0.3580213821064413,0.28961724126240407,HEALTHY,benign,False,0,A2
406.0,benign_kpm,0.1278872383429718,0.25955774673620907,HEALTHY,benign,False,0,A2
406.0,mal_A2,0.6387231118524902,0.31737875086147965,HEALTHY,A2,False,0,A2
407.0,benign_ho,0.6463491681746875,0.39634596402427075,HEALTHY,benign,False,0,A2
407.0,benign_sched,0.5484274832559164,0.34137928966110653,HEALTHY,benign,False,0,A2
407.0,benign_kpm,0.4015842745588173,0.2879630523007307,HEALTHY,benign,False,0,A2
407.0,mal_A2,0.1310184365493125,0.28010668799904626,HEALTHY,A2,False,0,A2
408.0,benign_ho,0.5702077957280689,0.43111833036503044,HEALTHY,benign,False,0,A2
408.0,benign_sched,0.1747892945496196,0.30806129063880916,HEALTHY,benign,False,0,A2
408.0,benign_kpm,0.1953941031993448,0.26944926248045353,HEALTHY,benign,False,0,A2
408.0,mal_A2,0.5956598048566599,0.343217311370569,HEALTHY,A2,False,0,A2
409.0,benign_ho,0.4209916442923302,0.42909299315049043,HEALTHY,benign,False,0,A2
409.0,benign_sched,0.22018665875843466,0.2904863642627343,HEALTHY,benign,False,0,A2
409.0,benign_kpm,0.35094406724666405,0.28574822343369566,HEALTHY,benign,False,0,A2
409.0,mal_A2,0.40074118648813717,0.35472208639408265,HEALTHY,A2,False,0,A2
410.0,benign_ho,0.2533948212496694,0.3939533587703263,HEALTHY,benign,False,0,A2
410.0,benign_sched,0.14042640160925765,0.26047437173203897,HEALTHY,benign,False,0,A2
410.0,benign_kpm,0.4378102732887652,0.31616063340470957,HEALTHY,benign,False,0,A2
410.0,mal_A2,0.408873419059218,0.36555235292710975,HEALTHY,A2,False,0,A2
411.0,benign_ho,0.36599455757266053,0.38836159853079316,HEALTHY,benign,False,0,A2
411.0,benign_sched,0.14845058262423097,0.23806961391047737,HEALTHY,benign,False,0,A2
411.0,benign_kpm,0.30577478951796017,0.3140834646273597,HEALTHY,benign,False,0,A2
411.0,mal_A2,0.17624181748368656,0.32769024583842515,HEALTHY,A2,False,0,A2
412.0,benign_ho,0.5579769430021393,0.42228466742506243,HEALTHY,benign,False,0,A2
412.0,benign_sched,0.21791577019547945,0.2340388451674778,HEALTHY,benign,False,0,A2
412.0,benign_kpm,0.3353794569982326,0.3183426631015343,HEALTHY,benign,False,0,A2
412.0,mal_A2,0.2068060358300427,0.3035134038367487,HEALTHY,A2,False,0,A2
413.0,benign_ho,0.3125676942355149,0.4003412727871529,HEALTHY,benign,False,0,A2
413.0,benign_sched,0.3497204639120397,0.2571751689163902,HEALTHY,benign,False,0,A2
413.0,benign_kpm,0.31431540438287825,0.3175372113578031,HEALTHY,benign,False,0,A2
413.0,mal_A2,0.3360802539736975,0.31002677386413846,HEALTHY,A2,False,0,A2
414.0,benign_ho,0.312582219040078,0.382789462037738,HEALTHY,benign,False,0,A2
414.0,benign_sched,0.47448035222516327,0.30063620557814486,HEALTHY,benign,False,0,A2
414.0,benign_kpm,0.21808780869133962,0.2976473308245104,HEALTHY,benign,False,0,A2
414.0,mal_A2,0.23365190135316363,0.2947517993619435,HEALTHY,A2,False,0,A2
415.0,benign_ho,0.5923597488431269,0.42470351939881584,HEALTHY,benign,False,0,A2
415.0,benign_sched,0.04805652522434229,0.25012026950738436,HEALTHY,benign,False,0,A2
415.0,benign_kpm,0.39414881817072744,0.31694762829375384,HEALTHY,benign,False,0,A2
415.0,mal_A2,0.27812602692612964,0.29142664487478076,HEALTHY,A2,False,0,A2
416.0,benign_ho,0.3338691960440498,0.40653665472786266,HEALTHY,benign,False,0,A2
416.0,benign_sched,0.38830949378681634,0.2777581143632708,HEALTHY,benign,False,0,A2
416.0,benign_kpm,0.3946471578857672,0.3324875342121565,HEALTHY,benign,False,0,A2
416.0,mal_A2,0.34948385313039604,0.3030380865259038,HEALTHY,A2,False,0,A2
417.0,benign_ho,0.22917338339145904,0.37106400046058197,HEALTHY,benign,False,0,A2
417.0,benign_sched,0.21828678963987225,0.2658638494185911,HEALTHY,benign,False,0,A2
417.0,benign_kpm,0.5050452650421331,0.3669990803781518,HEALTHY,benign,False,0,A2
417.0,mal_A2,0.20954630154423742,0.28433972952957054,HEALTHY,A2,False,0,A2
418.0,benign_ho,0.34330727202173417,0.3655126547728124,HEALTHY,benign,False,0,A2
418.0,benign_sched,0.23161596711610888,0.25901427295809465,HEALTHY,benign,False,0,A2
418.0,benign_kpm,0.12543621643308722,0.3186865075891389,HEALTHY,benign,False,0,A2
418.0,mal_A2,0.13977053151072202,0.25542588992580084,HEALTHY,A2,False,0,A2
419.0,benign_ho,0.3631426227352541,0.36503864836530076,HEALTHY,benign,False,0,A2
419.0,benign_sched,0.12678179966052563,0.23256777829858086,HEALTHY,benign,False,0,A2
419.0,benign_kpm,0.20324679386871639,0.2955985648450544,HEALTHY,benign,False,0,A2
419.0,mal_A2,0.3328915121863317,0.270919014377907,HEALTHY,A2,False,0,A2
420.0,benign_ho,0.4411362666075516,0.38025817201375095,HEALTHY,benign,False,0,A2
420.0,benign_sched,0.11995976281446052,0.2100461752017568,HEALTHY,benign,False,0,A2
420.0,benign_kpm,0.39766462589325774,0.31601177705469513,HEALTHY,benign,False,0,A2
420.0,mal_A2,0.2773619981520157,0.27220761113272873,HEALTHY,A2,False,0,A2
421.0,benign_ho,0.4161322348229172,0.3874329845755843,HEALTHY,benign,False,0,A2
421.0,benign_sched,0.16550801048651026,0.20113854225870753,HEALTHY,benign,False,0,A2
421.0,benign_kpm,0.28894630247680186,0.3105986821391165,HEALTHY,benign,False,0,A2
421.0,mal_A2,0.2656451279050225,0.2708951144871875,HEALTHY,A2,False,0,A2
422.0,benign_ho,0.45283635019702634,0.40051365769987274,HEALTHY,benign,False,0,A2
422.0,benign_sched,0.04265290723352242,0.1694414152536705,HEALTHY,benign,False,0,A2
422.0,benign_kpm,0.1338529877856219,0.2752495432684176,HEALTHY,benign,False,0,A2
422.0,mal_A2,0.19399792791422113,0.25551567717259427,HEALTHY,A2,False,0,A2
423.0,benign_ho,0.5546689597678611,0.4313447181134704,HEALTHY,benign,False,0,A2
423.0,benign_sched,0.1957290097853508,0.17469893416000656,HEALTHY,benign,False,0,A2
423.0,benign_kpm,0.2087374512772186,0.2619471248701778,HEALTHY,benign,False,0,A2
423.0,mal_A2,0.2472323807569643,0.2538590178894683,HEALTHY,A2,False,0,A2
424.0,benign_ho,0.33824516509310876,0.4127248075093981,HEALTHY,benign,False,0,A2
424.0,benign_sched,0.12897607996069274,0.1655543633201438,HEALTHY,benign,False,0,A2
424.0,benign_kpm,0.2246783087549372,0.2544933616471297,HEALTHY,benign,False,0,A2
424.0,mal_A2,0.19982809821285022,0.24305283395414468,HEALTHY,A2,False,0,A2
425.0,benign_ho,0.3903675533705086,0.4082533566816202,HEALTHY,benign,False,0,A2
425.0,benign_sched,0.18083483576210516,0.1686104578085361,HEALTHY,benign,False,0,A2
425.0,benign_kpm,0.40328763686507546,0.2842522166907189,HEALTHY,benign,False,0,A2
425.0,mal_A2,0.16168063954211484,0.22677839507173872,HEALTHY,A2,False,0,A2
426.0,benign_ho,0.22685389791712016,0.3719734649287202,HEALTHY,benign,False,0,A2
426.0,benign_sched,0.21215294952957062,0.177318956152743,HEALTHY,benign,False,0,A2
426.0,benign_kpm,0.2366470860552196,0.27473119056361905,HEALTHY,benign,False,0,A2
426.0,mal_A2,0.5752090768968072,0.29646453143675244,HEALTHY,A2,False,0,A2
427.0,benign_ho,0.3040503572444291,0.358388843391862,HEALTHY,benign,False,0,A2
427.0,benign_sched,0.0,0.1418551649221944,HEALTHY,benign,False,0,A2
427.0,benign_kpm,0.272552856413256,0.27429552373354643,HEALTHY,benign,False,0,A2
427.0,mal_A2,0.3140333918182789,0.29997830351305776,HEALTHY,A2,False,0,A2
428.0,benign_ho,0.4792660655830522,0.38256428783010005,HEALTHY,benign,False,0,A2
428.0,benign_sched,0.2887789088251554,0.1712399137027866,HEALTHY,benign,False,0,A2
428.0,benign_kpm,0.49734366405002767,0.3189051517968427,HEALTHY,benign,False,0,A2
428.0,mal_A2,0.2044783154951837,0.280878305909483,HEALTHY,A2,False,0,A2
429.0,benign_ho,0.5253294952800275,0.41111732932008554,HEALTHY,benign,False,0,A2
429.0,benign_sched,0.4122656645242649,0.21944506386708226,HEALTHY,benign,False,0,A2
429.0,benign_kpm,0.25406768857242057,0.30593765915195825,HEALTHY,benign,False,0,A2
429.0,mal_A2,0.2346770587549308,0.27163805647857253,HEALTHY,A2,False,0,A2
430.0,benign_ho,0.35485416880439086,0.3998646972169466,HEALTHY,benign,False,0,A2
430.0,benign_sched,0.3609583489203256,0.24774772087773095,HEALTHY,benign,False,0,A2
430.0,benign_kpm,0.48885857076856565,0.34252184147527975,HEALTHY,benign,False,0,A2
430.0,mal_A2,0.06279852633638223,0.22987015045013448,HEALTHY,A2,False,0,A2
431.0,benign_ho,0.24045570211952005,0.36798289819746133,HEALTHY,benign,False,0,A2
431.0,benign_sched,0.24317555128052135,0.24683328695828904,HEALTHY,benign,False,0,A2
431.0,benign_kpm,0.40952505241186143,0.3559224836625961,HEALTHY,benign,False,0,A2
431.0,mal_A2,0.11295763445691012,0.20648764725148963,HEALTHY,A2,False,0,A2
432.0,benign_ho,0.2609393324374378,0.3465741850454567,HEALTHY,benign,False,0,A2
432.0,benign_sched,0.3034612242453283,0.2581588744156969,HEALTHY,benign,False,0,A2
432.0,benign_kpm,0.8254652337265482,0.44983103367538657,HEALTHY,benign,False,0,A2
432.0,mal_A2,0.200597938431301,0.20530970548745192,HEALTHY,A2,False,0,A2
433.0,benign_ho,0.38200873433312227,0.3536610949029898,HEALTHY,benign,False,0,A2
433.0,benign_sched,0.08619565781842141,0.22376623109624183,HEALTHY,benign,False,0,A2
433.0,benign_kpm,0.42220103008799864,0.444305032957909,HEALTHY,benign,False,0,A2
433.0,mal_A2,0.2700212364254246,0.2182520116750465,HEALTHY,A2,False,0,A2
434.0,benign_ho,0.41203045944678607,0.36533496781174907,HEALTHY,benign,False,0,A2
434.0,benign_sched,0.12563288750700594,0.20413956237839465,HEALTHY,benign,False,0,A2
434.0,benign_kpm,0.254814119367089,0.406406850239745,HEALTHY,benign,False,0,A2
434.0,mal_A2,0.09696808649360213,0.19399522663875762,HEALTHY,A2,False,0,A2
435.0,benign_ho,0.4527115852038221,0.3828102912901637,HEALTHY,benign,False,0,A2
435.0,benign_sched,0.0500293262529786,0.17331751515331145,HEALTHY,benign,False,0,A2
435.0,benign_kpm,0.2407024195137669,0.3732659640945494,HEALTHY,benign,False,0,A2
435.0,mal_A2,0.22502727689759758,0.20020163669052563,HEALTHY,A2,False,0,A2
436.0,benign_ho,0.580380759619447,0.4223243849560204,HEALTHY,benign,False,0,A2
436.0,benign_sched,0.0569435409879316,0.15004272032023547,HEALTHY,benign,False,0,A2
436.0,benign_kpm,0.3695804148584512,0.37252885424732973,HEALTHY,benign,False,0,A2
436.0,mal_A2,0.22260986793083554,0.20468328293858762,HEALTHY,A2,False,0,A2
437.0,benign_ho,0.2559854791662226,0.38905660379806084,HEALTHY,benign,False,0,A2
437.0,benign_sched,0.24045951436502042,0.16812607912919247,HEALTHY,benign,False,0,A2
437.0,benign_kpm,0.24933662307695295,0.34789040801325444,HEALTHY,benign,False,0,A2
437.0,mal_A2,0.11473212811190421,0.18669305197325095,HEALTHY,A2,False,0,A2
438.0,benign_ho,0.6093977616875723,0.43312483537596314,HEALTHY,benign,False,0,A2
438.0,benign_sched,0.3076101849068154,0.19602290028471706,HEALTHY,benign,False,0,A2
438.0,benign_kpm,0.5671435384112391,0.3917410340928514,HEALTHY,benign,False,0,A2
438.0,mal_A2,0.3299252453716921,0.21533949065293917,HEALTHY,A2,False,0,A2
439.0,benign_ho,0.4363092302220514,0.4337617143451808,HEALTHY,benign,False,0,A2
439.0,benign_sched,0.1938581382369031,0.19558994787515427,HEALTHY,benign,False,0,A2
439.0,benign_kpm,0.23958382976651163,0.3613095932275835,HEALTHY,benign,False,0,A2
439.0,mal_A2,0.5012760649377753,0.27252680550990643,HEALTHY,A2,False,0,A2
440.0,benign_ho,0.4040054757637258,0.4278104666288898,HEALTHY,benign,False,0,A2
440.0,benign_sched,0.10655107622836413,0.17778217354579626,HEALTHY,benign,False,0,A2
440.0,benign_kpm,0.16634830796758734,0.3223173361755843,HEALTHY,benign,False,0,A2
440.0,mal_A2,0.11308935170598029,0.2406393147491212,HEALTHY,A2,False,0,A2
441.0,benign_ho,0.5643390504737749,0.45511618339786686,HEALTHY,benign,False,0,A2
441.0,benign_sched,0.2576840684720638,0.19376255253104976,HEALTHY,benign,False,0,A2
441.0,benign_kpm,0.2494817840536597,0.30775022575119937,HEALTHY,benign,False,0,A2
441.0,mal_A2,0.33708910049196866,0.2599292718976907,HEALTHY,A2,False,0,A2
442.0,benign_ho,0.23815530365669035,0.41172400744963156,HEALTHY,benign,False,0,A2
442.0,benign_sched,0.5436472525120137,0.26373949252724255,HEALTHY,benign,False,0,A2
442.0,benign_kpm,0.3011099832408681,0.3064221772491331,HEALTHY,benign,False,0,A2
442.0,mal_A2,0.4566816407487151,0.2992797456678956,HEALTHY,A2,False,0,A2
443.0,benign_ho,0.4781657419495387,0.42501235434961304,HEALTHY,benign,False,0,A2
443.0,benign_sched,0.16498343090916304,0.24398828020362665,HEALTHY,benign,False,0,A2
443.0,benign_kpm,0.5777580312791656,0.36068934805513964,HEALTHY,benign,False,0,A2
443.0,mal_A2,0.3404805039493679,0.3075198973241901,HEALTHY,A2,False,0,A2
444.0,benign_ho,0.39050094641406735,0.41811007276250395,HEALTHY,benign,False,0,A2
444.0,benign_sched,0.3603545898321734,0.267261542129336,HEALTHY,benign,False,0,A2
444.0,benign_kpm,0.11588813688119537,0.3117291058203508,HEALTHY,benign,False,0,A2
444.0,mal_A2,0.3578465747288674,0.3175852328051256,HEALTHY,A2,False,0,A2
445.0,benign_ho,0.19457873292737574,0.3734038047954783,HEALTHY,benign,False,0,A2
445.0,benign_sched,0.28257906667458804,0.27032504703838645,HEALTHY,benign,False,0,A2
445.0,benign_kpm,0.6068126564437979,0.37074581594504025,HEALTHY,benign,False,0,A2
445.0,mal_A2,0.223350367466858,0.2987382597374721,HEALTHY,A2,False,0,A2
446.0,benign_ho,0.36326821562642103,0.37137668696166687,HEALTHY,benign,False,0,A2
446.0,benign_sched,0.07655730432030307,0.23157149849476977,HEALTHY,benign,False,0,A2
446.0,benign_kpm,0.14766377538098163,0.32612940783222855,HEALTHY,benign,False,0,A2
446.0,mal_A2,0.12126792899900528,0.26324419358977874,HEALTHY,A2,False,0,A2
447.0,benign_ho,0.3346398741495131,0.3640293243992361,HEALTHY,benign,False,0,A2
447.0,benign_sched,0.6070736439002343,0.3066719275758627,HEALTHY,benign,False,0,A2
447.0,benign_kpm,0.24647469404375877,0.3101984650745346,HEALTHY,benign,False,0,A2
447.0,mal_A2,0.19236644521989685,0.24906864391580238,HEALTHY,A2,False,0,A2
448.0,benign_ho,0.5664478692939707,0.404513033378183,HEALTHY,benign,False,0,A2
448.0,benign_sched,0.1815457020810419,0.28164668247689856,HEALTHY,benign,False,0,A2
448.0,benign_kpm,0.317294222566893,0.31161761657300624,HEALTHY,benign,False,0,A2
448.0,mal_A2,0.2228825834414399,0.24383143182092992,HEALTHY,A2,False,0,A2
449.0,benign_ho,0.34720617154395156,0.3930516610113367,HEALTHY,benign,False,0,A2
449.0,benign_sched,0.31480655050840683,0.28827865608320025,HEALTHY,benign,False,0,A2
449.0,benign_kpm,0.6372840311585093,0.37675089949010687,HEALTHY,benign,False,0,A2
449.0,mal_A2,0.15092326222199318,0.22524979790114258,HEALTHY,A2,False,0,A2
450.0,benign_ho,0.263882727386523,0.367217874286374,HEALTHY,benign,False,0,A2
450.0,benign_sched,0.08081992713334167,0.24678691029322855,HEALTHY,benign,False,0,A2
450.0,benign_kpm,0.3650559911511883,0.3744119178223232,HEALTHY,benign,False,0,A2
450.0,mal_A2,0.08470774693136471,0.197141387707187,HEALTHY,A2,False,0,A2
451.0,benign_ho,0.4799219128040121,0.38975868198990166,HEALTHY,benign,False,0,A2
451.0,benign_sched,0.23143931385836752,0.24371739100625636,HEALTHY,benign,False,0,A2
451.0,benign_kpm,0.5205861188883069,0.4036467580355199,HEALTHY,benign,False,0,A2
451.0,mal_A2,0.20649153327051173,0.19901141681985196,HEALTHY,A2,False,0,A2
452.0,benign_ho,0.4369087719282115,0.3991886999775637,HEALTHY,benign,False,0,A2
452.0,benign_sched,0.3339233556770538,0.26175858394041585,HEALTHY,benign,False,0,A2
452.0,benign_kpm,0.6236923787144613,0.4476558821713082,HEALTHY,benign,False,0,A2
452.0,mal_A2,0.17534823457835388,0.19427878037155236,HEALTHY,A2,False,0,A2
453.0,benign_ho,0.5753758998356289,0.4344261399491768,HEALTHY,benign,False,0,A2
453.0,benign_sched,0.2695761465493603,0.2633220964622048,HEALTHY,benign,False,0,A2
453.0,benign_kpm,0.25682702036137817,0.4094901098093222,HEALTHY,benign,False,0,A2
453.0,mal_A2,0.016888612999917757,0.15880074689722545,HEALTHY,A2,False,0,A2
454.0,benign_ho,0.6540774885953929,0.4783564096784201,HEALTHY,benign,False,0,A2
454.0,benign_sched,0.37152533594527193,0.2849627443588182,HEALTHY,benign,False,0,A2
454.0,benign_kpm,0.3733154961368381,0.40225518707482544,HEALTHY,benign,False,0,A2
454.0,mal_A2,0.10364822922363581,0.14777024336250755,HEALTHY,A2,False,0,A2
455.0,benign_ho,0.396176578335145,0.4619204434097651,HEALTHY,benign,False,0,A2
455.0,benign_sched,0.19128504011770725,0.26622720351059603,HEALTHY,benign,False,0,A2
455.0,benign_kpm,0.22561477200791202,0.3669271040614428,HEALTHY,benign,False,0,A2
455.0,mal_A2,0.3931895020326215,0.19685409509653035,HEALTHY,A2,False,0,A2
456.0,benign_ho,0.39445786456905507,0.4484279276416231,HEALTHY,benign,False,0,A2
456.0,benign_sched,0.1855503745899098,0.2500918377264588,HEALTHY,benign,False,0,A2
456.0,benign_kpm,0.2634958223553408,0.3462408477202224,HEALTHY,benign,False,0,A2
456.0,mal_A2,0.45646899869553176,0.24877707581633063,HEALTHY,A2,False,0,A2
457.0,benign_ho,0.26584551835615466,0.41191144578452943,HEALTHY,benign,False,0,A2
457.0,benign_sched,0.16164566430270216,0.23240260304170748,HEALTHY,benign,False,0,A2
457.0,benign_kpm,0.5450253079458031,0.3859977397653386,HEALTHY,benign,False,0,A2
457.0,mal_A2,0.27160146508272176,0.2533419536696089,HEALTHY,A2,False,0,A2
458.0,benign_ho,0.3762768567803437,0.4047845279836923,HEALTHY,benign,False,0,A2
458.0,benign_sched,0.1431858102828241,0.21455924448993083,HEALTHY,benign,False,0,A2
458.0,benign_kpm,0.13493870116682952,0.3357859320456368,HEALTHY,benign,False,0,A2
458.0,mal_A2,0.19819180459667562,0.24231192385502223,HEALTHY,A2,False,0,A2
459.0,benign_ho,0.3620277185202857,0.396233166091011,HEALTHY,benign,False,0,A2
459.0,benign_sched,0.3157234756972101,0.23479209073138668,HEALTHY,benign,False,0,A2
459.0,benign_kpm,0.24035936625320536,0.3167006188871505,HEALTHY,benign,False,0,A2
459.0,mal_A2,0.1692178181870072,0.22769310272141924,HEALTHY,A2,False,0,A2
460.0,benign_ho,0.3836101904990464,0.3937085709726181,HEALTHY,benign,False,0,A2
460.0,benign_sched,0.30951147761153824,0.249735968107417,HEALTHY,benign,False,0,A2
460.0,benign_kpm,0.1886031324420246,0.2910811215981253,HEALTHY,benign,False,0,A2
460.0,mal_A2,0.23492596715932174,0.22913967560899975,HEALTHY,A2,False,0,A2
461.0,benign_ho,0.20495458885172566,0.35595777454843963,HEALTHY,benign,False,0,A2
461.0,benign_sched,0.14476025465866937,0.2287408254176675,HEALTHY,benign,False,0,A2
461.0,benign_kpm,0.4854020086808458,0.3299452990146694,HEALTHY,benign,False,0,A2
461.0,mal_A2,0.24847865611624045,0.2330074717104479,HEALTHY,A2,False,0,A2
462.0,benign_ho,0.5409625333592833,0.39295872631060835,HEALTHY,benign,False,0,A2
462.0,benign_sched,0.34862991698917906,0.25271864373196984,HEALTHY,benign,False,0,A2
462.0,benign_kpm,0.18513669631462748,0.30098357847466106,HEALTHY,benign,False,0,A2
462.0,mal_A2,0.3718739883815308,0.26078077504466446,HEALTHY,A2,False,0,A2
463.0,benign_ho,0.6069211446798916,0.43575120998446504,HEALTHY,benign,False,0,A2
463.0,benign_sched,0.4406302797346025,0.2903009709324964,HEALTHY,benign,False,0,A2
463.0,benign_kpm,0.23983461980163037,0.2887537867400549,HEALTHY,benign,False,0,A2
463.0,mal_A2,0.2783193159268698,0.26428848322110554,HEALTHY,A2,False,0,A2
464.0,benign_ho,0.5226425893467938,0.4531294858569308,HEALTHY,benign,False,0,A2
464.0,benign_sched,0.38812768780361456,0.30986631430672007,HEALTHY,benign,False,0,A2
464.0,benign_kpm,0.1701752202669693,0.26503807344543784,HEALTHY,benign,False,0,A2
464.0,mal_A2,0.1847213111668417,0.2483750488102528,HEALTHY,A2,False,0,A2
465.0,benign_ho,0.2992034325944727,0.4223442752044392,HEALTHY,benign,False,0,A2
465.0,benign_sched,0.07890539146680611,0.2636741297387373,HEALTHY,benign,False,0,A2
465.0,benign_kpm,0.24559061213465722,0.26114858118328177,HEALTHY,benign,False,0,A2
465.0,mal_A2,0.1433014556306124,0.22736033017432472,HEALTHY,A2,False,0,A2
466.0,benign_ho,0.3413893115434305,0.4061532824722375,HEALTHY,benign,False,0,A2
466.0,benign_sched,0.132519942454596,0.23744329228190902,HEALTHY,benign,False,0,A2
466.0,benign_kpm,0.13203295671054247,0.23532545628873391,HEALTHY,benign,False,0,A2
466.0,mal_A2,0.5518535714618534,0.29225897843183046,HEALTHY,A2,False,0,A2
467.0,benign_ho,0.4443110111080881,0.4137848281994076,HEALTHY,benign,False,0,A2
467.0,benign_sched,0.08611179487067261,0.20717699279966176,HEALTHY,benign,False,0,A2
467.0,benign_kpm,0.2655850410998671,0.24137737325096056,HEALTHY,benign,False,0,A2
467.0,mal_A2,0.3123088275168374,0.2962689482488319,HEALTHY,A2,False,0,A2
468.0,benign_ho,0.5303977389454385,0.4371074103486138,HEALTHY,benign,False,0,A2
468.0,benign_sched,0.09719537671218924,0.18518066958216728,HEALTHY,benign,False,0,A2
468.0,benign_kpm,0.2289192417009192,0.2388857469409523,HEALTHY,benign,False,0,A2
468.0,mal_A2,0.6836872028074163,0.3737525991605488,HEALTHY,A2,False,0,A2
469.0,benign_ho,0.5802755522559435,0.46574103873007977,HEALTHY,benign,False,0,A2
469.0,benign_sched,0.18650083614669677,0.18544470289507317,HEALTHY,benign,False,0,A2
469.0,benign_kpm,0.5419867695911371,0.2995059514709893,HEALTHY,benign,False,0,A2
469.0,mal_A2,0.06762400852782283,0.31252688103400367,HEALTHY,A2,False,0,A2
470.0,benign_ho,0.4023917977790416,0.45307119053987216,HEALTHY,benign,False,0,A2
470.0,benign_sched,0.22403097807314892,0.19316195793068833,HEALTHY,benign,False,0,A2
470.0,benign_kpm,0.13828902490208045,0.26726256615720756,HEALTHY,benign,False,0,A2
470.0,mal_A2,0.303789105779423,0.31077932598308755,HEALTHY,A2,False,0,A2
471.0,benign_ho,0.37645775551318983,0.4377485035345357,HEALTHY,benign,False,0,A2
471.0,benign_sched,0.3229471556638196,0.21911899747731461,HEALTHY,benign,False,0,A2
471.0,benign_kpm,0.16648484229464922,0.2471070213846959,HEALTHY,benign,False,0,A2
471.0,mal_A2,0.2656861707240743,0.3017606949312849,HEALTHY,A2,False,0,A2
472.0,benign_ho,0.46019971965011,0.4422387467576506,HEALTHY,benign,False,0,A2
472.0,benign_sched,0.24078544521444878,0.22345228702474146,HEALTHY,benign,False,0,A2
472.0,benign_kpm,0.5152995537302244,0.3007455278538016,HEALTHY,benign,False,0,A2
472.0,mal_A2,0.30992747113127384,0.3033940501712827,HEALTHY,A2,False,0,A2
473.0,benign_ho,0.4988324977629425,0.453557496958709,HEALTHY,benign,False,0,A2
473.0,benign_sched,0.13319888452974596,0.20540160652574235,HEALTHY,benign,False,0,A2
473.0,benign_kpm,0.4143019845145505,0.32345681918595137,HEALTHY,benign,False,0,A2
473.0,mal_A2,0.2226267164274219,0.2872405834225106,HEALTHY,A2,False,0,A2
474.0,benign_ho,0.2758997396411332,0.4180259454951939,HEALTHY,benign,False,0,A2
474.0,benign_sched,0.11801880732365021,0.18792504668532392,HEALTHY,benign,False,0,A2
474.0,benign_kpm,0.2020014284891708,0.29916574104659527,HEALTHY,benign,False,0,A2
474.0,mal_A2,0.2696000191971601,0.2837124705774405,HEALTHY,A2,False,0,A2
475.0,benign_ho,0.30439089239481726,0.3952989348751186,HEALTHY,benign,False,0,A2
475.0,benign_sched,0.2601960420009816,0.20237924574845548,HEALTHY,benign,False,0,A2
475.0,benign_kpm,0.5816519265297809,0.35566297814323244,HEALTHY,benign,False,0,A2
475.0,mal_A2,0.2707712365220174,0.2811242237663559,HEALTHY,A2,False,0,A2
476.0,benign_ho,0.28420865755544883,0.3730808794111847,HEALTHY,benign,False,0,A2
476.0,benign_sched,0.3872857091639588,0.2393605384315562,HEALTHY,benign,False,0,A2
476.0,benign_kpm,0.4542332287143291,0.3753770282574518,HEALTHY,benign,False,0,A2
476.0,mal_A2,0.11649565957402744,0.2481985109278902,HEALTHY,A2,False,0,A2
477.0,benign_ho,0.2696620808962393,0.35239711970819565,HEALTHY,benign,False,0,A2
477.0,benign_sched,0.22913454654817728,0.23731534005488042,HEALTHY,benign,False,0,A2
477.0,benign_kpm,0.20183907194132913,0.34066943699422725,HEALTHY,benign,False,0,A2
477.0,mal_A2,0.3095434875927727,0.2604675062608667,HEALTHY,A2,False,0,A2
478.0,benign_ho,0.3285115105339292,0.34761999787334236,HEALTHY,benign,False,0,A2
478.0,benign_sched,0.08734141937641947,0.20732055591918824,HEALTHY,benign,False,0,A2
478.0,benign_kpm,0.23032435304579998,0.31860042020454177,HEALTHY,benign,False,0,A2
478.0,mal_A2,0.1558201802306436,0.23953804105482207,HEALTHY,A2,False,0,A2
479.0,benign_ho,0.3315569529819606,0.344407388895066,HEALTHY,benign,False,0,A2
479.0,benign_sched,0.0532498673397367,0.17650641820329793,HEALTHY,benign,False,0,A2
479.0,benign_kpm,0.48782110152593317,0.35244455646882006,HEALTHY,benign,False,0,A2
479.0,mal_A2,0.4765343452893539,0.28693730190172845,HEALTHY,A2,False,0,A2
480.0,benign_ho,0.2600431605335035,0.3275345432227535,HEALTHY,benign,False,0,A2
480.0,benign_sched,0.25664492108723574,0.19253411878008553,HEALTHY,benign,False,0,A2
480.0,benign_kpm,0.1330623154201609,0.30856810825908826,HEALTHY,benign,False,0,A2
480.0,mal_A2,0.5217626371333318,0.33390236894804914,HEALTHY,A2,False,0,A2
481.0,benign_ho,0.38194832506568616,0.33841729959134004,HEALTHY,benign,False,0,A2
481.0,benign_sched,0.021641567680150447,0.1583556085600985,HEALTHY,benign,False,0,A2
481.0,benign_kpm,0.2309714404575384,0.29304877469877827,HEALTHY,benign,False,0,A2
481.0,mal_A2,0.12538625127494282,0.2921991454134279,HEALTHY,A2,False,0,A2
482.0,benign_ho,0.3272563246330079,0.3361851045996736,HEALTHY,benign,False,0,A2
482.0,benign_sched,0.21886339971821756,0.17045716679172232,HEALTHY,benign,False,0,A2
482.0,benign_kpm,0.22634916944348302,0.27970885364771925,HEALTHY,benign,False,0,A2
482.0,mal_A2,0.4124996339042853,0.31625924311159936,HEALTHY,A2,False,0,A2
483.0,benign_ho,0.34513699709775075,0.33797548309928904,HEALTHY,benign,False,0,A2
483.0,benign_sched,0.06810340456596499,0.14998641434657084,HEALTHY,benign,False,0,A2
483.0,benign_kpm,0.35265777475074084,0.29429863786832355,HEALTHY,benign,False,0,A2
483.0,mal_A2,0.4273655101755822,0.33848049652439594,HEALTHY,A2,False,0,A2
484.0,benign_ho,0.7116977967678746,0.4127199458330062,HEALTHY,benign,False,0,A2
484.0,benign_sched,0.2193164509126043,0.16385242165977754,HEALTHY,benign,False,0,A2
484.0,benign_kpm,0.2350197343662271,0.2824428571679043,HEALTHY,benign,False,0,A2
484.0,mal_A2,0.2814054392078489,0.3270654850610865,HEALTHY,A2,False,0,A2
485.0,benign_ho,0.36239378313452747,0.4026547132933105,HEALTHY,benign,False,0,A2
485.0,benign_sched,0.18755923985364162,0.16859378529855035,HEALTHY,benign,False,0,A2
485.0,benign_kpm,0.2526368355868825,0.27648165285169995,HEALTHY,benign,False,0,A2
485.0,mal_A2,0.06074062648970612,0.27380051334681044,HEALTHY,A2,False,0,A2
486.0,benign_ho,0.3374030309279315,0.38960437682023474,HEALTHY,benign,False,0,A2
486.0,benign_sched,0.5061513527959574,0.23610529879803177,HEALTHY,benign,False,0,A2
486.0,benign_kpm,0.46898334584033013,0.314981991449426,HEALTHY,benign,False,0,A2
486.0,mal_A2,0.1607558326455548,0.2511915772065593,HEALTHY,A2,False,0,A2
487.0,benign_ho,0.5746568834384754,0.42661487814388294,HEALTHY,benign,False,0,A2
487.0,benign_sched,0.16709678768051384,0.2223035965745282,HEALTHY,benign,False,0,A2
487.0,benign_kpm,0.22795966580321855,0.2975775263201845,HEALTHY,benign,False,0,A2
487.0,mal_A2,0.17112559600529903,0.23517838096630728,HEALTHY,A2,False,0,A2
488.0,benign_ho,0.3934539393631986,0.4199826903877461,HEALTHY,benign,False,0,A2
488.0,benign_sched,0.24990257326262316,0.22782339191214718,HEALTHY,benign,False,0,A2
488.0,benign_kpm,0.6230007375174158,0.3626621685596308,HEALTHY,benign,False,0,A2
488.0,mal_A2,0.3370234421616568,0.2555473932053772,HEALTHY,A2,False,0,A2
489.0,benign_ho,0.2773970671593903,0.391465565742075,HEALTHY,benign,False,0,A2
489.0,benign_sched,0.1077603910259114,0.20381079173490005,HEALTHY,benign,False,0,A2
489.0,benign_kpm,0.6493882640563925,0.42000738765898316,HEALTHY,benign,False,0,A2
489.0,mal_A2,0.2055839705774914,0.2455547086798001,HEALTHY,A2,False,0,A2
490.0,benign_ho,0.32528806099041624,0.37823006479174326,HEALTHY,benign,False,0,A2
490.0,benign_sched,0.8072075218011219,0.32449013774814445,HEALTHY,benign,False,0,A2
490.0,benign_kpm,0.254375540595681,0.38688101824632276,HEALTHY,benign,False,0,A2
490.0,mal_A2,0.3493238941374343,0.26630854577132695,HEALTHY,A2,False,0,A2
491.0,benign_ho,0.3989247293608411,0.3823689977055629,HEALTHY,benign,False,0,A2
491.0,benign_sched,0.07927868054007044,0.2754478463065297,HEALTHY,benign,False,0,A2
491.0,benign_kpm,0.7935504269451464,0.46821489998608756,HEALTHY,benign,False,0,A2
491.0,mal_A2,0.23737125087767358,0.26052108679259633,HEALTHY,A2,False,0,A2
492.0,benign_ho,0.4253102532737589,0.39095724881920213,HEALTHY,benign,False,0,A2
492.0,benign_sched,0.3049978417204308,0.2813578453893099,HEALTHY,benign,False,0,A2
492.0,benign_kpm,0.13136601393308808,0.40084512277548767,HEALTHY,benign,False,0,A2
492.0,mal_A2,0.2338005079056728,0.25517697101521164,HEALTHY,A2,False,0,A2
493.0,benign_ho,0.3159568084119017,0.3759571607377421,HEALTHY,benign,False,0,A2
493.0,benign_sched,0.2980171957236892,0.2846897154561858,HEALTHY,benign,False,0,A2
493.0,benign_kpm,0.36509911139138584,0.39369592049866736,HEALTHY,benign,False,0,A2
493.0,mal_A2,0.2891527819333897,0.26197213319884727,HEALTHY,A2,False,0,A2
494.0,benign_ho,0.25172544773270233,0.35111081813673417,HEALTHY,benign,False,0,A2
494.0,benign_sched,0.0988543384923972,0.2475226400634281,HEALTHY,benign,False,0,A2
494.0,benign_kpm,0.40544519325906914,0.39604577505074773,HEALTHY,benign,False,0,A2
494.0,mal_A2,0.26924448919767313,0.26342660439861243,HEALTHY,A2,False,0,A2
495.0,benign_ho,0.32465141900037364,0.3458189383094621,HEALTHY,benign,False,0,A2
495.0,benign_sched,0.14180864244209382,0.22637984053916127,HEALTHY,benign,False,0,A2
495.0,benign_kpm,0.1670182987829916,0.3502402797971965,HEALTHY,benign,False,0,A2
495.0,mal_A2,0.22566972061733487,0.25587522764235693,HEALTHY,A2,False,0,A2
496.0,benign_ho,0.31422996378339474,0.33950114340424864,HEALTHY,benign,False,0,A2
496.0,benign_sched,0.2596387490706758,0.2330316222454642,HEALTHY,benign,False,0,A2
496.0,benign_kpm,0.21088641798970945,0.3223695074356991,HEALTHY,benign,False,0,A2
496.0,mal_A2,0.06364697603199199,0.21742957732028395,HEALTHY,A2,False,0,A2
497.0,benign_ho,0.4599196269621534,0.3635848401158296,HEALTHY,benign,False,0,A2
497.0,benign_sched,0.06258226126799103,0.19894175004996958,HEALTHY,benign,False,0,A2
497.0,benign_kpm,0.4207095753500597,0.3420375210185712,HEALTHY,benign,False,0,A2
497.0,mal_A2,0.18218223420986396,0.21038010869819995,HEALTHY,A2,False,0,A2
498.0,benign_ho,0.4859699199937969,0.3880618560914231,HEALTHY,benign,False,0,A2
498.0,benign_sched,0.39097868236093813,0.23734913651216333,HEALTHY,benign,False,0,A2
498.0,benign_kpm,0.2979097107554405,0.3332119589659451,HEALTHY,benign,False,0,A2
498.0,mal_A2,0.33116791403832707,0.2345376697662254,HEALTHY,A2,False,0,A2
499.0,benign_ho,0.47654444534548346,0.4057583739422352,HEALTHY,benign,False,0,A2
499.0,benign_sched,0.18486464210011055,0.2268522376297528,HEALTHY,benign,False,0,A2
499.0,benign_kpm,0.8946259278787471,0.44549475274850553,HEALTHY,benign,False,0,A2
499.0,mal_A2,0.29609810086620253,0.24684975598622083,HEALTHY,A2,False,0,A2
500.0,benign_ho,0.3742245718076905,0.39945161351532626,HEALTHY,benign,False,0,A2
500.0,benign_sched,0.11104977853932642,0.20369174581166755,HEALTHY,benign,False,0,A2
500.0,benign_kpm,0.1337441992270041,0.3831446420442053,HEALTHY,benign,False,0,A2
500.0,mal_A2,0.3205072509598722,0.2615812549809511,HEALTHY,A2,False,0,A2
501.0,benign_ho,0.49906521981167806,0.4193743347745966,HEALTHY,benign,False,0,A2
501.0,benign_sched,0.2249823380751132,0.2079498642643567,HEALTHY,benign,False,0,A2
501.0,benign_kpm,0.1274349321158367,0.33200270005853155,HEALTHY,benign,False,0,A2
501.0,mal_A2,0.24529026323422087,0.25832305663160504,HEALTHY,A2,False,0,A2
502.0,benign_ho,0.455611960974908,0.42662186001465896,HEALTHY,benign,False,0,A2
502.0,benign_sched,0.39135090063802247,0.24463007153908986,HEALTHY,benign,False,0,A2
502.0,benign_kpm,0.12536725281882596,0.29067561061059044,HEALTHY,benign,False,0,A2
502.0,mal_A2,0.18582050707176476,0.243822546719637,HEALTHY,A2,False,0,A2
503.0,benign_ho,0.33026673722847627,0.40735083545742246,HEALTHY,benign,False,0,A2
503.0,benign_sched,0.38115545922843264,0.2719351490769584,HEALTHY,benign,False,0,A2
503.0,benign_kpm,0.13278660801407452,0.2590978100912873,HEALTHY,benign,False,0,A2
503.0,mal_A2,0.3828522105504078,0.27162847948579116,HEALTHY,A2,False,0,A2
504.0,benign_ho,0.236607524673895,0.373202173300717,HEALTHY,benign,False,0,A2
504.0,benign_sched,0.062214516277266235,0.22999102251702,HEALTHY,benign,False,0,A2
504.0,benign_kpm,0.27224103578239855,0.26172645522950955,HEALTHY,benign,False,0,A2
504.0,mal_A2,0.09968985389469251,0.23724075436757144,HEALTHY,A2,False,0,A2
505.0,benign_ho,0.5663647315519694,0.41183468495096753,HEALTHY,benign,False,0,A2
505.0,benign_sched,0.5126075181388242,0.28651432164138085,HEALTHY,benign,False,0,A2
505.0,benign_kpm,0.23964310631366778,0.2573097854463412,HEALTHY,benign,False,0,A2
505.0,mal_A2,0.2416585717569752,0.2381243178454522,HEALTHY,A2,False,0,A2
506.0,benign_ho,0.5672767035418002,0.4429230886691341,HEALTHY,benign,False,0,A2
506.0,benign_sched,0.05516267285769904,0.2402439918846445,HEALTHY,benign,False,0,A2
506.0,benign_kpm,0.27639075542164254,0.2611259794414015,HEALTHY,benign,False,0,A2
506.0,mal_A2,0.385999791542399,0.2676994125848416,HEALTHY,A2,False,0,A2
507.0,benign_ho,0.4309811680298774,0.4405347045412828,HEALTHY,benign,False,0,A2
507.0,benign_sched,0.07594741175430528,0.20738467585857667,HEALTHY,benign,False,0,A2
507.0,benign_kpm,0.327309515903402,0.2743626867338016,HEALTHY,benign,False,0,A2
507.0,mal_A2,0.22341574505382986,0.2588426790786392,HEALTHY,A2,False,0,A2
508.0,benign_ho,0.2638814494530867,0.4052040535236436,HEALTHY,benign,False,0,A2
508.0,benign_sched,0.05125029244280481,0.1761577991754223,HEALTHY,benign,False,0,A2
508.0,benign_kpm,0.3486090485721958,0.28921195910148045,HEALTHY,benign,False,0,A2
508.0,mal_A2,0.24969892067275237,0.25701392739746187,HEALTHY,A2,False,0,A2
509.0,benign_ho,0.36351431922257615,0.39686610666343014,HEALTHY,benign,False,0,A2
509.0,benign_sched,0.13730682377954065,0.16838760409624598,HEALTHY,benign,False,0,A2
509.0,benign_kpm,0.484119183958173,0.328193404072819,HEALTHY,benign,False,0,A2
509.0,mal_A2,0.30108710394103705,0.26582856270617694,HEALTHY,A2,False,0,A2
510.0,benign_ho,0.4215632782571718,0.4018055409821785,HEALTHY,benign,False,0,A2
510.0,benign_sched,0.15526847426861565,0.16576377813071994,HEALTHY,benign,False,0,A2
510.0,benign_kpm,0.3336412513912151,0.3292829735364982,HEALTHY,benign,False,0,A2
510.0,mal_A2,0.19606200449692937,0.25187525106432745,HEALTHY,A2,False,0,A2
511.0,benign_ho,0.4098782772308674,0.40342008823191633,HEALTHY,benign,False,0,A2
511.0,benign_sched,0.5929324140456236,0.25119750531370066,HEALTHY,benign,False,0,A2
511.0,benign_kpm,0.7949499176089846,0.4224163623509955,HEALTHY,benign,False,0,A2
511.0,mal_A2,0.1289957374398595,0.22729934833943388,HEALTHY,A2,False,0,A2
512.0,benign_ho,0.44555838730058794,0.4118477480456507,HEALTHY,benign,False,0,A2
512.0,benign_sched,0.38514580215238114,0.2779871646814368,HEALTHY,benign,False,0,A2
512.0,benign_kpm,0.18067621238622047,0.3740683323580405,HEALTHY,benign,False,0,A2
512.0,mal_A2,0.2737736224930709,0.2365942031701613,HEALTHY,A2,False,0,A2
513.0,benign_ho,0.41939495379056557,0.4133571891946337,HEALTHY,benign,False,0,A2
513.0,benign_sched,0.22590656443724427,0.2675710446325983,HEALTHY,benign,False,0,A2
513.0,benign_kpm,0.18082205002406818,0.33541907589124603,HEALTHY,benign,False,0,A2
513.0,mal_A2,0.2232324009447332,0.2339218427250757,HEALTHY,A2,False,0,A2
514.0,benign_ho,0.5688773589804166,0.4444612231517903,HEALTHY,benign,False,0,A2
514.0,benign_sched,0.31512851190749636,0.27708253808757793,HEALTHY,benign,False,0,A2
514.0,benign_kpm,0.4049482141714306,0.34932490354728296,HEALTHY,benign,False,0,A2
514.0,mal_A2,0.6209210577135672,0.311321685722774,HEALTHY,A2,False,0,A2
515.0,benign_ho,0.5277629606771777,0.4611215706568678,HEALTHY,benign,False,0,A2
515.0,benign_sched,0.27119153166745374,0.2759043368035531,HEALTHY,benign,False,0,A2
515.0,benign_kpm,0.2699128279849266,0.3334424884348117,HEALTHY,benign,False,0,A2
515.0,mal_A2,0.37804679315331396,0.324666707208882,HEALTHY,A2,False,0,A2
516.0,benign_ho,0.21436764417721862,0.411770785360938,HEALTHY,benign,False,0,A2
516.0,benign_sched,0.06799261065547169,0.23432199157393682,HEALTHY,benign,False,0,A2
516.0,benign_kpm,0.3828440093279652,0.34332279261344245,HEALTHY,benign,False,0,A2
516.0,mal_A2,0.12080346834371686,0.283894059435849,HEALTHY,A2,False,0,A2
517.0,benign_ho,0.42986256864417643,0.4153891420175857,HEALTHY,benign,False,0,A2
517.0,benign_sched,0.09729286503507534,0.20691616626616452,HEALTHY,benign,False,0,A2
517.0,benign_kpm,0.4506033338573003,0.36477890086221404,HEALTHY,benign,False,0,A2
517.0,mal_A2,0.2238512550152876,0.2718854985517367,HEALTHY,A2,False,0,A2
518.0,benign_ho,0.3889858092848598,0.41010847547104057,HEALTHY,benign,False,0,A2
518.0,benign_sched,0.3528861885135682,0.23611017071564527,HEALTHY,benign,False,0,A2
518.0,benign_kpm,0.20282601180416193,0.3323883230506036,HEALTHY,benign,False,0,A2
518.0,mal_A2,0.24597993717140906,0.2667043862756712,HEALTHY,A2,False,0,A2
519.0,benign_ho,0.3129727341240565,0.3906813272016438,HEALTHY,benign,False,0,A2
519.0,benign_sched,0.047600209171806705,0.19840817840687758,HEALTHY,benign,False,0,A2
519.0,benign_kpm,0.2714513153982577,0.32020092152013446,HEALTHY,benign,False,0,A2
519.0,mal_A2,0.17511610327213464,0.24838672967496392,HEALTHY,A2,False,0,A2
520.0,benign_ho,0.43952769136609005,0.40045060003453303,HEALTHY,benign,False,0,A2
520.0,benign_sched,0.2353842053484678,0.20580338379519564,HEALTHY,benign,False,0,A2
520.0,benign_kpm,0.32512764626138274,0.32118626646838416,HEALTHY,benign,False,0,A2
520.0,mal_A2,0.250586699508058,0.24882672364158276,HEALTHY,A2,False,0,A2
521.0,benign_ho,0.5075051541300998,0.4218615108536464,HEALTHY,benign,False,0,A2
521.0,benign_sched,0.2702073846273315,0.2186841839616228,HEALTHY,benign,False,0,A2
521.0,benign_kpm,0.18730577853035937,0.29441016888077925,HEALTHY,benign,False,0,A2
521.0,mal_A2,0.10500275248862828,0.2200619294109919,HEALTHY,A2,False,0,A2
522.0,benign_ho,0.28672345910704666,0.3948339005043265,HEALTHY,benign,False,0,A2
522.0,benign_sched,0.3722936278902333,0.24940607274734494,HEALTHY,benign,False,0,A2
522.0,benign_kpm,0.20812258270238565,0.27715265164510056,HEALTHY,benign,False,0,A2
522.0,mal_A2,0.12273425091910387,0.2005963937126143,HEALTHY,A2,False,0,A2
523.0,benign_ho,0.2835077422906597,0.3725686688615932,HEALTHY,benign,False,0,A2
523.0,benign_sched,0.14150972729718442,0.22782680365731284,HEALTHY,benign,False,0,A2
523.0,benign_kpm,0.18843389701341481,0.25940890071876344,HEALTHY,benign,False,0,A2
523.0,mal_A2,0.3383793984479693,0.2281529946596853,HEALTHY,A2,False,0,A2
524.0,benign_ho,0.2801772682951232,0.3540903887482992,HEALTHY,benign,False,0,A2
524.0,benign_sched,0.03785974131139803,0.1898333911881299,HEALTHY,benign,False,0,A2
524.0,benign_kpm,0.31898032293277817,0.2713231851615664,HEALTHY,benign,False,0,A2
524.0,mal_A2,0.3367584679643277,0.24987408932061378,HEALTHY,A2,False,0,A2
525.0,benign_ho,0.5956601912551478,0.40240434924966895,HEALTHY,benign,False,0,A2
525.0,benign_sched,0.04015565626129548,0.159897844202763,HEALTHY,benign,False,0,A2
525.0,benign_kpm,0.3103379626869713,0.27912614066664737,HEALTHY,benign,False,0,A2
525.0,mal_A2,0.2379341909805642,0.24748610965260387,HEALTHY,A2,False,0,A2
526.0,benign_ho,0.6530851283229521,0.45254050506432564,HEALTHY,benign,False,0,A2
526.0,benign_sched,0.3974098197380798,0.2074002393098264,HEALTHY,benign,False,0,A2
526.0,benign_kpm,0.3850587725801644,0.3003126670493508,HEALTHY,benign,False,0,A2
526.0,mal_A2,0.5341866209926865,0.3048262119206204,HEALTHY,A2,False,0,A2
527.0,benign_ho,0.24646313719976717,0.411325031491414,HEALTHY,benign,False,0,A2
527.0,benign_sched,0.28940971219026074,0.22380213388591327,HEALTHY,benign,False,0,A2
527.0,benign_kpm,0.2903439290050062,0.2983189194404819,HEALTHY,benign,False,0,A2
527.0,mal_A2,0.4734520066075219,0.33855137085800074,HEALTHY,A2,False,0,A2
528.0,benign_ho,0.5478206616521364,0.4386241575235585,HEALTHY,benign,False,0,A2
528.0,benign_sched,0.1155591706738746,0.20215354124350554,HEALTHY,benign,False,0,A2
528.0,benign_kpm,0.19897024880788378,0.2784491853139623,HEALTHY,benign,False,0,A2
528.0,mal_A2,0.16523362961164345,0.3038878226087293,HEALTHY,A2,False,0,A2
529.0,benign_ho,0.4035927858898972,0.43161788319682626,HEALTHY,benign,False,0,A2
529.0,benign_sched,0.1493636670835264,0.19159556641150974,HEALTHY,benign,False,0,A2
529.0,benign_kpm,0.24545543260471916,0.2718504347721137,HEALTHY,benign,False,0,A2
529.0,mal_A2,0.4138452229501049,0.3258793026770045,HEALTHY,A2,False,0,A2
530.0,benign_ho,0.49500402049959413,0.44429511065737987,HEALTHY,benign,False,0,A2
530.0,benign_sched,0.2501469708817223,0.20330584730555223,HEALTHY,benign,False,0,A2
530.0,benign_kpm,0.1970161829038354,0.25688358439845804,HEALTHY,benign,False,0,A2
530.0,mal_A2,0.14259092905195725,0.2892216279519951,HEALTHY,A2,False,0,A2
531.0,benign_ho,0.31944072535917967,0.41932423359773985,HEALTHY,benign,False,0,A2
531.0,benign_sched,0.29697820539823977,0.22204031892408976,HEALTHY,benign,False,0,A2
531.0,benign_kpm,0.42059162684608853,0.28962519288798416,HEALTHY,benign,False,0,A2
531.0,mal_A2,0.13851116024318819,0.2590795344102337,HEALTHY,A2,False,0,A2
532.0,benign_ho,0.6098341664113682,0.4574262201604655,HEALTHY,benign,False,0,A2
532.0,benign_sched,0.36569256364999064,0.25077076786927,HEALTHY,benign,False,0,A2
532.0,benign_kpm,0.40493774038491387,0.3126877023873701,HEALTHY,benign,False,0,A2
532.0,mal_A2,0.2878954631420311,0.26484272015659316,HEALTHY,A2,False,0,A2
533.0,benign_ho,0.2339718166986356,0.4127353394680996,HEALTHY,benign,False,0,A2
533.0,benign_sched,0.0544435518127873,0.21150532465797345,HEALTHY,benign,False,0,A2
533.0,benign_kpm,0.2942379294218528,0.30899774779426664,HEALTHY,benign,False,0,A2
533.0,mal_A2,0.5427626976183488,0.3204267156489443,HEALTHY,A2,False,0,A2
534.0,benign_ho,0.44863049765883445,0.41991437110624663,HEALTHY,benign,False,0,A2
534.0,benign_sched,0.08228306465132582,0.1856608726566439,HEALTHY,benign,False,0,A2
534.0,benign_kpm,0.20971843204771545,0.28914188464495644,HEALTHY,benign,False,0,A2
534.0,mal_A2,0.27966948688834836,0.31227526989682514,HEALTHY,A2,False,0,A2
535.0,benign_ho,0.2221144041585691,0.38035437771671116,HEALTHY,benign,False,0,A2
535.0,benign_sched,0.08213421612225569,0.16495554134976628,HEALTHY,benign,False,0,A2
535.0,benign_kpm,0.41455254172526146,0.31422401606101746,HEALTHY,benign,False,0,A2
535.0,mal_A2,0.29674821074671687,0.3091698580668035,HEALTHY,A2,False,0,A2
536.0,benign_ho,0.5522699244777732,0.4147374870689236,HEALTHY,benign,False,0,A2
536.0,benign_sched,0.5262309527412257,0.23721062362805817,HEALTHY,benign,False,0,A2
536.0,benign_kpm,0.48176251473233805,0.3477317157952816,HEALTHY,benign,False,0,A2
536.0,mal_A2,0.22388713744897093,0.29211331394323703,HEALTHY,A2,False,0,A2
537.0,benign_ho,0.35954572219611436,0.40369913409436176,HEALTHY,benign,False,0,A2
537.0,benign_sched,0.17434374698942462,0.22463724830033147,HEALTHY,benign,False,0,A2
537.0,benign_kpm,0.4821476570423213,0.37461490404468956,HEALTHY,benign,False,0,A2
537.0,mal_A2,0.4791245734670523,0.3295155658480001,HEALTHY,A2,False,0,A2
538.0,benign_ho,0.34773337459368914,0.3925059821942273,HEALTHY,benign,False,0,A2
538.0,benign_sched,0.2942908516255957,0.23856796896538432,HEALTHY,benign,False,0,A2
538.0,benign_kpm,0.19680298176592478,0.3390525195889366,HEALTHY,benign,False,0,A2
538.0,mal_A2,0.4201590033445451,0.34764425334730914,HEALTHY,A2,False,0,A2
539.0,benign_ho,0.23433065485249835,0.3608709167258815,HEALTHY,benign,False,0,A2
539.0,benign_sched,0.287392236246843,0.24833282242167606,HEALTHY,benign,False,0,A2
539.0,benign_kpm,0.39825016654482703,0.3508920489801147,HEALTHY,benign,False,0,A2
539.0,mal_A2,0.30564580495186205,0.33924456366821976,HEALTHY,A2,False,0,A2
540.0,benign_ho,0.3319811383879864,0.3550929610583025,HEALTHY,benign,False,0,A2
540.0,benign_sched,0.22350390805377085,0.24336703954809502,HEALTHY,benign,False,0,A2
540.0,benign_kpm,0.1355212456628377,0.30781788831665935,HEALTHY,benign,False,0,A2
540.0,mal_A2,0.3834447932958363,0.34808460959374304,HEALTHY,A2,False,0,A2
541.0,benign_ho,0.356643576630385,0.355403084172719,HEALTHY,benign,False,0,A2
541.0,benign_sched,0.08633734577314894,0.21196110079310582,HEALTHY,benign,False,0,A2
541.0,benign_kpm,0.12308391192491915,0.2708710930383113,HEALTHY,benign,False,0,A2
541.0,mal_A2,0.25068158781388766,0.328604005237772,HEALTHY,A2,False,0,A2
542.0,benign_ho,0.5424525145537175,0.3928129702489187,HEALTHY,benign,False,0,A2
542.0,benign_sched,0.288801890410491,0.22732925871658285,HEALTHY,benign,False,0,A2
542.0,benign_kpm,0.21673707407943904,0.2600442892465369,HEALTHY,benign,False,0,A2
542.0,mal_A2,0.3154909814334261,0.3259814004769028,HEALTHY,A2,False,0,A2
543.0,benign_ho,0.31357063658369094,0.3769645035158732,HEALTHY,benign,False,0,A2
543.0,benign_sched,0.208590248654929,0.2235814567042521,HEALTHY,benign,False,0,A2
543.0,benign_kpm,0.2807008405165911,0.26417559950054775,HEALTHY,benign,False,0,A2
543.0,mal_A2,0.3797794344481724,0.3367410072711568,HEALTHY,A2,False,0,A2
544.0,benign_ho,0.3061527717054328,0.36280215715378517,HEALTHY,benign,False,0,A2
544.0,benign_sched,0.4592837939604454,0.2707219241554908,HEALTHY,benign,False,0,A2
544.0,benign_kpm,0.30611631709881876,0.272563743020202,HEALTHY,benign,False,0,A2
544.0,mal_A2,0.41020402503535447,0.3514336108239963,HEALTHY,A2,False,0,A2
545.0,benign_ho,0.5119550302948392,0.392632731781996,HEALTHY,benign,False,0,A2
545.0,benign_sched,0.23697746054780613,0.2639730314339539,HEALTHY,benign,False,0,A2
545.0,benign_kpm,0.39627918781501204,0.297306831979164,HEALTHY,benign,False,0,A2
545.0,mal_A2,0.16289199291004972,0.313725287241207,HEALTHY,A2,False,0,A2
546.0,benign_ho,0.4905495384452912,0.41221609311465507,HEALTHY,benign,False,0,A2
546.0,benign_sched,0.3700873540448334,0.2851958959561298,HEALTHY,benign,False,0,A2
546.0,benign_kpm,0.20720762757993486,0.2792869910993182,HEALTHY,benign,False,0,A2
546.0,mal_A2,0.3236568398464889,0.31571159776226343,HEALTHY,A2,False,0,A2
547.0,benign_ho,0.5940030289978475,0.4485734802912936,HEALTHY,benign,False,0,A2
547.0,benign_sched,0.43507605320066345,0.3151719274050366,HEALTHY,benign,False,0,A2
547.0,benign_kpm,0.5591752203571558,0.33526463695088576,HEALTHY,benign,False,0,A2
547.0,mal_A2,0.31714012003526937,0.3159973022168646,HEALTHY,A2,False,0,A2
548.0,benign_ho,0.5149420806971285,0.46184720037246063,HEALTHY,benign,False,0,A2
548.0,benign_sched,0.160845934235421,0.28430672877111346,HEALTHY,benign,False,0,A2
548.0,benign_kpm,0.09208272992320801,0.2866282555453502,HEALTHY,benign,False,0,A2
548.0,mal_A2,0.2503742582924902,0.30287269343198975,HEALTHY,A2,False,0,A2
549.0,benign_ho,0.48563877747196316,0.46660551579236115,HEALTHY,benign,False,0,A2
549.0,benign_sched,0.14215588697476,0.25587656041184276,HEALTHY,benign,False,0,A2
549.0,benign_kpm,0.7451403418788431,0.3783306728120488,HEALTHY,benign,False,0,A2
549.0,mal_A2,0.0916749087938689,0.2606331365043656,HEALTHY,A2,False,0,A2
550.0,benign_ho,0.5251682923153999,0.47831807109696894,HEALTHY,benign,False,0,A2
550.0,benign_sched,0.3503082236291678,0.27476289305530777,HEALTHY,benign,False,0,A2
550.0,benign_kpm,0.08771823430531776,0.32020818511070265,HEALTHY,benign,False,0,A2
550.0,mal_A2,0.29662855605219207,0.2678322204139309,HEALTHY,A2,False,0,A2
551.0,benign_ho,0.35334735238228226,0.4533239273540316,HEALTHY,benign,False,0,A2
551.0,benign_sched,0.3014485930790471,0.28010003306005565,HEALTHY,benign,False,0,A2
551.0,benign_kpm,0.47684545431775976,0.3515356389521141,HEALTHY,benign,False,0,A2
551.0,mal_A2,0.18675307394301977,0.2516163911197487,HEALTHY,A2,False,0,A2
552.0,benign_ho,0.3654757514734436,0.435754292177914,HEALTHY,benign,False,0,A2
552.0,benign_sched,0.5785486072764784,0.3397897479033402,HEALTHY,benign,False,0,A2
552.0,benign_kpm,0.29693284477750675,0.34061508011719266,HEALTHY,benign,False,0,A2
552.0,mal_A2,0.4350889104225809,0.28831089498031515,HEALTHY,A2,False,0,A2
553.0,benign_ho,0.312401528000534,0.411083739342438,HEALTHY,benign,False,0,A2
553.0,benign_sched,0.1228193725731433,0.29639567283730084,HEALTHY,benign,False,0,A2
553.0,benign_kpm,0.38331276867701763,0.3491546178291577,HEALTHY,benign,False,0,A2
553.0,mal_A2,0.711708358056895,0.37299038759563113,HEALTHY,A2,False,0,A2
554.0,benign_ho,0.3898723496299485,0.40684146139994015,HEALTHY,benign,False,0,A2
554.0,benign_sched,0.21431363814938806,0.27997926589971833,HEALTHY,benign,False,0,A2
554.0,benign_kpm,0.5240393389228678,0.3841315620478997,HEALTHY,benign,False,0,A2
554.0,mal_A2,0.33048862755823655,0.36449003558815224,HEALTHY,A2,False,0,A2
555.0,benign_ho,0.6335941399409043,0.45219199710813307,HEALTHY,benign,False,0,A2
555.0,benign_sched,0.27396856948281745,0.2787771266163382,HEALTHY,benign,False,0,A2
555.0,benign_kpm,0.3943608562943782,0.3861774208971954,HEALTHY,benign,False,0,A2
555.0,mal_A2,0.14885306403666612,0.321362641277855,HEALTHY,A2,False,0,A2
556.0,benign_ho,0.5215567428043174,0.46606494624737,HEALTHY,benign,False,0,A2
556.0,benign_sched,0.39749994066913547,0.30252168942689767,HEALTHY,benign,False,0,A2
556.0,benign_kpm,0.23899344965415187,0.35674062664858674,HEALTHY,benign,False,0,A2
556.0,mal_A2,0.40411224102564663,0.33791256122741337,HEALTHY,A2,False,0,A2
557.0,benign_ho,0.3802861937500588,0.4489091957479078,HEALTHY,benign,False,0,A2
557.0,benign_sched,0.138007766867048,0.26961890491492774,HEALTHY,benign,False,0,A2
557.0,benign_kpm,0.2823074053627496,0.34185398239141934,HEALTHY,benign,False,0,A2
557.0,mal_A2,0.5726165676132722,0.38485336250458513,HEALTHY,A2,False,0,A2
558.0,benign_ho,0.2473009134538059,0.4085875392890874,HEALTHY,benign,False,0,A2
558.0,benign_sched,0.24762469364601336,0.2652200626611449,HEALTHY,benign,False,0,A2
558.0,benign_kpm,0.2276764992608026,0.319018485765296,HEALTHY,benign,False,0,A2
558.0,mal_A2,0.13647569882049904,0.33517782976776794,HEALTHY,A2,False,0,A2
559.0,benign_ho,0.6801243588406795,0.46289490319940585,HEALTHY,benign,False,0,A2
559.0,benign_sched,0.11248346702824912,0.23467274353456577,HEALTHY,benign,False,0,A2
559.0,benign_kpm,0.09944057347988525,0.2751029033082139,HEALTHY,benign,False,0,A2
559.0,mal_A2,0.541692334263872,0.3764807306669887,HEALTHY,A2,False,0,A2
560.0,benign_ho,0.23431076044827998,0.4171780746491807,HEALTHY,benign,False,0,A2
560.0,benign_sched,0.5155738829866704,0.29085297142498673,HEALTHY,benign,False,0,A2
560.0,benign_kpm,0.22094050467855875,0.26427042358228287,HEALTHY,benign,False,0,A2
560.0,mal_A2,0.15396994552245544,0.3319785736380821,HEALTHY,A2,False,0,A2
561.0,benign_ho,0.41269805347359995,0.41628207041406456,HEALTHY,benign,False,0,A2
561.0,benign_sched,0.2743686913008698,0.28755611540016335,HEALTHY,benign,False,0,A2
561.0,benign_kpm,0.47923349059462733,0.30726303698475177,HEALTHY,benign,False,0,A2
561.0,mal_A2,0.19323028285795774,0.3042289154820572,HEALTHY,A2,False,0,A2
562.0,benign_ho,0.29056961400008136,0.39113957913126796,HEALTHY,benign,False,0,A2
562.0,benign_sched,0.3108812509890529,0.2922211425179413,HEALTHY,benign,False,0,A2
562.0,benign_kpm,0.31185800387485774,0.308182030362773,HEALTHY,benign,False,0,A2
562.0,mal_A2,0.5815437583842673,0.35969188406249925,HEALTHY,A2,False,0,A2
563.0,benign_ho,0.3333985529873739,0.3795913739024892,HEALTHY,benign,False,0,A2
563.0,benign_sched,0.4436922878817131,0.32251537159069565,HEALTHY,benign,False,0,A2
563.0,benign_kpm,0.17009213689864006,0.2805640516699464,HEALTHY,benign,False,0,A2
563.0,mal_A2,0.2514614535234614,0.3380457979546917,HEALTHY,A2,False,0,A2
564.0,benign_ho,0.3669032075498832,0.377053740631968,HEALTHY,benign,False,0,A2
564.0,benign_sched,0.1141832354649858,0.2808489443655537,HEALTHY,benign,False,0,A2
564.0,benign_kpm,0.329672573301227,0.29038575599620253,HEALTHY,benign,False,0,A2
564.0,mal_A2,0.10632416876947777,0.2917014721176489,HEALTHY,A2,False,0,A2
565.0,benign_ho,0.34533887470091557,0.37071076744575754,HEALTHY,benign,False,0,A2
565.0,benign_sched,0.22043247217816772,0.2687656499280765,HEALTHY,benign,False,0,A2
565.0,benign_kpm,0.4116404256397543,0.3146366899249129,HEALTHY,benign,False,0,A2
565.0,mal_A2,0.18580640483948255,0.27052245866201563,HEALTHY,A2,False,0,A2
566.0,benign_ho,0.5845427567942518,0.4134771653154564,HEALTHY,benign,False,0,A2
566.0,benign_sched,0.2290054276250648,0.2608136054674742,HEALTHY,benign,False,0,A2
566.0,benign_kpm,0.29143056681825513,0.30999546530358135,HEALTHY,benign,False,0,A2
566.0,mal_A2,0.09425940770504052,0.23526984847062063,HEALTHY,A2,False,0,A2
567.0,benign_ho,0.5157191901820063,0.43392557028876644,HEALTHY,benign,False,0,A2
567.0,benign_sched,0.24802666324827002,0.2582562170236334,HEALTHY,benign,False,0,A2
567.0,benign_kpm,0.7889010040096245,0.40577657304479,HEALTHY,benign,False,0,A2
567.0,mal_A2,0.15845478972699775,0.21990683672189607,HEALTHY,A2,False,0,A2
568.0,benign_ho,0.2869265745446631,0.4045257711399458,HEALTHY,benign,False,0,A2
568.0,benign_sched,0.19018531198261793,0.24464203601543033,HEALTHY,benign,False,0,A2
568.0,benign_kpm,0.3737659134914471,0.39937444113412146,HEALTHY,benign,False,0,A2
568.0,mal_A2,0.3923718378978205,0.25439983695708096,HEALTHY,A2,False,0,A2
569.0,benign_ho,0.4042804972693394,0.40447671636582455,HEALTHY,benign,False,0,A2
569.0,benign_sched,0.4021968647471421,0.2761530017617727,HEALTHY,benign,False,0,A2
569.0,benign_kpm,0.3519275226752977,0.38988505744235674,HEALTHY,benign,False,0,A2
569.0,mal_A2,0.35446509739615667,0.27441288904489614,HEALTHY,A2,False,0,A2
570.0,benign_ho,0.3632730071587245,0.39623597452440457,HEALTHY,benign,False,0,A2
570.0,benign_sched,0.5620762135174148,0.3333376441129011,HEALTHY,benign,False,0,A2
570.0,benign_kpm,0.15699674384151138,0.34330739472218774,HEALTHY,benign,False,0,A2
570.0,mal_A2,0.1350723479755204,0.24654478083102102,HEALTHY,A2,False,0,A2
571.0,benign_ho,0.419675300855537,0.40092383979063106,HEALTHY,benign,False,0,A2
571.0,benign_sched,0.16963385397422362,0.30059688608516566,HEALTHY,benign,False,0,A2
571.0,benign_kpm,0.14102992191104163,0.30285190015995855,HEALTHY,benign,False,0,A2
571.0,mal_A2,0.35591285318281285,0.2684183953013794,HEALTHY,A2,False,0,A2
572.0,benign_ho,0.29933982107216495,0.3806070360469379,HEALTHY,benign,False,0,A2
572.0,benign_sched,0.2846029809719181,0.2973981050625162,HEALTHY,benign,False,0,A2
572.0,benign_kpm,0.339673306137064,0.31021618135537965,HEALTHY,benign,False,0,A2
572.0,mal_A2,0.25260323279767405,0.26525536280063833,HEALTHY,A2,False,0,A2
573.0,benign_ho,0.23736604454269788,0.35195883774608994,HEALTHY,benign,False,0,A2
573.0,benign_sched,0.42311826018732995,0.32254213608747895,HEALTHY,benign,False,0,A2
573.0,benign_kpm,0.15616318548394517,0.2794055821810928,HEALTHY,benign,False,0,A2
573.0,mal_A2,0.2472147624063658,0.26164724272178386,HEALTHY,A2,False,0,A2
574.0,benign_ho,0.3362304130536811,0.34881315280760816,HEALTHY,benign,False,0,A2
574.0,benign_sched,0.11222420668972695,0.28047855020792856,HEALTHY,benign,False,0,A2
574.0,benign_kpm,0.22449379847317052,0.26842322543950836,HEALTHY,benign,False,0,A2
574.0,mal_A2,0.5855054123735103,0.32641887665212915,HEALTHY,A2,False,0,A2
575.0,benign_ho,0.41603159054341493,0.36225684035476957,HEALTHY,benign,False,0,A2
575.0,benign_sched,0.11311963034805682,0.24700676623595422,HEALTHY,benign,False,0,A2
575.0,benign_kpm,0.13253159925138247,0.2412449002018832,HEALTHY,benign,False,0,A2
575.0,mal_A2,0.2856310221675147,0.3182613057552063,HEALTHY,A2,False,0,A2
576.0,benign_ho,0.3149958620021593,0.3528046446842475,HEALTHY,benign,False,0,A2
576.0,benign_sched,0.2545123143430764,0.24850787585737866,HEALTHY,benign,False,0,A2
576.0,benign_kpm,0.210352950672368,0.2350665102959802,HEALTHY,benign,False,0,A2
576.0,mal_A2,0.6290793910827724,0.38042492282071955,HEALTHY,A2,False,0,A2
577.0,benign_ho,0.5728655864819483,0.3968168330437877,HEALTHY,benign,False,0,A2
577.0,benign_sched,0.2989163211174445,0.25858956490939183,HEALTHY,benign,False,0,A2
577.0,benign_kpm,0.5384499667092357,0.2957432015786313,HEALTHY,benign,False,0,A2
577.0,mal_A2,0.2503958258655548,0.35441910342968663,HEALTHY,A2,False,0,A2
578.0,benign_ho,0.276895366169731,0.37283253966897634,HEALTHY,benign,False,0,A2
578.0,benign_sched,0.19553362605350488,0.24597837713821447,HEALTHY,benign,False,0,A2
578.0,benign_kpm,0.4919380100944399,0.33498216328179303,HEALTHY,benign,False,0,A2
578.0,mal_A2,0.14351220020954764,0.31223772278565887,HEALTHY,A2,False,0,A2
579.0,benign_ho,0.6481468729425279,0.42789540632368667,HEALTHY,benign,False,0,A2
579.0,benign_sched,0.2889813112830297,0.2545789639671775,HEALTHY,benign,False,0,A2
579.0,benign_kpm,0.21914734293505242,0.31181519921244494,HEALTHY,benign,False,0,A2
579.0,mal_A2,0.3414828677313514,0.3180867517747974,HEALTHY,A2,False,0,A2
580.0,benign_ho,0.49168214222738227,0.44065275350442584,HEALTHY,benign,False,0,A2
580.0,benign_sched,0.32142077794063373,0.2679473267618687,HEALTHY,benign,False,0,A2
580.0,benign_kpm,0.4396911811047772,0.3373903955909114,HEALTHY,benign,False,0,A2
580.0,mal_A2,0.2804875648912304,0.31056691439808404,HEALTHY,A2,False,0,A2
581.0,benign_ho,0.34457081029985737,0.42143636486351216,HEALTHY,benign,False,0,A2
581.0,benign_sched,0.178715538044579,0.2501009690184108,HEALTHY,benign,False,0,A2
581.0,benign_kpm,0.1115194724142944,0.29221621095558803,HEALTHY,benign,False,0,A2
581.0,mal_A2,0.3127897231434329,0.31101147614715385,HEALTHY,A2,False,0,A2
582.0,benign_ho,0.6728684797332171,0.4717227878374532,HEALTHY,benign,False,0,A2
582.0,benign_sched,0.30854855784465096,0.26179048678365885,HEALTHY,benign,False,0,A2
582.0,benign_kpm,0.31973182710632025,0.2977193341857345,HEALTHY,benign,False,0,A2
582.0,mal_A2,0.30824427476779664,0.3104580358712824,HEALTHY,A2,False,0,A2
583.0,benign_ho,0.3540716256576207,0.4481925554014867,HEALTHY,benign,False,0,A2
583.0,benign_sched,0.10589501938505075,0.23061139330393726,HEALTHY,benign,False,0,A2
583.0,benign_kpm,0.33072369552638725,0.30432020645386504,HEALTHY,benign,False,0,A2
583.0,mal_A2,0.18503215344900853,0.28537285938682766,HEALTHY,A2,False,0,A2
584.0,benign_ho,0.22338466309939511,0.40323097694106846,HEALTHY,benign,False,0,A2
584.0,benign_sched,0.13176398127013852,0.21084191089717752,HEALTHY,benign,False,0,A2
584.0,benign_kpm,0.38589217672525833,0.32063460050814374,HEALTHY,benign,False,0,A2
584.0,mal_A2,0.10673844405022027,0.2496459763195062,HEALTHY,A2,False,0,A2
585.0,benign_ho,0.27504754701106116,0.377594290955067,HEALTHY,benign,False,0,A2
585.0,benign_sched,0.2656443930380788,0.22180240732535778,HEALTHY,benign,False,0,A2
585.0,benign_kpm,0.4258862869742033,0.34168493780135567,HEALTHY,benign,False,0,A2
585.0,mal_A2,0.5172884271758788,0.3031744664907807,HEALTHY,A2,False,0,A2
586.0,benign_ho,0.49324465675968143,0.40072436411598994,HEALTHY,benign,False,0,A2
586.0,benign_sched,0.36829744680483867,0.25110141522125395,HEALTHY,benign,False,0,A2
586.0,benign_kpm,0.14315476902207847,0.30197890404550026,HEALTHY,benign,False,0,A2
586.0,mal_A2,0.28154160489844815,0.2988478941723142,HEALTHY,A2,False,0,A2
587.0,benign_ho,0.3827593180577365,0.39713135490433926,HEALTHY,benign,False,0,A2
587.0,benign_sched,0.16179035075653175,0.23323920232830953,HEALTHY,benign,False,0,A2
587.0,benign_kpm,0.2597240970306477,0.29352794264252974,HEALTHY,benign,False,0,A2
587.0,mal_A2,0.15174092348266296,0.269426500034384,HEALTHY,A2,False,0,A2
588.0,benign_ho,0.2926286118516648,0.37623080629380434,HEALTHY,benign,False,0,A2
588.0,benign_sched,0.4646775433732657,0.2795268705373008,HEALTHY,benign,False,0,A2
588.0,benign_kpm,0.15995026616486754,0.2668124073469973,HEALTHY,benign,False,0,A2
588.0,mal_A2,0.1578858391261422,0.24711836785273567,HEALTHY,A2,False,0,A2
589.0,benign_ho,0.5233784445082895,0.4056603339367014,HEALTHY,benign,False,0,A2
589.0,benign_sched,0.09297147003282714,0.24221579043640606,HEALTHY,benign,False,0,A2
589.0,benign_kpm,0.17026110501853506,0.24750214688130484,HEALTHY,benign,False,0,A2
589.0,mal_A2,0.25681166701080554,0.24905702768434967,HEALTHY,A2,False,0,A2
590.0,benign_ho,0.5487993414123521,0.4342881354318316,HEALTHY,benign,False,0,A2
590.0,benign_sched,0.13360506454060989,0.22049364525724685,HEALTHY,benign,False,0,A2
590.0,benign_kpm,0.2840091127961784,0.2548035400642796,HEALTHY,benign,False,0,A2
590.0,mal_A2,0.1520225875930415,0.22965013966608805,HEALTHY,A2,False,0,A2
591.0,benign_ho,0.17144074749363553,0.3817186578441924,HEALTHY,benign,False,0,A2
591.0,benign_sched,0.16849532716103266,0.21009398163800402,HEALTHY,benign,False,0,A2
591.0,benign_kpm,0.21031545751315944,0.24590592355405555,HEALTHY,benign,False,0,A2
591.0,mal_A2,0.28756868430596105,0.24123384859406266,HEALTHY,A2,False,0,A2
592.0,benign_ho,0.41632129493453934,0.3886391852622618,HEALTHY,benign,False,0,A2
592.0,benign_sched,0.1820327542401563,0.20448173615843449,HEALTHY,benign,False,0,A2
592.0,benign_kpm,0.17733428598421852,0.23219159604008816,HEALTHY,benign,False,0,A2
592.0,mal_A2,0.18706205450349553,0.23039948977594923,HEALTHY,A2,False,0,A2
593.0,benign_ho,0.14400449285422273,0.33971224678065404,HEALTHY,benign,False,0,A2
593.0,benign_sched,0.14697011750020908,0.1929794124267894,HEALTHY,benign,False,0,A2
593.0,benign_kpm,0.3133677474720905,0.24842682632648866,HEALTHY,benign,False,0,A2
593.0,mal_A2,0.21112155148578346,0.2265439021179161,HEALTHY,A2,False,0,A2
594.0,benign_ho,0.4661297325502631,0.36499574393457584,HEALTHY,benign,False,0,A2
594.0,benign_sched,0.39331326576865033,0.23304618309516162,HEALTHY,benign,False,0,A2
594.0,benign_kpm,0.2384663820883784,0.24643473747886663,HEALTHY,benign,False,0,A2
594.0,mal_A2,0.3059902602488763,0.24243317374410817,HEALTHY,A2,False,0,A2
595.0,benign_ho,0.22909442348276357,0.3378154798442134,HEALTHY,benign,False,0,A2
595.0,benign_sched,0.3132795886741761,0.24909286421096452,HEALTHY,benign,False,0,A2
595.0,benign_kpm,0.34695525267173954,0.26653884051744126,HEALTHY,benign,False,0,A2
595.0,mal_A2,0.1537280127827635,0.22469214155183925,HEALTHY,A2,False,0,A2
596.0,benign_ho,0.42187487842007304,0.3546273595593853,HEALTHY,benign,False,0,A2
596.0,benign_sched,0.14434812260451316,0.22814391588967425,HEALTHY,benign,False,0,A2
596.0,benign_kpm,0.14800724796338816,0.24283252200663064,HEALTHY,benign,False,0,A2
596.0,mal_A2,0.16193987197696236,0.2121416876368639,HEALTHY,A2,False,0,A2
597.0,benign_ho,0.3076456467093984,0.34523101698938796,HEALTHY,benign,False,0,A2
597.0,benign_sched,0.15851981307905255,0.21421909532754993,HEALTHY,benign,False,0,A2
597.0,benign_kpm,0.8290732093997306,0.36008065948525064,HEALTHY,benign,False,0,A2
597.0,mal_A2,0.1938927174532886,0.20849189360014886,HEALTHY,A2,False,0,A2
598.0,benign_ho,0.6312531307901436,0.4024354397495391,HEALTHY,benign,False,0,A2
598.0,benign_sched,0.1870991235906672,0.2087951009801734,HEALTHY,benign,False,0,A2
598.0,benign_kpm,0.3076092409218389,0.3495863757725683,HEALTHY,benign,False,0,A2
598.0,mal_A2,0.47500199203569404,0.2617939132872579,HEALTHY,A2,False,0,A2
599.0,benign_ho,0.597292245277,0.4414068008550313,HEALTHY,benign,False,0,A2
599.0,benign_sched,0.27464984973078355,0.22196605073029543,HEALTHY,benign,False,0,A2
599.0,benign_kpm,0.160544369552743,0.3117779745286033,HEALTHY,benign,False,0,A2
599.0,mal_A2,0.5325950865920739,0.3159541479482211,HEALTHY,A2,False,0,A2
600.0,benign_ho,0.3588664870744097,0.424898738098907,HEALTHY,benign,False,0,A2
600.0,benign_sched,0.30159950594725043,0.23789274177368647,HEALTHY,benign,False,0,A2
600.0,benign_kpm,0.27744165454241276,0.3049107105313652,HEALTHY,benign,False,0,A2
600.0,mal_A2,0.2397851557772559,0.30072034951402804,HEALTHY,A2,True,0,A2
601.0,benign_ho,0.5392378709646707,0.4477665646720598,HEALTHY,benign,False,0,A2
601.0,benign_sched,0.22302025025851316,0.23491824347065182,HEALTHY,benign,False,0,A2
601.0,benign_kpm,0.16394213571780739,0.27671699556865365,HEALTHY,benign,False,0,A2
601.0,mal_A2,0.1718474228099444,0.2749457641732113,HEALTHY,A2,True,0,A2
602.0,benign_ho,0.523028647014391,0.46281898114052605,HEALTHY,benign,False,0,A2
602.0,benign_sched,0.4294957031510206,0.2738337354067256,HEALTHY,benign,False,0,A2
602.0,benign_kpm,0.5851727457518958,0.3384081456053021,HEALTHY,benign,False,0,A2
602.0,mal_A2,0.2410433308643565,0.26816527751144037,HEALTHY,A2,True,0,A2
603.0,benign_ho,0.4411865664717266,0.4584924982067662,HEALTHY,benign,False,0,A2
603.0,benign_sched,0.3896217080552568,0.2969913299364319,HEALTHY,benign,False,0,A2
603.0,benign_kpm,0.4427194948665776,0.3592704154575572,HEALTHY,benign,False,0,A2
603.0,mal_A2,0.23556642727643098,0.2616455074644385,HEALTHY,A2,True,0,A2
604.0,benign_ho,0.4642953859721938,0.4596530757598517,HEALTHY,benign,False,0,A2
604.0,benign_sched,0.5255160231412797,0.3426962685774015,HEALTHY,benign,False,0,A2
604.0,benign_kpm,0.2085087543234943,0.32911808323074465,HEALTHY,benign,False,0,A2
604.0,mal_A2,0.13545897882799135,0.23640820173714908,HEALTHY,A2,True,0,A2
605.0,benign_ho,0.40561184730860617,0.44884483006960263,HEALTHY,benign,False,0,A2
605.0,benign_sched,0.4702702650768252,0.3682110678772862,HEALTHY,benign,False,0,A2
605.0,benign_kpm,0.1602104765455714,0.29533656189371,HEALTHY,benign,False,0,A2
605.0,mal_A2,0.2014758556896399,0.22942173252764728,HEALTHY,A2,True,0,A2
606.0,benign_ho,0.42950635166561674,0.4449771343888055,HEALTHY,benign,False,0,A2
606.0,benign_sched,0.204372628621311,0.33544338002609114,HEALTHY,benign,False,0,A2
606.0,benign_kpm,0.27271403388308585,0.2908120562915852,HEALTHY,benign,False,0,A2
606.0,mal_A2,0.21778714386036493,0.22709481479419083,HEALTHY,A2,True,0,A2
607.0,benign_ho,0.2361989040094886,0.40322148831294213,HEALTHY,benign,False,0,A2
607.0,benign_sched,0.14908605141621023,0.29817191430411494,HEALTHY,benign,False,0,A2
607.0,benign_kpm,0.4375547869900837,0.3201606024312849,HEALTHY,benign,False,0,A2
607.0,mal_A2,0.2997734123133486,0.2416305342980224,HEALTHY,A2,True,0,A2
608.0,benign_ho,0.353477002291194,0.39327259110859253,HEALTHY,benign,False,0,A2
608.0,benign_sched,0.24723296929481245,0.2879841253022545,HEALTHY,benign,False,0,A2
608.0,benign_kpm,0.3126259411934888,0.3186536701837257,HEALTHY,benign,False,0,A2
608.0,mal_A2,0.41287486236567983,0.27587939991155386,HEALTHY,A2,True,0,A2
609.0,benign_ho,0.5414696611995226,0.42291200512677857,HEALTHY,benign,False,0,A2
609.0,benign_sched,0.26227325858718303,0.2828419519592402,HEALTHY,benign,False,0,A2
609.0,benign_kpm,0.421362583837987,0.339195452914578,HEALTHY,benign,False,0,A2
609.0,mal_A2,0.43460237606351504,0.3076239951419461,HEALTHY,A2,True,0,A2
610.0,benign_ho,0.5203932090894986,0.4424082459193226,HEALTHY,benign,False,0,A2
610.0,benign_sched,0.1730781562548248,0.26088919281835715,HEALTHY,benign,False,0,A2
610.0,benign_kpm,0.20381852076121063,0.3121200664839045,HEALTHY,benign,False,0,A2
610.0,mal_A2,0.7414160536636197,0.3943824068462809,HEALTHY,A2,True,0,A2
611.0,benign_ho,0.4190679075853365,0.4377401782525254,HEALTHY,benign,False,0,A2
611.0,benign_sched,0.2747193835943803,0.2636552309735618,HEALTHY,benign,False,0,A2
611.0,benign_kpm,0.19851470623460293,0.2893989944340442,HEALTHY,benign,False,0,A2
611.0,mal_A2,0.633233918115101,0.4421527091000449,HEALTHY,A2,True,0,A2
612.0,benign_ho,0.6422512303073944,0.4786423886634993,HEALTHY,benign,False,0,A2
612.0,benign_sched,0.04857754573876978,0.2206396939266034,HEALTHY,benign,False,0,A2
612.0,benign_kpm,0.25096182412629847,0.28171156037249506,HEALTHY,benign,False,0,A2
612.0,mal_A2,0.539832613863499,0.4616886900527357,HEALTHY,A2,True,0,A2
613.0,benign_ho,0.4229672568125336,0.4675073622933062,HEALTHY,benign,False,0,A2
613.0,benign_sched,0.29019680479299664,0.23455111609988205,HEALTHY,benign,False,0,A2
613.0,benign_kpm,0.24748457428466672,0.2748661631549294,HEALTHY,benign,False,0,A2
613.0,mal_A2,0.7553029437618706,0.5204115407945628,WATCH,A2,True,0,A2
614.0,benign_ho,0.4660017065764777,0.46720623114994053,HEALTHY,benign,False,0,A2
614.0,benign_sched,0.33219436078852416,0.2540797650376105,HEALTHY,benign,False,0,A2
614.0,benign_kpm,0.2440408714724255,0.2687011048184286,HEALTHY,benign,False,0,A2
614.0,mal_A2,0.681400569803974,0.552609346596445,THROTTLE,A2,True,0,A2
615.0,benign_ho,0.3839577454861129,0.45055653401717505,HEALTHY,benign,False,0,A2
615.0,benign_sched,0.3986270891001943,0.28298922985012726,HEALTHY,benign,False,0,A2
615.0,benign_kpm,0.46129631209249405,0.30722014627324173,HEALTHY,benign,False,0,A2
615.0,mal_A2,0.7131322677392561,0.5847139308250072,THROTTLE,A2,True,0,A2
616.0,benign_ho,0.6608303376137846,0.492611294736497,WATCH,benign,False,0,A2
616.0,benign_sched,0.09181684244950424,0.24475475237000266,HEALTHY,benign,False,0,A2
616.0,benign_kpm,0.4742968802730934,0.34063549307321206,HEALTHY,benign,False,0,A2
616.0,mal_A2,0.7841310634413657,0.6245973573482789,THROTTLE,A2,True,0,A2
617.0,benign_ho,0.5413883051266184,0.5023666968145213,WATCH,benign,False,0,A2
617.0,benign_sched,0.325725928980736,0.26094898769214936,HEALTHY,benign,False,0,A2
617.0,benign_kpm,0.5320799571312813,0.3789243858848259,HEALTHY,benign,False,0,A2
617.0,mal_A2,0.7372948372738336,0.6471368533333899,THROTTLE,A2,True,0,A2
618.0,benign_ho,0.48674742105264895,0.49924284166214683,WATCH,benign,False,0,A2
618.0,benign_sched,0.16700404301321112,0.2421599987563617,HEALTHY,benign,False,0,A2
618.0,benign_kpm,0.1875617828040862,0.340651865268678,HEALTHY,benign,False,0,A2
618.0,mal_A2,0.7607768829311538,0.6698648592529427,THROTTLE,A2,True,0,A2
619.0,benign_ho,0.32269405378184823,0.46393308408608713,HEALTHY,benign,False,0,A2
619.0,benign_sched,0.2688298506962517,0.24749396914433974,HEALTHY,benign,False,0,A2
619.0,benign_kpm,0.22402307178769643,0.3173261065724817,HEALTHY,benign,False,0,A2
619.0,mal_A2,0.6210313599336046,0.6600981593890751,THROTTLE,A2,True,0,A2
620.0,benign_ho,0.4529656075519611,0.46173958877926197,HEALTHY,benign,False,0,A2
620.0,benign_sched,0.20996318850836826,0.23998781301714547,HEALTHY,benign,False,0,A2
620.0,benign_kpm,0.6380941594510499,0.3814797171481954,HEALTHY,benign,False,0,A2
620.0,mal_A2,0.8369293141343161,0.6954643903381235,QUARANTINE,A2,True,0,A2
621.0,benign_ho,0.4575004495445571,0.460891760932321,HEALTHY,benign,False,0,A2
621.0,benign_sched,0.2764848356766909,0.24728721754905458,HEALTHY,benign,False,0,A2
621.0,benign_kpm,0.42381515323851127,0.38994680436625856,HEALTHY,benign,False,0,A2
621.0,mal_A2,0.7507371126289764,0.706518934796294,QUARANTINE,A2,True,0,A2
622.0,benign_ho,0.35311814211957593,0.43933703716977196,HEALTHY,benign,False,0,A2
622.0,benign_sched,0.3056009918150802,0.2589499724022597,HEALTHY,benign,False,0,A2
622.0,benign_kpm,0.3267777587242148,0.37731299523784984,HEALTHY,benign,False,0,A2
622.0,mal_A2,0.5414303845295699,0.6735012247429492,THROTTLE,A2,True,0,A2
623.0,benign_ho,0.17412462359606537,0.38629455445503064,HEALTHY,benign,False,0,A2
623.0,benign_sched,0.8261944295734228,0.37239886383649234,HEALTHY,benign,False,0,A2
623.0,benign_kpm,0.525481321811539,0.40694666055258766,HEALTHY,benign,False,0,A2
623.0,mal_A2,0.6475891350597915,0.6683188068063177,THROTTLE,A2,True,0,A2
624.0,benign_ho,0.3797645002194304,0.3849885436079106,HEALTHY,benign,False,0,A2
624.0,benign_sched,0.1552784201456532,0.3289747750983245,HEALTHY,benign,False,0,A2
624.0,benign_kpm,0.31177802069712357,0.38791293258149484,HEALTHY,benign,False,0,A2
624.0,mal_A2,0.748913538997883,0.6844377532446307,THROTTLE,A2,True,0,A2
625.0,benign_ho,0.4553144239988666,0.3990537196861018,HEALTHY,benign,False,0,A2
625.0,benign_sched,0.1749391740773242,0.2981676548941245,HEALTHY,benign,False,0,A2
625.0,benign_kpm,0.7007003051710008,0.450470407099396,HEALTHY,benign,False,0,A2
625.0,mal_A2,0.6498541245009322,0.677521027495891,THROTTLE,A2,True,0,A2
626.0,benign_ho,0.3307585776378942,0.3853946912764603,HEALTHY,benign,False,0,A2
626.0,benign_sched,0.26030170620885956,0.29059446515707155,HEALTHY,benign,False,0,A2
626.0,benign_kpm,0.24762216015459068,0.409900757710435,HEALTHY,benign,False,0,A2
626.0,mal_A2,0.667649788993679,0.6755467797954486,THROTTLE,A2,True,0,A2
627.0,benign_ho,0.38658268009059266,0.3856322890392868,HEALTHY,benign,False,0,A2
627.0,benign_sched,0.2877884961699274,0.29003327135964274,HEALTHY,benign,False,0,A2
627.0,benign_kpm,0.3010875980785329,0.3881381257840546,HEALTHY,benign,False,0,A2
627.0,mal_A2,0.6932834367088687,0.6790941111781327,THROTTLE,A2,True,0,A2
628.0,benign_ho,0.3264383709777402,0.37379350542697753,HEALTHY,benign,False,0,A2
628.0,benign_sched,0.24740951197423228,0.28150851948256067,HEALTHY,benign,False,0,A2
628.0,benign_kpm,0.3851134662521873,0.3875331938776812,HEALTHY,benign,False,0,A2
628.0,mal_A2,0.585582523541226,0.6603917936507514,THROTTLE,A2,True,0,A2
629.0,benign_ho,0.5355695563482664,0.40614871561123533,HEALTHY,benign,False,0,A2
629.0,benign_sched,0.47008239640391614,0.31922329486683176,HEALTHY,benign,False,0,A2
629.0,benign_kpm,0.48883929569497614,0.4077944142411402,HEALTHY,benign,False,0,A2
629.0,mal_A2,0.8081691186944451,0.6899472586594901,QUARANTINE,A2,True,0,A2
630.0,benign_ho,0.3347207247561976,0.3918631174402278,HEALTHY,benign,False,0,A2
630.0,benign_sched,0.2366529032548415,0.3027092165444337,HEALTHY,benign,False,0,A2
630.0,benign_kpm,0.2040598972925984,0.36704751085143184,HEALTHY,benign,False,0,A2
630.0,mal_A2,0.649488335694133,0.6818554740664187,THROTTLE,A2,True,0,A2
631.0,benign_ho,0.32093859090856425,0.37767821213389513,HEALTHY,benign,False,0,A2
631.0,benign_sched,0.11622407960555423,0.2654121891566578,HEALTHY,benign,False,0,A2
631.0,benign_kpm,0.188912029938001,0.33142041466874567,HEALTHY,benign,False,0,A2
631.0,mal_A2,0.546811183838715,0.654846616020878,THROTTLE,A2,True,0,A2
632.0,benign_ho,0.20634217089197898,0.34341100388551193,HEALTHY,benign,False,0,A2
632.0,benign_sched,0.27481740582530556,0.2672932324903874,HEALTHY,benign,False,0,A2
632.0,benign_kpm,0.3932710784703199,0.34379054742906057,HEALTHY,benign,False,0,A2
632.0,mal_A2,0.6920717596653058,0.6622916447497637,THROTTLE,A2,True,0,A2
633.0,benign_ho,0.3545257603873236,0.3456339551858743,HEALTHY,benign,False,0,A2
633.0,benign_sched,0.21691004253137286,0.25721659449858447,HEALTHY,benign,False,0,A2
633.0,benign_kpm,0.49139974293222305,0.37331238652969306,HEALTHY,benign,False,0,A2
633.0,mal_A2,0.7258493645906351,0.675003188717938,THROTTLE,A2,True,0,A2
634.0,benign_ho,0.38290405926770676,0.35308797600224084,HEALTHY,benign,False,0,A2
634.0,benign_sched,0.21084126985566864,0.24794152957000132,HEALTHY,benign,False,0,A2
634.0,benign_kpm,0.5552491201107465,0.40969973324590375,HEALTHY,benign,False,0,A2
634.0,mal_A2,0.6369347633841762,0.6673895036511857,THROTTLE,A2,True,0,A2
635.0,benign_ho,0.30557524148220316,0.34358542909823336,HEALTHY,benign,False,0,A2
635.0,benign_sched,0.040437571543771825,0.20644073796475543,HEALTHY,benign,False,0,A2
635.0,benign_kpm,0.3040838396953389,0.38857655453579076,HEALTHY,benign,False,0,A2
635.0,mal_A2,0.7063232224160934,0.6751762474041672,THROTTLE,A2,True,0,A2
636.0,benign_ho,0.4024335216181828,0.3553550476022233,HEALTHY,benign,False,0,A2
636.0,benign_sched,0.33388367110287864,0.23192932459238008,HEALTHY,benign,False,0,A2
636.0,benign_kpm,0.37848937537820404,0.38655911870427345,HEALTHY,benign,False,0,A2
636.0,mal_A2,0.8024014416125235,0.7006212862458384,QUARANTINE,A2,True,0,A2
637.0,benign_ho,0.33071205572902984,0.35042644922758465,HEALTHY,benign,False,0,A2
637.0,benign_sched,0.11200206962733723,0.2079438735993715,HEALTHY,benign,False,0,A2
637.0,benign_kpm,0.3599311066468782,0.38123351629279445,HEALTHY,benign,False,0,A2
637.0,mal_A2,0.6533104846492646,0.6911591259265237,QUARANTINE,A2,True,0,A2
638.0,benign_ho,0.4344944581921392,0.36724005102049556,HEALTHY,benign,False,0,A2
638.0,benign_sched,0.3660366070183821,0.23956242028317362,HEALTHY,benign,False,0,A2
638.0,benign_kpm,0.38079525192270774,0.38114586341877715,HEALTHY,benign,False,0,A2
638.0,mal_A2,0.8474319130015269,0.7224136833415243,QUARANTINE,A2,True,0,A2
639.0,benign_ho,0.5081697586226221,0.3954259925409209,HEALTHY,benign,False,0,A2
639.0,benign_sched,0.8403741177437601,0.35972475977529095,HEALTHY,benign,False,0,A2
639.0,benign_kpm,0.37588924079375957,0.38009453889377365,HEALTHY,benign,False,0,A2
639.0,mal_A2,0.9127331175764596,0.7604775701885115,QUARANTINE,A2,True,0,A2
640.0,benign_ho,0.3518011506865546,0.38670102417004765,HEALTHY,benign,False,0,A2
640.0,benign_sched,0.03719629814716123,0.29521906744966503,HEALTHY,benign,False,0,A2
640.0,benign_kpm,0.32271239705374655,0.36861811052576826,HEALTHY,benign,False,0,A2
640.0,mal_A2,0.6350477204704881,0.7353916002449068,QUARANTINE,A2,True,0,A2
641.0,benign_ho,0.3570273514987651,0.3807662896357912,HEALTHY,benign,False,0,A2
641.0,benign_sched,0.5514302508521183,0.3464613041301557,HEALTHY,benign,False,0,A2
641.0,benign_kpm,0.1304321199396574,0.3209809124085461,HEALTHY,benign,False,0,A2
641.0,mal_A2,0.65052684710436,0.7184186496167975,QUARANTINE,A2,True,0,A2
642.0,benign_ho,0.23382723992993654,0.35137847969462027,HEALTHY,benign,False,0,A2
642.0,benign_sched,0.31843815227795463,0.3408566737597155,HEALTHY,benign,False,0,A2
642.0,benign_kpm,0.2239485046513828,0.30157443085711344,HEALTHY,benign,False,0,A2
642.0,mal_A2,0.6810910496645755,0.7109531296263532,QUARANTINE,A2,True,0,A2
643.0,benign_ho,0.2840908951765698,0.33792096279101025,HEALTHY,benign,False,0,A2
643.0,benign_sched,0.2124926860196974,0.3151838762117119,HEALTHY,benign,False,0,A2
643.0,benign_kpm,0.22681689113637252,0.28662292291296526,HEALTHY,benign,False,0,A2
643.0,mal_A2,0.6695067255757544,0.7026638488162333,QUARANTINE,A2,True,0,A2
644.0,benign_ho,0.29438005727114297,0.3292127816870368,HEALTHY,benign,False,0,A2
644.0,benign_sched,0.048592997313064726,0.2618657004319825,HEALTHY,benign,False,0,A2
644.0,benign_kpm,0.23186540916798015,0.2756714201639683,HEALTHY,benign,False,0,A2
644.0,mal_A2,0.7286685607129371,0.7078647911955741,QUARANTINE,A2,True,0,A2
645.0,benign_ho,0.3349105113400496,0.3303523276176394,HEALTHY,benign,False,0,A2
645.0,benign_sched,0.13715002631864026,0.23692256560931405,HEALTHY,benign,False,0,A2
645.0,benign_kpm,0.5309990629425133,0.3267369487196773,HEALTHY,benign,False,0,A2
645.0,mal_A2,0.6164241140299414,0.6895766557624476,QUARANTINE,A2,True,0,A2
646.0,benign_ho,0.4021619043567878,0.3447142429654691,HEALTHY,benign,False,0,A2
646.0,benign_sched,0.033903803824143,0.19631881325227984,HEALTHY,benign,False,0,A2
646.0,benign_kpm,0.18986442668461762,0.29936244431266534,HEALTHY,benign,False,0,A2
646.0,mal_A2,0.7643099692451253,0.7045233184589832,QUARANTINE,A2,True,0,A2
647.0,benign_ho,0.40084136582716356,0.35593966753780804,HEALTHY,benign,False,0,A2
647.0,benign_sched,0.0,0.1570550506018239,HEALTHY,benign,False,0,A2
647.0,benign_kpm,0.3345305243373285,0.30639606031759803,HEALTHY,benign,False,0,A2
647.0,mal_A2,0.6635557430062703,0.6963298033684406,QUARANTINE,A2,True,0,A2
648.0,benign_ho,0.35527577236766283,0.355806888503779,HEALTHY,benign,False,0,A2
648.0,benign_sched,0.16716658803659118,0.15907735808877738,HEALTHY,benign,False,0,A2
648.0,benign_kpm,0.3349619668896106,0.31210924163200054,HEALTHY,benign,False,0,A2
648.0,mal_A2,0.7448252980910826,0.706028902312969,QUARANTINE,A2,True,0,A2
649.0,benign_ho,0.572165667160933,0.3990786442352098,HEALTHY,benign,False,0,A2
649.0,benign_sched,0.15753900707235846,0.15876968788549362,HEALTHY,benign,False,0,A2
649.0,benign_kpm,0.2535887400166037,0.30040514130892115,HEALTHY,benign,False,0,A2
649.0,mal_A2,0.8169688048607667,0.7282168828225286,QUARANTINE,A2,True,0,A2
650.0,benign_ho,0.3203733537487719,0.38333758613792224,HEALTHY,benign,False,0,A2
650.0,benign_sched,0.7635193865489267,0.27971962761818026,HEALTHY,benign,False,0,A2
650.0,benign_kpm,0.4102657787142508,0.32237726878998707,HEALTHY,benign,False,0,A2
650.0,mal_A2,0.6906523026349772,0.7207039667850184,QUARANTINE,A2,True,0,A2
651.0,benign_ho,0.28226079120936615,0.36312222715221104,HEALTHY,benign,False,0,A2
651.0,benign_sched,0.1839729126800819,0.2605702846305606,HEALTHY,benign,False,0,A2
651.0,benign_kpm,0.187347255313307,0.2953712660946511,HEALTHY,benign,False,0,A2
651.0,mal_A2,0.789772513746297,0.734517676177274,QUARANTINE,A2,True,0,A2
652.0,benign_ho,0.39447790886427964,0.36939336349462476,HEALTHY,benign,False,0,A2
652.0,benign_sched,0.12671696139409255,0.233799619983267,HEALTHY,benign,False,0,A2
652.0,benign_kpm,0.29568884976300464,0.2954347828283218,HEALTHY,benign,False,0,A2
652.0,mal_A2,0.6392698908096185,0.715468119103743,QUARANTINE,A2,True,0,A2
653.0,benign_ho,0.3849965099108286,0.37251399277786557,HEALTHY,benign,False,0,A2
653.0,benign_sched,0.13348836288830124,0.2137373685642739,HEALTHY,benign,False,0,A2
653.0,benign_kpm,0.20876592105154676,0.2781010104729668,HEALTHY,benign,False,0,A2
653.0,mal_A2,0.7623660238182759,0.7248477000466497,QUARANTINE,A2,True,0,A2
654.0,benign_ho,0.29989562158400723,0.3579903185390939,HEALTHY,benign,False,0,A2
654.0,benign_sched,0.14217473920928916,0.19942484269327698,HEALTHY,benign,False,0,A2
654.0,benign_kpm,0.3543346510869812,0.29334773859576974,HEALTHY,benign,False,0,A2
654.0,mal_A2,0.7065221054847332,0.7211825811342664,QUARANTINE,A2,True,0,A2
655.0,benign_ho,0.18084754336278736,0.3225617635038326,HEALTHY,benign,False,0,A2
655.0,benign_sched,0.6210672731862258,0.28375332879186677,HEALTHY,benign,False,0,A2
655.0,benign_kpm,0.12868664426387383,0.26041551972939053,HEALTHY,benign,False,0,A2
655.0,mal_A2,0.6256711952932674,0.7020803039660666,QUARANTINE,A2,True,0,A2
656.0,benign_ho,0.9226552139381706,0.4425804535907002,HEALTHY,benign,False,0,A2
656.0,benign_sched,0.22967281711258683,0.2729372264560108,HEALTHY,benign,False,0,A2
656.0,benign_kpm,0.6384957502859802,0.3360315658407085,HEALTHY,benign,False,0,A2
656.0,mal_A2,0.7570802432863435,0.713080291830122,QUARANTINE,A2,True,0,A2
657.0,benign_ho,0.2745213609075401,0.40896863505406816,HEALTHY,benign,False,0,A2
657.0,benign_sched,0.11788532478599971,0.2419268461220086,HEALTHY,benign,False,0,A2
657.0,benign_kpm,0.14926546443427485,0.29867834555942174,HEALTHY,benign,False,0,A2
657.0,mal_A2,0.7094276014527714,0.7123497537546519,QUARANTINE,A2,True,0,A2
658.0,benign_ho,0.7477313168902116,0.4767211714212969,HEALTHY,benign,False,0,A2
658.0,benign_sched,0.2952298406689162,0.25258744503139013,HEALTHY,benign,False,0,A2
658.0,benign_kpm,0.14756027027075136,0.26845473050168767,HEALTHY,benign,False,0,A2
658.0,mal_A2,0.8387111392271464,0.7376220308491508,QUARANTINE,A2,True,0,A2
659.0,benign_ho,0.38872070626661065,0.45912107839035965,HEALTHY,benign,False,0,A2
659.0,benign_sched,0.5717882299899764,0.3164276020231074,HEALTHY,benign,False,0,A2
659.0,benign_kpm,0.18043005348133886,0.2508497950976179,HEALTHY,benign,False,0,A2
659.0,mal_A2,0.8144167792259741,0.7529809805245156,QUARANTINE,A2,True,0,A2
660.0,benign_ho,0.5712906209311674,0.4815549868985212,WATCH,benign,False,0,A2
660.0,benign_sched,0.18104634680693532,0.28935135097987297,HEALTHY,benign,False,0,A2
660.0,benign_kpm,0.1676841832182801,0.23421667272175037,HEALTHY,benign,False,0,A2
660.0,mal_A2,0.704739029055437,0.7433325902307,QUARANTINE,A2,True,0,A2
661.0,benign_ho,0.6544490987600762,0.5161338092708323,WATCH,benign,False,0,A2
661.0,benign_sched,0.27251030521741376,0.28598314182738116,HEALTHY,benign,False,0,A2
661.0,benign_kpm,0.4177583198565377,0.27092500214870785,HEALTHY,benign,False,0,A2
661.0,mal_A2,0.897109525229928,0.7740879772305457,QUARANTINE,A2,True,0,A2
662.0,benign_ho,0.359750126363287,0.48485707268932327,WATCH,benign,False,0,A2
662.0,benign_sched,0.3594517900199321,0.30067687146589134,HEALTHY,benign,False,0,A2
662.0,benign_kpm,0.2621760101070056,0.2691752037403674,HEALTHY,benign,False,0,A2
662.0,mal_A2,0.7644451256770708,0.7721594069198507,QUARANTINE,A2,True,0,A2
663.0,benign_ho,0.3362479764769319,0.455135253446845,HEALTHY,benign,False,0,A2
663.0,benign_sched,0.26751145920567887,0.29404378901384887,HEALTHY,benign,False,0,A2
663.0,benign_kpm,0.3674868931585439,0.2888375416240027,HEALTHY,benign,False,0,A2
663.0,mal_A2,0.6328278511028972,0.7442930957564601,QUARANTINE,A2,True,0,A2
664.0,benign_ho,0.311023247192678,0.4263128521960116,HEALTHY,benign,False,0,A2
664.0,benign_sched,0.7502188293257636,0.3852787970762318,HEALTHY,benign,False,0,A2
664.0,benign_kpm,0.18286574861098123,0.26764318302139845,HEALTHY,benign,False,0,A2
664.0,mal_A2,0.7723322799528239,0.7499009325957329,QUARANTINE,A2,True,0,A2
665.0,benign_ho,0.4011806640253197,0.4212864145618732,HEALTHY,benign,False,0,A2
665.0,benign_sched,0.7073220562116718,0.4496874489033198,HEALTHY,benign,False,0,A2
665.0,benign_kpm,0.09289647810380423,0.23269384203787963,HEALTHY,benign,False,0,A2
665.0,mal_A2,0.6862491469003242,0.7371705754566511,QUARANTINE,A2,True,0,A2
666.0,benign_ho,0.5250838781926314,0.4420459072880249,HEALTHY,benign,False,0,A2
666.0,benign_sched,0.12352483306977925,0.38445492573661166,HEALTHY,benign,False,0,A2
666.0,benign_kpm,0.19983369137434073,0.22612181190517186,HEALTHY,benign,False,0,A2
666.0,mal_A2,0.7309002538654297,0.7359165111384068,QUARANTINE,A2,True,0,A2
667.0,benign_ho,0.3742787319313459,0.4284924722166891,HEALTHY,benign,False,0,A2
667.0,benign_sched,0.2039684841598688,0.34835763742126313,HEALTHY,benign,False,0,A2
667.0,benign_kpm,0.48117823604413573,0.27713309673296466,HEALTHY,benign,False,0,A2
667.0,mal_A2,0.674687839224012,0.7236707767555278,QUARANTINE,A2,True,0,A2
668.0,benign_ho,0.31096337075073494,0.4049866519234983,HEALTHY,benign,False,0,A2
668.0,benign_sched,0.24652448655137815,0.3279910072472862,HEALTHY,benign,False,0,A2
668.0,benign_kpm,0.36310479693541375,0.29432743677345446,HEALTHY,benign,False,0,A2
668.0,mal_A2,0.6803772969040689,0.715012080785236,QUARANTINE,A2,True,0,A2
669.0,benign_ho,0.38649063169492226,0.40128744787778314,HEALTHY,benign,False,0,A2
669.0,benign_sched,0.19971627196162325,0.30233606019015363,HEALTHY,benign,False,0,A2
669.0,benign_kpm,0.18319895398154568,0.2721017402150727,HEALTHY,benign,False,0,A2
669.0,mal_A2,0.7038131651205767,0.7127722976523041,QUARANTINE,A2,True,0,A2
670.0,benign_ho,0.5773325112786902,0.4364964605579646,HEALTHY,benign,False,0,A2
670.0,benign_sched,0.239091795960983,0.2896872073443195,HEALTHY,benign,False,0,A2
670.0,benign_kpm,0.2720176843948813,0.27208492905103443,HEALTHY,benign,False,0,A2
670.0,mal_A2,0.7651011707909714,0.7232380722800377,QUARANTINE,A2,True,0,A2
671.0,benign_ho,0.37354724412176016,0.42390661727072376,HEALTHY,benign,False,0,A2
671.0,benign_sched,0.15922385374898215,0.26359453662525206,HEALTHY,benign,False,0,A2
671.0,benign_kpm,0.30122392624772115,0.2779127284903718,HEALTHY,benign,False,0,A2
671.0,mal_A2,0.7497956016684169,0.7285495781577136,QUARANTINE,A2,True,0,A2
672.0,benign_ho,0.23637846519523512,0.38640098685562607,HEALTHY,benign,False,0,A2
672.0,benign_sched,0.21556605233227813,0.25398883976665726,HEALTHY,benign,False,0,A2
672.0,benign_kpm,0.6129850288090305,0.34492718855410354,HEALTHY,benign,False,0,A2
672.0,mal_A2,0.7539650681033443,0.7336326761468398,QUARANTINE,A2,True,0,A2
673.0,benign_ho,0.2059877126681983,0.35031833201814055,HEALTHY,benign,False,0,A2
673.0,benign_sched,0.31062530414981127,0.26531613264328807,HEALTHY,benign,False,0,A2
673.0,benign_kpm,0.28525495801818274,0.33299274244691934,HEALTHY,benign,False,0,A2
673.0,mal_A2,0.681072376808313,0.7231206162791345,QUARANTINE,A2,True,0,A2
674.0,benign_ho,0.689537804452754,0.4181622265050633,HEALTHY,benign,False,0,A2
674.0,benign_sched,0.09225716125555082,0.2307043383657406,HEALTHY,benign,False,0,A2
674.0,benign_kpm,0.28423371304452416,0.3232409365664403,HEALTHY,benign,False,0,A2
674.0,mal_A2,0.7121434307196405,0.7209251791672358,QUARANTINE,A2,True,0,A2
675.0,benign_ho,0.23942214486551805,0.38241421017715427,HEALTHY,benign,False,0,A2
675.0,benign_sched,0.3083328703892385,0.2462300447704402,HEALTHY,benign,False,0,A2
675.0,benign_kpm,0.32702832378336777,0.3239984140098259,HEALTHY,benign,False,0,A2
675.0,mal_A2,0.7041099853190294,0.7175621403975945,QUARANTINE,A2,True,0,A2
676.0,benign_ho,0.2920953621079044,0.36435044056330435,HEALTHY,benign,False,0,A2
676.0,benign_sched,0.278208360124514,0.25262570784125493,HEALTHY,benign,False,0,A2
676.0,benign_kpm,0.1262516485974696,0.2844490609273546,HEALTHY,benign,False,0,A2
676.0,mal_A2,0.5938194599834771,0.692813604314771,QUARANTINE,A2,True,0,A2
677.0,benign_ho,0.37777285952956496,0.3670349243565565,HEALTHY,benign,False,0,A2
677.0,benign_sched,0.2608793479251281,0.2542764358580296,HEALTHY,benign,False,0,A2
677.0,benign_kpm,0.17036121736779958,0.26163149221544363,HEALTHY,benign,False,0,A2
677.0,mal_A2,0.6080687389707445,0.6758646312459657,THROTTLE,A2,True,0,A2
678.0,benign_ho,1.0,0.4936279394852452,WATCH,benign,False,0,A2
678.0,benign_sched,0.12516457719069765,0.22845406412456323,HEALTHY,benign,False,0,A2
678.0,benign_kpm,0.7333047945267631,0.35596615267770754,HEALTHY,benign,False,0,A2
678.0,mal_A2,0.7017842660770913,0.6810485582121909,THROTTLE,A2,True,0,A2
679.0,benign_ho,0.3926753233987739,0.473437416267951,HEALTHY,benign,False,0,A2
679.0,benign_sched,0.1421773625576835,0.21119872381118732,HEALTHY,benign,False,0,A2
679.0,benign_kpm,0.32046819959036166,0.34886656206023836,HEALTHY,benign,False,0,A2
679.0,mal_A2,0.6552265965804608,0.675884165885845,THROTTLE,A2,True,0,A2
680.0,benign_ho,0.37435237859429915,0.4536204087332207,HEALTHY,benign,False,0,A2
680.0,benign_sched,0.2380563111439865,0.21657024127774716,HEALTHY,benign,False,0,A2
680.0,benign_kpm,0.4793544449359856,0.37496413863538786,HEALTHY,benign,False,0,A2
680.0,mal_A2,0.6702877479921963,0.6747648823071153,THROTTLE,A2,True,0,A2
681.0,benign_ho,0.44356975620015704,0.451610278226608,HEALTHY,benign,False,0,A2
681.0,benign_sched,0.20721397777476672,0.21469898857715108,HEALTHY,benign,False,0,A2
681.0,benign_kpm,0.3007786652692885,0.360127043962168,HEALTHY,benign,False,0,A2
681.0,mal_A2,0.8818737960617827,0.7161866650580488,QUARANTINE,A2,True,0,A2
682.0,benign_ho,0.3452179976533477,0.430331822111956,HEALTHY,benign,False,0,A2
682.0,benign_sched,0.23133417255231029,0.21802602537218294,HEALTHY,benign,False,0,A2
682.0,benign_kpm,0.6359360124999133,0.4152888376697171,HEALTHY,benign,False,0,A2
682.0,mal_A2,0.756176033253213,0.7241845386970817,QUARANTINE,A2,True,0,A2
683.0,benign_ho,0.38686877785910817,0.4216392132613864,HEALTHY,benign,False,0,A2
683.0,benign_sched,0.4940019789257212,0.27322121608289063,HEALTHY,benign,False,0,A2
683.0,benign_kpm,0.1694601126982592,0.36612309267542553,HEALTHY,benign,False,0,A2
683.0,mal_A2,0.7422609853833809,0.7277998280343416,QUARANTINE,A2,True,0,A2
684.0,benign_ho,0.3364692634295531,0.4046052232950198,HEALTHY,benign,False,0,A2
684.0,benign_sched,0.4365245241682357,0.30588187769995967,HEALTHY,benign,False,0,A2
684.0,benign_kpm,0.5753637412139381,0.40797122238312805,HEALTHY,benign,False,0,A2
684.0,mal_A2,0.708970865442811,0.7240340355160355,QUARANTINE,A2,True,0,A2
685.0,benign_ho,0.5177019973708726,0.4272245781101904,HEALTHY,benign,False,0,A2
685.0,benign_sched,0.30098951352801623,0.304903404865571,HEALTHY,benign,False,0,A2
685.0,benign_kpm,0.35803989115972495,0.3979849561384474,HEALTHY,benign,False,0,A2
685.0,mal_A2,0.8255823936695793,0.7443437071467444,QUARANTINE,A2,True,0,A2
686.0,benign_ho,0.3935386550647146,0.42048739350109526,HEALTHY,benign,False,0,A2
686.0,benign_sched,0.13299664169368974,0.27052205223119474,HEALTHY,benign,False,0,A2
686.0,benign_kpm,0.3465894609203631,0.3877058570948306,HEALTHY,benign,False,0,A2
686.0,mal_A2,0.74236260054199,0.7439474858257935,QUARANTINE,A2,True,0,A2
687.0,benign_ho,0.3347839302690238,0.403346700854681,HEALTHY,benign,False,0,A2
687.0,benign_sched,0.2651324656530832,0.26944413491557245,HEALTHY,benign,False,0,A2
687.0,benign_kpm,0.1423504536648031,0.3386347764088251,HEALTHY,benign,False,0,A2
687.0,mal_A2,0.7358671050865185,0.7423314096779385,QUARANTINE,A2,True,0,A2
688.0,benign_ho,0.23537933720074136,0.3697532281238931,HEALTHY,benign,False,0,A2
688.0,benign_sched,0.0850079406177236,0.2325568960560027,HEALTHY,benign,False,0,A2
688.0,benign_kpm,0.4115941920071354,0.35322665952848714,HEALTHY,benign,False,0,A2
688.0,mal_A2,0.7111146271631408,0.736088053174979,QUARANTINE,A2,True,0,A2
689.0,benign_ho,0.2318334762398765,0.34216927774708983,HEALTHY,benign,False,0,A2
689.0,benign_sched,0.19515305577341455,0.22507612799948506,HEALTHY,benign,False,0,A2
689.0,benign_kpm,0.19052943498358468,0.32068721461950667,HEALTHY,benign,False,0,A2
689.0,mal_A2,0.7496940717375101,0.7388092568874852,QUARANTINE,A2,True,0,A2
690.0,benign_ho,0.3736726308553014,0.3484699483687322,HEALTHY,benign,False,0,A2
690.0,benign_sched,0.1062658519436987,0.2013140727883278,HEALTHY,benign,False,0,A2
690.0,benign_kpm,0.1404230037148345,0.28463437243857226,HEALTHY,benign,False,0,A2
690.0,mal_A2,0.6434286646224161,0.7197331384344715,QUARANTINE,A2,True,0,A2
691.0,benign_ho,0.47013308795178854,0.3728025762853435,HEALTHY,benign,False,0,A2
691.0,benign_sched,0.5018332037383437,0.261417898978331,HEALTHY,benign,False,0,A2
691.0,benign_kpm,0.21360214016448256,0.2704279259837543,HEALTHY,benign,False,0,A2
691.0,mal_A2,0.8709097824573419,0.7499684672390456,QUARANTINE,A2,True,0,A2
692.0,benign_ho,0.3472990177331449,0.36770186457490384,HEALTHY,benign,False,0,A2
692.0,benign_sched,0.09613957523391367,0.22836223422944754,HEALTHY,benign,False,0,A2
692.0,benign_kpm,0.21167704765373072,0.2586777503177496,HEALTHY,benign,False,0,A2
692.0,mal_A2,0.6691111784894709,0.7337970094891307,QUARANTINE,A2,True,0,A2
693.0,benign_ho,0.46100603835368803,0.3863626993306607,HEALTHY,benign,False,0,A2
693.0,benign_sched,0.050189064463657715,0.19272760027628957,HEALTHY,benign,False,0,A2
693.0,benign_kpm,0.3145686813446721,0.2698559365231341,HEALTHY,benign,False,0,A2
693.0,mal_A2,0.7140584779554989,0.7298493031824045,QUARANTINE,A2,True,0,A2
694.0,benign_ho,0.4593798727656843,0.40096613401766545,HEALTHY,benign,False,0,A2
694.0,benign_sched,0.23000451152337273,0.2001829825257062,HEALTHY,benign,False,0,A2
694.0,benign_kpm,0.7935188205727666,0.37458851333306065,HEALTHY,benign,False,0,A2
694.0,mal_A2,0.7097890817201713,0.7258372588899579,QUARANTINE,A2,True,0,A2
695.0,benign_ho,0.510338029724463,0.422840513159025,HEALTHY,benign,False,0,A2
695.0,benign_sched,0.39624839944123486,0.23939606590881196,HEALTHY,benign,False,0,A2
695.0,benign_kpm,0.49854058055448647,0.3993789267773458,HEALTHY,benign,False,0,A2
695.0,mal_A2,0.6525699545510407,0.7111837980221745,QUARANTINE,A2,True,0,A2
696.0,benign_ho,0.5108785560253835,0.4404481217322967,HEALTHY,benign,False,0,A2
696.0,benign_sched,0.7479673804742114,0.34111032882189185,HEALTHY,benign,False,0,A2
696.0,benign_kpm,0.20843721812421598,0.36119058504671986,HEALTHY,benign,False,0,A2
696.0,mal_A2,0.8877509562650181,0.7464972296707433,QUARANTINE,A2,True,0,A2
697.0,benign_ho,0.38873761749941343,0.43010602088572003,HEALTHY,benign,False,0,A2
697.0,benign_sched,0.1432893478723805,0.3015461326319896,HEALTHY,benign,False,0,A2
697.0,benign_kpm,0.19091929407599426,0.32713632685257477,HEALTHY,benign,False,0,A2
697.0,mal_A2,0.5683601110138092,0.7108698059393564,QUARANTINE,A2,True,0,A2
698.0,benign_ho,0.4295753817718464,0.42999989306294534,HEALTHY,benign,False,0,A2
698.0,benign_sched,0.31314581146065756,0.3038660683977232,HEALTHY,benign,False,0,A2
698.0,benign_kpm,0.16571592507116933,0.29485224649629366,HEALTHY,benign,False,0,A2
698.0,mal_A2,0.7799062622303485,0.7246770971975549,QUARANTINE,A2,True,0,A2
699.0,benign_ho,0.36268803250859954,0.4165375209520762,HEALTHY,benign,False,0,A2
699.0,benign_sched,0.33688231852260325,0.3104693184226992,HEALTHY,benign,False,0,A2
699.0,benign_kpm,0.11463721049842514,0.25880923929671995,HEALTHY,benign,False,0,A2
699.0,mal_A2,0.7317934717684572,0.7261003721117354,QUARANTINE,A2,True,0,A2
700.0,benign_ho,0.2751743667543164,0.38826489011252424,HEALTHY,benign,False,0,A2
700.0,benign_sched,0.11696498987044669,0.2717684527122487,HEALTHY,benign,False,0,A2
700.0,benign_kpm,0.3381896091554163,0.27468531326845924,HEALTHY,benign,False,0,A2
700.0,mal_A2,0.6610842246649876,0.7130971426223859,QUARANTINE,A2,True,0,A2
701.0,benign_ho,0.44394827731814157,0.39940156755364775,HEALTHY,benign,False,0,A2
701.0,benign_sched,0.286370923790383,0.27468894692787554,HEALTHY,benign,False,0,A2
701.0,benign_kpm,0.16698016830860068,0.25314428427648755,HEALTHY,benign,False,0,A2
701.0,mal_A2,0.6265777845640057,0.6957932710107099,QUARANTINE,A2,True,0,A2
702.0,benign_ho,0.25966969995613925,0.37145519403414606,HEALTHY,benign,False,0,A2
702.0,benign_sched,0.0755739293371779,0.23486594340973604,HEALTHY,benign,False,0,A2
702.0,benign_kpm,0.43812563146428823,0.2901405537140477,HEALTHY,benign,False,0,A2
702.0,mal_A2,0.7481535472319341,0.7062653262549548,QUARANTINE,A2,True,0,A2
703.0,benign_ho,0.27366173944476635,0.35189650311627013,HEALTHY,benign,False,0,A2
703.0,benign_sched,0.20174167799897297,0.22824109032758344,HEALTHY,benign,False,0,A2
703.0,benign_kpm,0.22864305195878032,0.2778410533629942,HEALTHY,benign,False,0,A2
703.0,mal_A2,0.6108680448977254,0.687185869983509,THROTTLE,A2,True,0,A2
704.0,benign_ho,0.35163789277821567,0.35184478104865924,HEALTHY,benign,False,0,A2
704.0,benign_sched,0.2582822598148697,0.23424932422504072,HEALTHY,benign,False,0,A2
704.0,benign_kpm,0.4170800140659271,0.3056888455035808,HEALTHY,benign,False,0,A2
704.0,mal_A2,0.6751241889998032,0.6847735337867679,THROTTLE,A2,True,0,A2
705.0,benign_ho,0.2641628118330907,0.33430838720554557,HEALTHY,benign,False,0,A2
705.0,benign_sched,0.2507965073997085,0.2375587608599743,HEALTHY,benign,False,0,A2
705.0,benign_kpm,0.1334237978132436,0.27123583596551337,HEALTHY,benign,False,0,A2
705.0,mal_A2,0.8008903127698577,0.7079968895833859,QUARANTINE,A2,True,0,A2
706.0,benign_ho,0.31916002721952447,0.33127871520834135,HEALTHY,benign,False,0,A2
706.0,benign_sched,0.05362078078593697,0.20077116484516683,HEALTHY,benign,False,0,A2
706.0,benign_kpm,0.3635824795450564,0.289705164681422,HEALTHY,benign,False,0,A2
706.0,mal_A2,0.6792215154535698,0.7022418147574226,QUARANTINE,A2,True,0,A2
707.0,benign_ho,0.4143933091372972,0.34790163399413254,HEALTHY,benign,False,0,A2
707.0,benign_sched,0.15257640666547542,0.19113221320922855,HEALTHY,benign,False,0,A2
707.0,benign_kpm,0.2498126049956473,0.28172665274426706,HEALTHY,benign,False,0,A2
707.0,mal_A2,0.7774627218394118,0.7172859961738205,QUARANTINE,A2,True,0,A2
708.0,benign_ho,0.33540138710872486,0.34540158461705106,HEALTHY,benign,False,0,A2
708.0,benign_sched,0.1820770830801722,0.1893211871834173,HEALTHY,benign,False,0,A2
708.0,benign_kpm,0.21622976784335363,0.2686272757640844,HEALTHY,benign,False,0,A2
708.0,mal_A2,0.6229211664400177,0.6984130302270599,QUARANTINE,A2,True,0,A2
709.0,benign_ho,0.44032706909515273,0.3643866815126714,HEALTHY,benign,False,0,A2
709.0,benign_sched,0.316406202528016,0.21473819025233704,HEALTHY,benign,False,0,A2
709.0,benign_kpm,0.18039091148288916,0.2509800029078454,HEALTHY,benign,False,0,A2
709.0,mal_A2,0.8509162713008769,0.7289136784418233,QUARANTINE,A2,True,0,A2
710.0,benign_ho,0.3911622973381823,0.36974180467777357,HEALTHY,benign,False,0,A2
710.0,benign_sched,0.20523547920049895,0.21283764804196945,HEALTHY,benign,False,0,A2
710.0,benign_kpm,0.13774187778851055,0.22833237788397845,HEALTHY,benign,False,0,A2
710.0,mal_A2,0.6056185438220117,0.704254651517861,QUARANTINE,A2,True,0,A2
711.0,benign_ho,0.2844875982171754,0.352690963385654,HEALTHY,benign,False,0,A2
711.0,benign_sched,0.11427634206656402,0.19312538684688837,HEALTHY,benign,False,0,A2
711.0,benign_kpm,0.2932596418395726,0.2413178306750973,HEALTHY,benign,False,0,A2
711.0,mal_A2,0.694249524197209,0.7022536260537307,QUARANTINE,A2,True,0,A2
712.0,benign_ho,0.22719756429910093,0.32759228356834336,HEALTHY,benign,False,0,A2
712.0,benign_sched,0.3147738208950766,0.21745507365652603,HEALTHY,benign,False,0,A2
712.0,benign_kpm,0.2154507982730157,0.23614442419468099,HEALTHY,benign,False,0,A2
712.0,mal_A2,0.7840428152477864,0.7186114638925418,QUARANTINE,A2,True,0,A2
713.0,benign_ho,0.4202847166912249,0.34613077019291966,HEALTHY,benign,False,0,A2
713.0,benign_sched,0.19345350218292473,0.21265475936180578,HEALTHY,benign,False,0,A2
713.0,benign_kpm,0.3672547423134869,0.2623664878184422,HEALTHY,benign,False,0,A2
713.0,mal_A2,0.7763646526766985,0.7301621016493732,QUARANTINE,A2,True,0,A2
714.0,benign_ho,0.2909188951913624,0.33508839519260825,HEALTHY,benign,False,0,A2
714.0,benign_sched,0.26757065941003916,0.2236379393714525,HEALTHY,benign,False,0,A2
714.0,benign_kpm,0.18122591418123649,0.24613837309100106,HEALTHY,benign,False,0,A2
714.0,mal_A2,0.7299312869199582,0.7301159387034902,QUARANTINE,A2,True,0,A2
715.0,benign_ho,0.44020826581088646,0.3561123693162639,HEALTHY,benign,False,0,A2
715.0,benign_sched,0.18463918429366846,0.2158381883558957,HEALTHY,benign,False,0,A2
715.0,benign_kpm,0.15447175128486465,0.22780504872977378,HEALTHY,benign,False,0,A2
715.0,mal_A2,0.6536570573519794,0.7148241624331881,QUARANTINE,A2,True,0,A2
716.0,benign_ho,0.46788453294422905,0.37846680204185695,HEALTHY,benign,False,0,A2
716.0,benign_sched,0.2508452812095509,0.22283960692662674,HEALTHY,benign,False,0,A2
716.0,benign_kpm,0.14150018834200548,0.21054407665222014,HEALTHY,benign,False,0,A2
716.0,mal_A2,0.6755109414998158,0.7069615182465137,QUARANTINE,A2,True,0,A2
717.0,benign_ho,0.30942165869909627,0.36465777337330485,HEALTHY,benign,False,0,A2
717.0,benign_sched,0.21622457943874412,0.22151660142905022,HEALTHY,benign,False,0,A2
717.0,benign_kpm,0.26618204576457694,0.2216716704746915,HEALTHY,benign,False,0,A2
717.0,mal_A2,0.8762482130714756,0.7408188572115061,QUARANTINE,A2,True,0,A2
718.0,benign_ho,0.2492284789031243,0.34157191447926877,HEALTHY,benign,False,0,A2
718.0,benign_sched,0.4884860451060705,0.2749104901644543,HEALTHY,benign,False,0,A2
718.0,benign_kpm,0.39904075077669626,0.2571454865350925,HEALTHY,benign,False,0,A2
718.0,mal_A2,0.811745323780001,0.7550041505252051,QUARANTINE,A2,True,0,A2
719.0,benign_ho,0.32538682086240217,0.3383348957558955,HEALTHY,benign,False,0,A2
719.0,benign_sched,0.08094520660089606,0.23611743345174266,HEALTHY,benign,False,0,A2
719.0,benign_kpm,0.15309649782537818,0.23633568879314965,HEALTHY,benign,False,0,A2
719.0,mal_A2,0.8783340576293799,0.7796701319460402,QUARANTINE,A2,True,0,A2
720.0,benign_ho,0.4269221723869875,0.3560523510821139,HEALTHY,benign,False,0,A2
720.0,benign_sched,0.1713047699527467,0.2231549007519435,HEALTHY,benign,False,0,A2
720.0,benign_kpm,0.4694459217145048,0.2829577353774207,HEALTHY,benign,False,0,A2
720.0,mal_A2,0.6154624448563373,0.7468285945280997,QUARANTINE,A2,True,0,A2
721.0,benign_ho,0.8116712124608522,0.44717612335786155,HEALTHY,benign,False,0,A2
721.0,benign_sched,0.33011414913968,0.2445467504294908,HEALTHY,benign,False,0,A2
721.0,benign_kpm,0.4580002230202747,0.3179662329059915,HEALTHY,benign,False,0,A2
721.0,mal_A2,0.677318642525862,0.7329266041276522,QUARANTINE,A2,True,0,A2
722.0,benign_ho,0.5485556718557338,0.46745203305743604,HEALTHY,benign,False,0,A2
722.0,benign_sched,0.29312770979919095,0.2542629423034309,HEALTHY,benign,False,0,A2
722.0,benign_kpm,0.5054985372626067,0.35547269377731455,HEALTHY,benign,False,0,A2
722.0,mal_A2,0.709942529543329,0.7283297892107876,QUARANTINE,A2,True,0,A2
723.0,benign_ho,0.33224018621706497,0.44040966368936185,HEALTHY,benign,False,0,A2
723.0,benign_sched,0.18625603872683041,0.2406615615881108,HEALTHY,benign,False,0,A2
723.0,benign_kpm,0.591360730442921,0.40265030111043587,HEALTHY,benign,False,0,A2
723.0,mal_A2,0.6667306565918312,0.7160099626869963,QUARANTINE,A2,True,0,A2
724.0,benign_ho,0.3644349779450489,0.4252147265404993,HEALTHY,benign,False,0,A2
724.0,benign_sched,0.1256661025618492,0.2176624697828585,HEALTHY,benign,False,0,A2
724.0,benign_kpm,0.21221393173421663,0.36456302723519207,HEALTHY,benign,False,0,A2
724.0,mal_A2,0.729232219924511,0.7186544141344993,QUARANTINE,A2,True,0,A2
725.0,benign_ho,0.37961031369286424,0.41609384397097227,HEALTHY,benign,False,0,A2
725.0,benign_sched,0.19227923204320094,0.212585822234927,HEALTHY,benign,False,0,A2
725.0,benign_kpm,0.3815500911838144,0.3679604400249165,HEALTHY,benign,False,0,A2
725.0,mal_A2,0.8378420572087545,0.7424919427493504,QUARANTINE,A2,True,0,A2
726.0,benign_ho,0.34865846343424656,0.40260676786362715,HEALTHY,benign,False,0,A2
726.0,benign_sched,0.3532879247597967,0.24072624273990095,HEALTHY,benign,False,0,A2
726.0,benign_kpm,0.5142217535978253,0.39721270273949827,HEALTHY,benign,False,0,A2
726.0,mal_A2,0.9100032557429059,0.7759942053480615,QUARANTINE,A2,True,0,A2
727.0,benign_ho,0.20421531308995303,0.36292847690889235,HEALTHY,benign,False,0,A2
727.0,benign_sched,0.1775158126195034,0.22808415671582144,HEALTHY,benign,False,0,A2
727.0,benign_kpm,0.40422501721400805,0.39861516563440025,HEALTHY,benign,False,0,A2
727.0,mal_A2,0.7468123307859497,0.7701578304356392,QUARANTINE,A2,True,0,A2
728.0,benign_ho,0.3338687705174679,0.35711653563060747,HEALTHY,benign,False,0,A2
728.0,benign_sched,0.22962808443060345,0.22839294225877788,HEALTHY,benign,False,0,A2
728.0,benign_kpm,0.2674761246616814,0.3723873574398565,HEALTHY,benign,False,0,A2
728.0,mal_A2,0.6763734818733759,0.7514009607231866,QUARANTINE,A2,True,0,A2
729.0,benign_ho,0.21401173742588225,0.32849557598966245,HEALTHY,benign,False,0,A2
729.0,benign_sched,0.3585934681109904,0.2544330474292204,HEALTHY,benign,False,0,A2
729.0,benign_kpm,0.4121548583555147,0.3803408576229882,HEALTHY,benign,False,0,A2
729.0,mal_A2,0.7045440762309161,0.7420295838247326,QUARANTINE,A2,True,0,A2
730.0,benign_ho,0.4545758827549066,0.35371163734271127,HEALTHY,benign,False,0,A2
730.0,benign_sched,0.40545695589685277,0.28463782912274693,HEALTHY,benign,False,0,A2
730.0,benign_kpm,0.16248975134469223,0.336770636367329,HEALTHY,benign,False,0,A2
730.0,mal_A2,0.7097716513956113,0.7355779973389084,QUARANTINE,A2,True,0,A2
731.0,benign_ho,0.4772777741032307,0.3784248646948152,HEALTHY,benign,False,0,A2
731.0,benign_sched,0.40177360435399523,0.3080649841689966,HEALTHY,benign,False,0,A2
731.0,benign_kpm,0.28182947007193687,0.3257824031082506,HEALTHY,benign,False,0,A2
731.0,mal_A2,0.7040459082169281,0.7292715795145124,QUARANTINE,A2,True,0,A2
732.0,benign_ho,0.45207362413212565,0.3931546165822773,HEALTHY,benign,False,0,A2
732.0,benign_sched,0.14861923777354927,0.2761758348899071,HEALTHY,benign,False,0,A2
732.0,benign_kpm,0.25009625884308867,0.3106451742552182,HEALTHY,benign,False,0,A2
732.0,mal_A2,0.8354327410935962,0.7505038118303292,QUARANTINE,A2,True,0,A2
733.0,benign_ho,0.5521672183961948,0.4249571369450608,HEALTHY,benign,False,0,A2
733.0,benign_sched,0.234006859510735,0.2677420398140727,HEALTHY,benign,False,0,A2
733.0,benign_kpm,0.37231197249397335,0.32297853390296927,HEALTHY,benign,False,0,A2
733.0,mal_A2,0.7744408275136061,0.7552912149669846,QUARANTINE,A2,True,0,A2
734.0,benign_ho,0.6378521692406987,0.46753614340418836,HEALTHY,benign,False,0,A2
734.0,benign_sched,0.19269321445361187,0.25273227474198057,HEALTHY,benign,False,0,A2
734.0,benign_kpm,0.20080881359322159,0.2985445898410197,HEALTHY,benign,False,0,A2
734.0,mal_A2,0.6965817437851392,0.7435493207306155,QUARANTINE,A2,True,0,A2
735.0,benign_ho,0.5702992987930852,0.48808877448196775,WATCH,benign,False,0,A2
735.0,benign_sched,0.15188814365253414,0.2325634485240913,HEALTHY,benign,False,0,A2
735.0,benign_kpm,0.46869820651819566,0.33257531317645495,HEALTHY,benign,False,0,A2
735.0,mal_A2,0.6238948859603312,0.7196184337765587,QUARANTINE,A2,True,0,A2
736.0,benign_ho,0.3722453222202936,0.464920084029633,HEALTHY,benign,False,0,A2
736.0,benign_sched,0.07109428696901085,0.2002696162130752,HEALTHY,benign,False,0,A2
736.0,benign_kpm,0.24061359375075714,0.3141829692913154,HEALTHY,benign,False,0,A2
736.0,mal_A2,0.6532986534553386,0.7063544777123146,QUARANTINE,A2,True,0,A2
737.0,benign_ho,0.5421027501553479,0.480356617254776,HEALTHY,benign,False,0,A2
737.0,benign_sched,0.14027905813205355,0.1882715045968709,HEALTHY,benign,False,0,A2
737.0,benign_kpm,0.2860301375303487,0.30855240293912206,HEALTHY,benign,False,0,A2
737.0,mal_A2,0.8780469813510217,0.7406929784400561,QUARANTINE,A2,True,0,A2
738.0,benign_ho,0.6934959376025179,0.5229844813243244,WATCH,benign,False,0,A2
738.0,benign_sched,0.3065446892465899,0.21192614152681472,HEALTHY,benign,False,0,A2
738.0,benign_kpm,0.16223870382571856,0.2792896631164414,HEALTHY,benign,False,0,A2
738.0,mal_A2,0.6760707107249054,0.7277685248970259,QUARANTINE,A2,True,0,A2
739.0,benign_ho,0.5191881404698139,0.5222252131534223,WATCH,benign,False,0,A2
739.0,benign_sched,0.25334502803247305,0.2202099188279464,HEALTHY,benign,False,0,A2
739.0,benign_kpm,0.2862932088464452,0.2806903722624422,HEALTHY,benign,False,0,A2
739.0,mal_A2,0.7245856229722797,0.7271319445120767,QUARANTINE,A2,True,0,A2
740.0,benign_ho,0.4583542704850885,0.5094510246197556,WATCH,benign,False,0,A2
740.0,benign_sched,0.10543433167859631,0.1972548013980764,HEALTHY,benign,False,0,A2
740.0,benign_kpm,0.3874016967455684,0.3020326371590675,HEALTHY,benign,False,0,A2
740.0,mal_A2,0.7738489981950619,0.7364753552486738,QUARANTINE,A2,True,0,A2
741.0,benign_ho,0.3718425706932378,0.481929333834452,WATCH,benign,False,0,A2
741.0,benign_sched,0.3539806905937853,0.2285999792372182,HEALTHY,benign,False,0,A2
741.0,benign_kpm,0.1683397964289243,0.2752940690130388,HEALTHY,benign,False,0,A2
741.0,mal_A2,0.7438030033100037,0.7379408848609399,QUARANTINE,A2,True,0,A2
742.0,benign_ho,0.2579130733938776,0.43712608174633716,HEALTHY,benign,False,0,A2
742.0,benign_sched,0.41748876096920495,0.26637773558361555,HEALTHY,benign,False,0,A2
742.0,benign_kpm,0.3535476410346164,0.29094478341735436,HEALTHY,benign,False,0,A2
742.0,mal_A2,0.7567397098670433,0.7417006498621606,QUARANTINE,A2,True,0,A2
743.0,benign_ho,0.5673304192101994,0.4631669492391096,HEALTHY,benign,False,0,A2
743.0,benign_sched,0.33682523800817193,0.28046723606852686,HEALTHY,benign,False,0,A2
743.0,benign_kpm,0.24675496535727418,0.28210681980533836,HEALTHY,benign,False,0,A2
743.0,mal_A2,0.7906933036588242,0.7514991806214933,QUARANTINE,A2,True,0,A2
744.0,benign_ho,0.5441596649473778,0.4793654923807633,HEALTHY,benign,False,0,A2
744.0,benign_sched,0.15728127827759705,0.2558300445103409,HEALTHY,benign,False,0,A2
744.0,benign_kpm,0.17025770027577736,0.25973699589942617,HEALTHY,benign,False,0,A2
744.0,mal_A2,0.8434938583430611,0.769898116165807,QUARANTINE,A2,True,0,A2
745.0,benign_ho,0.5242786584693433,0.4883481255984793,WATCH,benign,False,0,A2
745.0,benign_sched,0.10960593685610658,0.22658522297949404,HEALTHY,benign,False,0,A2
745.0,benign_kpm,0.2626037644608456,0.26031034961171007,HEALTHY,benign,False,0,A2
745.0,mal_A2,0.8538982963547647,0.7866981522035985,QUARANTINE,A2,True,0,A2
746.0,benign_ho,0.3318937641397354,0.4570572533067305,HEALTHY,benign,False,0,A2
746.0,benign_sched,0.29687482213149513,0.24064314280989427,HEALTHY,benign,False,0,A2
746.0,benign_kpm,0.34739649525454247,0.27772757874027654,HEALTHY,benign,False,0,A2
746.0,mal_A2,0.7607854033165078,0.7815156024261805,QUARANTINE,A2,True,0,A2
747.0,benign_ho,0.576039030398866,0.48085360872515764,WATCH,benign,False,0,A2
747.0,benign_sched,0.23659992408678093,0.23983449906527163,HEALTHY,benign,False,0,A2
747.0,benign_kpm,0.2601130103165782,0.27420466505553687,HEALTHY,benign,False,0,A2
747.0,mal_A2,0.6365123669365157,0.7525149553282475,QUARANTINE,A2,True,0,A2
748.0,benign_ho,0.2176199329431171,0.4282068735687496,HEALTHY,benign,False,0,A2
748.0,benign_sched,0.09714025928469551,0.2112956511091564,HEALTHY,benign,False,0,A2
748.0,benign_kpm,0.4583533135385717,0.31103439475214384,HEALTHY,benign,False,0,A2
748.0,mal_A2,0.6146048796124243,0.7249329401850829,QUARANTINE,A2,True,0,A2
749.0,benign_ho,0.3089028226077678,0.40434606337655327,HEALTHY,benign,False,0,A2
749.0,benign_sched,0.38198602111600777,0.2454337251105267,HEALTHY,benign,False,0,A2
749.0,benign_kpm,0.4950076466757769,0.34782904513687046,HEALTHY,benign,False,0,A2
749.0,mal_A2,0.7919959728207958,0.7383455467122255,QUARANTINE,A2,True,0,A2
750.0,benign_ho,0.401018729248165,0.4036805965508757,HEALTHY,benign,False,0,A2
750.0,benign_sched,0.3048306034214623,0.2573131007727138,HEALTHY,benign,False,0,A2
750.0,benign_kpm,0.18871062534130206,0.3160053611777568,HEALTHY,benign,False,0,A2
750.0,mal_A2,0.661530587131494,0.7229825547960793,QUARANTINE,A2,True,0,A2
751.0,benign_ho,0.5171512473807108,0.42637472671684273,HEALTHY,benign,False,0,A2
751.0,benign_sched,0.06451094532072248,0.21875266968231555,HEALTHY,benign,False,0,A2
751.0,benign_kpm,0.3681434191514455,0.32643297277249456,HEALTHY,benign,False,0,A2
751.0,mal_A2,0.6738333830911905,0.7131527204551016,QUARANTINE,A2,True,0,A2
752.0,benign_ho,0.43520433805818814,0.42814064898511184,HEALTHY,benign,False,0,A2
752.0,benign_sched,0.1433364667052673,0.2036694290869059,HEALTHY,benign,False,0,A2
752.0,benign_kpm,0.24864642094063988,0.31087566240612363,HEALTHY,benign,False,0,A2
752.0,mal_A2,0.9013985425753643,0.7508018848791542,QUARANTINE,A2,True,0,A2
753.0,benign_ho,0.3112683383705641,0.40476618686220234,HEALTHY,benign,False,0,A2
753.0,benign_sched,0.1693424168920865,0.19680402664794205,HEALTHY,benign,False,0,A2
753.0,benign_kpm,0.378342679633507,0.3243690658516003,HEALTHY,benign,False,0,A2
753.0,mal_A2,0.6036677305495401,0.7213750540132314,QUARANTINE,A2,True,0,A2
754.0,benign_ho,0.3043644470858676,0.3846858389069354,HEALTHY,benign,False,0,A2
754.0,benign_sched,0.21810614641751105,0.20106445060185585,HEALTHY,benign,False,0,A2
754.0,benign_kpm,0.4056620406935666,0.34062766081999357,HEALTHY,benign,False,0,A2
754.0,mal_A2,0.7316052237477696,0.723421087960139,QUARANTINE,A2,True,0,A2
755.0,benign_ho,0.42564341026586183,0.39287735317872075,HEALTHY,benign,False,0,A2
755.0,benign_sched,0.030477387646235123,0.1669470380107317,HEALTHY,benign,False,0,A2
755.0,benign_kpm,0.5527373527725921,0.3830495992105133,HEALTHY,benign,False,0,A2
755.0,mal_A2,0.651541128045701,0.7090450959772515,QUARANTINE,A2,True,0,A2
756.0,benign_ho,0.29298201000834095,0.37289828454464485,HEALTHY,benign,False,0,A2
756.0,benign_sched,0.5356774208563055,0.2406931145798465,HEALTHY,benign,False,0,A2
756.0,benign_kpm,0.12942858572121813,0.3323253965126543,HEALTHY,benign,False,0,A2
756.0,mal_A2,0.6992804138360673,0.7070921595490147,QUARANTINE,A2,True,0,A2
757.0,benign_ho,0.34300932838348797,0.3669204933124135,HEALTHY,benign,False,0,A2
757.0,benign_sched,0.20145609131232023,0.23284570992634124,HEALTHY,benign,False,0,A2
757.0,benign_kpm,0.1768396377338187,0.30122824475688714,HEALTHY,benign,False,0,A2
757.0,mal_A2,0.949956340485843,0.7556649957363804,QUARANTINE,A2,True,0,A2
758.0,benign_ho,0.46653470259087815,0.38684333516810643,HEALTHY,benign,False,0,A2
758.0,benign_sched,0.18260505992501008,0.22279757992607502,HEALTHY,benign,False,0,A2
758.0,benign_kpm,0.13854779456273478,0.2686921547180567,HEALTHY,benign,False,0,A2
758.0,mal_A2,0.6013939373132434,0.724810784051753,QUARANTINE,A2,True,0,A2
759.0,benign_ho,0.3488823606351173,0.37925114026150863,HEALTHY,benign,False,0,A2
759.0,benign_sched,0.3002761980226843,0.2382933035453969,HEALTHY,benign,False,0,A2
759.0,benign_kpm,0.3790794022326259,0.29076960422097053,HEALTHY,benign,False,0,A2
759.0,mal_A2,0.7443249815936455,0.7287136235601315,QUARANTINE,A2,True,0,A2
760.0,benign_ho,0.40640654397635106,0.3846822210044772,HEALTHY,benign,False,0,A2
760.0,benign_sched,0.2537984909552704,0.24139434102737162,HEALTHY,benign,False,0,A2
760.0,benign_kpm,0.11382934697470798,0.25538155277171803,HEALTHY,benign,False,0,A2
760.0,mal_A2,0.6699488822295486,0.7169606752940149,QUARANTINE,A2,True,0,A2
761.0,benign_ho,0.315892432261387,0.3709242632558592,HEALTHY,benign,False,0,A2
761.0,benign_sched,0.2853891382846821,0.2501933004788337,HEALTHY,benign,False,0,A2
761.0,benign_kpm,0.4238082564444417,0.2890668935062628,HEALTHY,benign,False,0,A2
761.0,mal_A2,0.9560752935933101,0.7647835989538739,QUARANTINE,A2,True,0,A2
762.0,benign_ho,0.7733216149139119,0.45140373358746977,HEALTHY,benign,False,0,A2
762.0,benign_sched,0.5260965453507467,0.3053739494532163,HEALTHY,benign,False,0,A2
762.0,benign_kpm,0.22485538791851048,0.27622459238871233,HEALTHY,benign,False,0,A2
762.0,mal_A2,0.7091748981469026,0.7536618587924797,QUARANTINE,A2,True,0,A2
763.0,benign_ho,0.27945383054580986,0.41701375297913784,HEALTHY,benign,False,0,A2
763.0,benign_sched,0.12120153549120379,0.2685394666608138,HEALTHY,benign,False,0,A2
763.0,benign_kpm,0.14324733171017665,0.2496291402530052,HEALTHY,benign,False,0,A2
763.0,mal_A2,0.673163378152264,0.7375621626644366,QUARANTINE,A2,True,0,A2
764.0,benign_ho,0.3738559783796149,0.4083821980592333,HEALTHY,benign,False,0,A2
764.0,benign_sched,0.35493309768501197,0.28581819286565346,HEALTHY,benign,False,0,A2
764.0,benign_kpm,0.16642440057520094,0.23298819231744436,HEALTHY,benign,False,0,A2
764.0,mal_A2,0.6666532358969814,0.7233803773109457,QUARANTINE,A2,True,0,A2
765.0,benign_ho,0.5074845819181609,0.42820267483101887,HEALTHY,benign,False,0,A2
765.0,benign_sched,0.02299008494741457,0.23325257128200572,HEALTHY,benign,False,0,A2
765.0,benign_kpm,0.39328603213182683,0.26504776028032084,HEALTHY,benign,False,0,A2
765.0,mal_A2,0.7107693004885011,0.7208581619464569,QUARANTINE,A2,True,0,A2
766.0,benign_ho,0.33927302938533027,0.41041674574188114,HEALTHY,benign,False,0,A2
766.0,benign_sched,0.2650438978955396,0.23961083660471252,HEALTHY,benign,False,0,A2
766.0,benign_kpm,0.7158694542061774,0.35521209906549217,HEALTHY,benign,False,0,A2
766.0,mal_A2,0.5117599378302905,0.6790385171232237,THROTTLE,A2,True,0,A2
767.0,benign_ho,0.5605023093523597,0.44043385846397687,HEALTHY,benign,False,0,A2
767.0,benign_sched,0.08774060052034276,0.2092367893878386,HEALTHY,benign,False,0,A2
767.0,benign_kpm,0.15299648737481622,0.314768976727357,HEALTHY,benign,False,0,A2
767.0,mal_A2,0.7511905052414055,0.69346891474686,QUARANTINE,A2,True,0,A2
768.0,benign_ho,0.45132327616176515,0.4426117420035346,HEALTHY,benign,False,0,A2
768.0,benign_sched,0.17744222994621306,0.2028778774995135,HEALTHY,benign,False,0,A2
768.0,benign_kpm,0.276888823755981,0.3071929461330818,HEALTHY,benign,False,0,A2
768.0,mal_A2,0.6539617918518165,0.6855674901678513,THROTTLE,A2,True,0,A2
769.0,benign_ho,0.7719792486947817,0.5084852433417841,WATCH,benign,False,0,A2
769.0,benign_sched,0.22680651433298152,0.20766360486620714,HEALTHY,benign,False,0,A2
769.0,benign_kpm,0.6009578438617814,0.3659459256788217,HEALTHY,benign,False,0,A2
769.0,mal_A2,0.7016338075684886,0.6887807536479789,QUARANTINE,A2,True,0,A2
770.0,benign_ho,0.32082252433206393,0.4709526995398401,HEALTHY,benign,False,0,A2
770.0,benign_sched,0.4001306425581342,0.24615701240459253,HEALTHY,benign,False,0,A2
770.0,benign_kpm,0.21543422612295474,0.33584358576764833,HEALTHY,benign,False,0,A2
770.0,mal_A2,0.6412055102556379,0.6792657049695107,THROTTLE,A2,True,0,A2
771.0,benign_ho,0.22303395233901446,0.421368950099675,HEALTHY,benign,False,0,A2
771.0,benign_sched,0.2618656502484436,0.24929873997336274,HEALTHY,benign,False,0,A2
771.0,benign_kpm,0.5694773184707512,0.3825703323082689,HEALTHY,benign,False,0,A2
771.0,mal_A2,0.6377106563200314,0.6709546952396148,THROTTLE,A2,True,0,A2
772.0,benign_ho,0.32798183069084225,0.4026915262179085,HEALTHY,benign,False,0,A2
772.0,benign_sched,0.11923980283493897,0.22328695254567799,HEALTHY,benign,False,0,A2
772.0,benign_kpm,0.17787750768714414,0.341631767384044,HEALTHY,benign,False,0,A2
772.0,mal_A2,0.6040992455103801,0.6575836052937679,THROTTLE,A2,True,0,A2
773.0,benign_ho,0.31514114034877455,0.3851814490440817,HEALTHY,benign,False,0,A2
773.0,benign_sched,0.3095159181635497,0.24053274566925234,HEALTHY,benign,False,0,A2
773.0,benign_kpm,0.4425838330807395,0.3618221805233831,HEALTHY,benign,False,0,A2
773.0,mal_A2,0.7439553456504582,0.674857953365106,THROTTLE,A2,True,0,A2
774.0,benign_ho,0.4291612191135519,0.39397740305797574,HEALTHY,benign,False,0,A2
774.0,benign_sched,0.08257883932182641,0.20894196439976717,HEALTHY,benign,False,0,A2
774.0,benign_kpm,0.40299585948205346,0.37005691631511717,HEALTHY,benign,False,0,A2
774.0,mal_A2,0.6542587159744451,0.6707381058869738,THROTTLE,A2,True,0,A2
775.0,benign_ho,0.6088614836115596,0.43695421916869254,HEALTHY,benign,False,0,A2
775.0,benign_sched,0.1365434215060272,0.1944622558210192,HEALTHY,benign,False,0,A2
775.0,benign_kpm,0.22042318514944803,0.3401301700819834,HEALTHY,benign,False,0,A2
775.0,mal_A2,0.6151172038498542,0.6596139254795499,THROTTLE,A2,True,0,A2
776.0,benign_ho,0.5561691178906626,0.46079719891308657,HEALTHY,benign,False,0,A2
776.0,benign_sched,0.17496884346427666,0.1905635733496707,HEALTHY,benign,False,0,A2
776.0,benign_kpm,0.3721931502920173,0.34654276612399015,HEALTHY,benign,False,0,A2
776.0,mal_A2,0.7084918889852876,0.6693895181806975,THROTTLE,A2,True,0,A2
777.0,benign_ho,0.5280668264255826,0.47425112441558576,HEALTHY,benign,False,0,A2
777.0,benign_sched,0.09878594726092889,0.17220804813192234,HEALTHY,benign,False,0,A2
777.0,benign_kpm,0.5044875005173537,0.3781317130026629,HEALTHY,benign,False,0,A2
777.0,mal_A2,0.6555402619128073,0.6666196669271195,THROTTLE,A2,True,0,A2
778.0,benign_ho,0.4348699869670319,0.466374896925875,HEALTHY,benign,False,0,A2
778.0,benign_sched,0.2263247372274025,0.1830313859510184,HEALTHY,benign,False,0,A2
778.0,benign_kpm,0.09790177430371229,0.32208572526287277,HEALTHY,benign,False,0,A2
778.0,mal_A2,0.665706869225522,0.6664371073868,THROTTLE,A2,True,0,A2
779.0,benign_ho,0.6261644702299661,0.4983328115866933,WATCH,benign,False,0,A2
779.0,benign_sched,0.15972923291191146,0.17837095534319702,HEALTHY,benign,False,0,A2
779.0,benign_kpm,0.31690449451411334,0.3210494791131209,HEALTHY,benign,False,0,A2
779.0,mal_A2,0.8254596171618895,0.6982416093418179,QUARANTINE,A2,True,0,A2
780.0,benign_ho,0.5605722830432847,0.5107807058780116,WATCH,benign,False,0,A2
780.0,benign_sched,0.15063737231893642,0.1728242387383449,HEALTHY,benign,False,0,A2
780.0,benign_kpm,0.29538036137147394,0.3159156555647915,HEALTHY,benign,False,0,A2
780.0,mal_A2,0.7376549273738141,0.7061242729482172,QUARANTINE,A2,True,0,A2
781.0,benign_ho,0.32574864097589346,0.473774292897588,HEALTHY,benign,False,0,A2
781.0,benign_sched,0.21701717369670617,0.18166282573001719,HEALTHY,benign,False,0,A2
781.0,benign_kpm,0.16286018726575324,0.2853045619049838,HEALTHY,benign,False,0,A2
781.0,mal_A2,0.7356447255115334,0.7120283634608805,QUARANTINE,A2,True,0,A2
782.0,benign_ho,0.21426600393057624,0.42187263510418566,HEALTHY,benign,False,0,A2
782.0,benign_sched,0.3263296186519731,0.21059618431440835,HEALTHY,benign,False,0,A2
782.0,benign_kpm,0.5758375302404015,0.34341115557206736,HEALTHY,benign,False,0,A2
782.0,mal_A2,0.8210959327517445,0.7338418773190534,QUARANTINE,A2,True,0,A2
783.0,benign_ho,0.6795040435082053,0.47339891678498963,HEALTHY,benign,False,0,A2
783.0,benign_sched,0.2434998284578408,0.21717691314309484,HEALTHY,benign,False,0,A2
783.0,benign_kpm,0.20311036130524338,0.3153509967187026,HEALTHY,benign,False,0,A2
783.0,mal_A2,0.7451160040383047,0.7360967026629037,QUARANTINE,A2,True,0,A2
784.0,benign_ho,0.2887185373669871,0.43646284090138915,HEALTHY,benign,False,0,A2
784.0,benign_sched,0.191840616407814,0.2121096537960387,HEALTHY,benign,False,0,A2
784.0,benign_kpm,0.4957857510184249,0.35143794757864705,HEALTHY,benign,False,0,A2
784.0,mal_A2,0.68327173669448,0.7255317094692191,QUARANTINE,A2,True,0,A2
785.0,benign_ho,0.2594117347642819,0.4010526196739677,HEALTHY,benign,False,0,A2
785.0,benign_sched,0.7758596921153831,0.32485966145990763,HEALTHY,benign,False,0,A2
785.0,benign_kpm,0.3151931935029469,0.34418899676350706,HEALTHY,benign,False,0,A2
785.0,mal_A2,0.7283163077127605,0.7260886291179274,QUARANTINE,A2,True,0,A2
786.0,benign_ho,0.21883967613373986,0.3646100309659222,HEALTHY,benign,False,0,A2
786.0,benign_sched,0.22552837014826788,0.3049934031975797,HEALTHY,benign,False,0,A2
786.0,benign_kpm,0.2972249043834712,0.3347961782874999,HEALTHY,benign,False,0,A2
786.0,mal_A2,0.7822556196097995,0.7373220272163018,QUARANTINE,A2,True,0,A2
787.0,benign_ho,0.20420804528239592,0.33252963382921696,HEALTHY,benign,False,0,A2
787.0,benign_sched,0.16053506954627855,0.2761017364673195,HEALTHY,benign,False,0,A2
787.0,benign_kpm,0.2797627472227846,0.3237894920745569,HEALTHY,benign,False,0,A2
787.0,mal_A2,0.7154688539246215,0.7329513925579658,QUARANTINE,A2,True,0,A2
788.0,benign_ho,0.3655262180078013,0.33912895066493387,HEALTHY,benign,False,0,A2
788.0,benign_sched,0.09762088689281052,0.2404055665524177,HEALTHY,benign,False,0,A2
788.0,benign_kpm,0.11766916931776232,0.28256542752319797,HEALTHY,benign,False,0,A2
788.0,mal_A2,0.6995346581022339,0.7262680456668195,QUARANTINE,A2,True,0,A2
789.0,benign_ho,0.4040560950261968,0.35211437953718644,HEALTHY,benign,False,0,A2
789.0,benign_sched,0.16628486331486458,0.2255814259049071,HEALTHY,benign,False,0,A2
789.0,benign_kpm,0.3123222144709419,0.2885167849127468,HEALTHY,benign,False,0,A2
789.0,mal_A2,0.7810801832353506,0.7372304731805257,QUARANTINE,A2,True,0,A2
790.0,benign_ho,0.6597923268111588,0.4136499689919809,HEALTHY,benign,False,0,A2
790.0,benign_sched,0.475586439862348,0.27558242869639527,HEALTHY,benign,False,0,A2
790.0,benign_kpm,0.5185319654577868,0.3345198210217548,HEALTHY,benign,False,0,A2
790.0,mal_A2,0.7953561471464743,0.7488556079737154,QUARANTINE,A2,True,0,A2
791.0,benign_ho,0.5986044516508057,0.4506408655237459,HEALTHY,benign,False,0,A2
791.0,benign_sched,0.4126385976796872,0.30299366249305365,HEALTHY,benign,False,0,A2
791.0,benign_kpm,0.2944236338584121,0.3265005835890863,HEALTHY,benign,False,0,A2
791.0,mal_A2,0.6138706831074681,0.721858623000466,QUARANTINE,A2,True,0,A2
792.0,benign_ho,0.21195325506857035,0.40290334343271084,HEALTHY,benign,False,0,A2
792.0,benign_sched,0.1990562749437217,0.2822061849831873,HEALTHY,benign,False,0,A2
792.0,benign_kpm,0.37726344105522747,0.3366531550823145,HEALTHY,benign,False,0,A2
792.0,mal_A2,0.6037515971748639,0.6982372178353456,QUARANTINE,A2,True,0,A2
793.0,benign_ho,0.2977206649923242,0.38186680774463355,HEALTHY,benign,False,0,A2
793.0,benign_sched,0.32835330799950074,0.29143560958645,HEALTHY,benign,False,0,A2
793.0,benign_kpm,0.3410916326661799,0.3375408505990876,HEALTHY,benign,False,0,A2
793.0,mal_A2,0.6902981115371019,0.6966493965756969,QUARANTINE,A2,True,0,A2
794.0,benign_ho,0.61172455834317,0.4278383578643408,HEALTHY,benign,False,0,A2
794.0,benign_sched,0.22584652745285855,0.2783177931597317,HEALTHY,benign,False,0,A2
794.0,benign_kpm,0.289049854203749,0.3278426513200199,HEALTHY,benign,False,0,A2
794.0,mal_A2,0.711389055227867,0.699597328306131,QUARANTINE,A2,True,0,A2
795.0,benign_ho,0.4851307183365757,0.4392968299587878,HEALTHY,benign,False,0,A2
795.0,benign_sched,0.2417315123081393,0.27100053698941323,HEALTHY,benign,False,0,A2
795.0,benign_kpm,0.2522376350829207,0.31272164807260006,HEALTHY,benign,False,0,A2
795.0,mal_A2,0.655785229309675,0.6908349085068398,QUARANTINE,A2,True,0,A2
796.0,benign_ho,0.901942720351107,0.5318260080372517,WATCH,benign,False,0,A2
796.0,benign_sched,0.36099569824752603,0.2889995692410358,HEALTHY,benign,False,0,A2
796.0,benign_kpm,0.3804951037643976,0.32627633921095955,HEALTHY,benign,False,0,A2
796.0,mal_A2,0.6013753271836264,0.6729429922421971,THROTTLE,A2,True,0,A2
797.0,benign_ho,0.32322480629629946,0.4901057676890612,WATCH,benign,False,0,A2
797.0,benign_sched,0.3721065810561257,0.3056209716040538,HEALTHY,benign,False,0,A2
797.0,benign_kpm,0.25482665787250824,0.31198640294326935,HEALTHY,benign,False,0,A2
797.0,mal_A2,0.670615033737815,0.6724774005413208,THROTTLE,A2,True,0,A2
798.0,benign_ho,0.4123987869293329,0.4745643715371156,HEALTHY,benign,False,0,A2
798.0,benign_sched,0.07593493241390396,0.25968376376602387,HEALTHY,benign,False,0,A2
798.0,benign_kpm,0.1713164826401114,0.2838524188826378,HEALTHY,benign,False,0,A2
798.0,mal_A2,0.7367162532023319,0.685325171073523,THROTTLE,A2,True,0,A2
799.0,benign_ho,0.2913844810187811,0.4379283934334487,HEALTHY,benign,False,0,A2
799.0,benign_sched,0.09517196898706422,0.22678140481023196,HEALTHY,benign,False,0,A2
799.0,benign_kpm,0.41116208669662685,0.3093143524454356,HEALTHY,benign,False,0,A2
799.0,mal_A2,1.0,0.7482601368588184,QUARANTINE,A2,True,0,A2
800.0,benign_ho,0.4895020148709875,0.4482431177209565,HEALTHY,benign,False,0,A2
800.0,benign_sched,0.24338169819181382,0.23010146348654834,HEALTHY,benign,False,0,A2
800.0,benign_kpm,0.5071890136712804,0.34888928469060454,HEALTHY,benign,False,0,A2
800.0,mal_A2,0.5898275918985866,0.7165736278667721,QUARANTINE,A2,True,0,A2
801.0,benign_ho,0.5030847468172007,0.4592114435402054,HEALTHY,benign,False,0,A2
801.0,benign_sched,0.21648297920671272,0.22737776663058124,HEALTHY,benign,False,0,A2
801.0,benign_kpm,0.306683879517649,0.34044820365601347,HEALTHY,benign,False,0,A2
801.0,mal_A2,0.6227348782405421,0.6978058779415262,QUARANTINE,A2,True,0,A2
802.0,benign_ho,0.3668265821392658,0.44073447126001747,HEALTHY,benign,False,0,A2
802.0,benign_sched,0.18095966596588423,0.21809414649764183,HEALTHY,benign,False,0,A2
802.0,benign_kpm,0.2931218990811847,0.3309829427410478,HEALTHY,benign,False,0,A2
802.0,mal_A2,0.6745338548589257,0.6931514733250062,QUARANTINE,A2,True,0,A2
803.0,benign_ho,0.2103406171203825,0.39465570043209053,HEALTHY,benign,False,0,A2
803.0,benign_sched,0.12459738915816862,0.19939479502974722,HEALTHY,benign,False,0,A2
803.0,benign_kpm,0.45581039531273737,0.3559484332553857,HEALTHY,benign,False,0,A2
803.0,mal_A2,0.775614704864978,0.7096441196330006,QUARANTINE,A2,True,0,A2
804.0,benign_ho,0.46422261867471776,0.408569084080616,HEALTHY,benign,False,0,A2
804.0,benign_sched,0.2792300144466514,0.21536183891312807,HEALTHY,benign,False,0,A2
804.0,benign_kpm,0.299413076264352,0.34464136185717903,HEALTHY,benign,False,0,A2
804.0,mal_A2,0.8428464811408306,0.7362845919345666,QUARANTINE,A2,True,0,A2
805.0,benign_ho,0.729418374814471,0.472738942227387,HEALTHY,benign,False,0,A2
805.0,benign_sched,0.1598324666882508,0.20425596446815264,HEALTHY,benign,False,0,A2
805.0,benign_kpm,0.2624673797400777,0.3282065654337588,HEALTHY,benign,False,0,A2
805.0,mal_A2,0.7351606203943871,0.7360597976265307,QUARANTINE,A2,True,0,A2
806.0,benign_ho,0.41359961276243684,0.460911076334397,HEALTHY,benign,False,0,A2
806.0,benign_sched,0.26308332678112667,0.21602143693074746,HEALTHY,benign,False,0,A2
806.0,benign_kpm,0.3589776452183932,0.3343607813906857,HEALTHY,benign,False,0,A2
806.0,mal_A2,0.7185375327505859,0.7325553446513419,QUARANTINE,A2,True,0,A2
807.0,benign_ho,0.39759839931405616,0.44824854093032884,HEALTHY,benign,False,0,A2
807.0,benign_sched,0.21708414474359425,0.21623397849331683,HEALTHY,benign,False,0,A2
807.0,benign_kpm,0.1930988433398562,0.3061083937805198,HEALTHY,benign,False,0,A2
807.0,mal_A2,0.7196110306886567,0.7299664818588049,QUARANTINE,A2,True,0,A2
808.0,benign_ho,0.3512740669241027,0.4288536461290836,HEALTHY,benign,False,0,A2
808.0,benign_sched,0.04474654972087508,0.18193649273882848,HEALTHY,benign,False,0,A2
808.0,benign_kpm,0.2691971836200197,0.29872615174841977,HEALTHY,benign,False,0,A2
808.0,mal_A2,0.7739345493839513,0.7387600953638342,QUARANTINE,A2,True,0,A2
809.0,benign_ho,0.35754203608128554,0.41459132411952404,HEALTHY,benign,False,0,A2
809.0,benign_sched,0.056716605674120096,0.15689251532588683,HEALTHY,benign,False,0,A2
809.0,benign_kpm,0.2762577248073197,0.2942324663601998,HEALTHY,benign,False,0,A2
809.0,mal_A2,0.5387087988171311,0.6987498360544937,QUARANTINE,A2,True,0,A2
810.0,benign_ho,0.48796032534726236,0.4292651243650717,HEALTHY,benign,False,0,A2
810.0,benign_sched,0.4185446716110631,0.2092229465829221,HEALTHY,benign,False,0,A2
810.0,benign_kpm,0.41933418128981975,0.31925280934612377,HEALTHY,benign,False,0,A2
810.0,mal_A2,0.6536394465685111,0.6897277581572973,QUARANTINE,A2,True,0,A2
811.0,benign_ho,0.5130229046986462,0.4460166804317866,HEALTHY,benign,False,0,A2
811.0,benign_sched,0.17421786339663775,0.20222192994566524,HEALTHY,benign,False,0,A2
811.0,benign_kpm,0.13276555639973625,0.2819553587568463,HEALTHY,benign,False,0,A2
811.0,mal_A2,0.7000179881307905,0.691785804151996,QUARANTINE,A2,True,0,A2
812.0,benign_ho,0.6401052030446988,0.4848343849543691,WATCH,benign,False,0,A2
812.0,benign_sched,0.39028968305309947,0.2398354805671521,HEALTHY,benign,False,0,A2
812.0,benign_kpm,0.2502316833264935,0.2756106236707757,HEALTHY,benign,False,0,A2
812.0,mal_A2,0.6225859377411687,0.6779458308698305,THROTTLE,A2,True,0,A2
813.0,benign_ho,0.5735702296780588,0.5025815538991071,WATCH,benign,False,0,A2
813.0,benign_sched,0.32032614041456514,0.2559336125366347,HEALTHY,benign,False,0,A2
813.0,benign_kpm,0.34722943582959886,0.28993438610254035,HEALTHY,benign,False,0,A2
813.0,mal_A2,0.8597769718905464,0.7143120590739737,QUARANTINE,A2,True,0,A2
814.0,benign_ho,0.44644929622074797,0.4913551023634353,WATCH,benign,False,0,A2
814.0,benign_sched,0.041424404889327845,0.21303177100717335,HEALTHY,benign,False,0,A2
814.0,benign_kpm,0.20206422877737207,0.27236035463750674,HEALTHY,benign,False,0,A2
814.0,mal_A2,0.6701025707085583,0.7054701614008906,QUARANTINE,A2,True,0,A2
815.0,benign_ho,0.3614611785591741,0.46537631760258313,HEALTHY,benign,False,0,A2
815.0,benign_sched,0.2337211788085221,0.2171696525674431,HEALTHY,benign,False,0,A2
815.0,benign_kpm,0.31103832050299984,0.2800959478106054,HEALTHY,benign,False,0,A2
815.0,mal_A2,0.6739858325403619,0.6991732956287848,QUARANTINE,A2,True,0,A2
816.0,benign_ho,0.5518673611145529,0.48267452630497715,WATCH,benign,False,0,A2
816.0,benign_sched,0.1439139788088639,0.20251851781572727,HEALTHY,benign,False,0,A2
816.0,benign_kpm,0.1651999558162551,0.25711674941173535,HEALTHY,benign,False,0,A2
816.0,mal_A2,0.6663178856009097,0.6926022136232097,QUARANTINE,A2,True,0,A2
817.0,benign_ho,0.8166053173315996,0.5494606845103016,THROTTLE,benign,False,0,A2
817.0,benign_sched,0.15865109040325343,0.1937450323332325,HEALTHY,benign,False,0,A2
817.0,benign_kpm,0.19895443255806694,0.24548428604100167,HEALTHY,benign,False,0,A2
817.0,mal_A2,0.720061803333376,0.698094131565243,QUARANTINE,A2,True,0,A2
818.0,benign_ho,0.29254833167703814,0.49807821394364893,WATCH,benign,False,0,A2
818.0,benign_sched,0.1857239803672051,0.19214082194002702,HEALTHY,benign,False,0,A2
818.0,benign_kpm,0.30898612937320663,0.2581846547074427,HEALTHY,benign,False,0,A2
818.0,mal_A2,0.8543266450631015,0.7293406342648148,QUARANTINE,A2,True,0,A2
819.0,benign_ho,0.3855096784557976,0.4755645068460787,HEALTHY,benign,False,0,A2
819.0,benign_sched,0.15193298540933672,0.184099254633889,HEALTHY,benign,False,0,A2
819.0,benign_kpm,0.3814740638319663,0.2828425365323474,HEALTHY,benign,False,0,A2
819.0,mal_A2,0.7732643154754771,0.7381253705069473,QUARANTINE,A2,True,0,A2
820.0,benign_ho,0.3577203120123146,0.4519956678793259,HEALTHY,benign,False,0,A2
820.0,benign_sched,0.21397004641263068,0.19007341298963734,HEALTHY,benign,False,0,A2
820.0,benign_kpm,0.22593174544770128,0.2714603783154182,HEALTHY,benign,False,0,A2
820.0,mal_A2,0.7013810116664418,0.7307764987388462,QUARANTINE,A2,True,0,A2
821.0,benign_ho,0.3731235394118097,0.4362212421858227,HEALTHY,benign,False,0,A2
821.0,benign_sched,0.3151530163596682,0.21508933366364352,HEALTHY,benign,False,0,A2
821.0,benign_kpm,0.3416662580167355,0.2855015542556817,HEALTHY,benign,False,0,A2
821.0,mal_A2,0.7000908269437167,0.7246393643798203,QUARANTINE,A2,True,0,A2
822.0,benign_ho,0.2091167129441609,0.3908003363374904,HEALTHY,benign,False,0,A2
822.0,benign_sched,0.3128815865848139,0.2346477842478776,HEALTHY,benign,False,0,A2
822.0,benign_kpm,0.27062876588785645,0.28252699658211666,HEALTHY,benign,False,0,A2
822.0,mal_A2,0.7884893555605083,0.7374093626159579,QUARANTINE,A2,True,0,A2
823.0,benign_ho,0.609074820374232,0.4344552331448387,HEALTHY,benign,False,0,A2
823.0,benign_sched,0.09905193565687995,0.20752861452967808,HEALTHY,benign,False,0,A2
823.0,benign_kpm,0.626120918248554,0.35124578091540415,HEALTHY,benign,False,0,A2
823.0,mal_A2,0.705959434781731,0.7311193770491126,QUARANTINE,A2,True,0,A2
824.0,benign_ho,0.24517785242754084,0.3965997570013791,HEALTHY,benign,False,0,A2
824.0,benign_sched,0.30546353715174,0.22711559905409048,HEALTHY,benign,False,0,A2
824.0,benign_kpm,0.20024002756753792,0.3210446302458309,HEALTHY,benign,False,0,A2
824.0,mal_A2,0.6779016177995972,0.7204758251992095,QUARANTINE,A2,True,0,A2
825.0,benign_ho,0.4468276868363232,0.40664534296836796,HEALTHY,benign,False,0,A2
825.0,benign_sched,0.26892183287460597,0.2354768458181936,HEALTHY,benign,False,0,A2
825.0,benign_kpm,0.12605926740684031,0.2820475576780328,HEALTHY,benign,False,0,A2
825.0,mal_A2,0.6057133265129844,0.6975233254619645,QUARANTINE,A2,True,0,A2
826.0,benign_ho,0.3575439857632282,0.39682507152734003,HEALTHY,benign,False,0,A2
826.0,benign_sched,0.10442091857294296,0.20926566036914346,HEALTHY,benign,False,0,A2
826.0,benign_kpm,0.3108328802844061,0.28780462219930747,HEALTHY,benign,False,0,A2
826.0,mal_A2,0.7180632887129829,0.7016313181121682,QUARANTINE,A2,True,0,A2
827.0,benign_ho,0.28763660657488377,0.3749873785368488,HEALTHY,benign,False,0,A2
827.0,benign_sched,0.2570717563775088,0.21882687957081653,HEALTHY,benign,False,0,A2
827.0,benign_kpm,0.24053499727884978,0.27835069721521594,HEALTHY,benign,False,0,A2
827.0,mal_A2,0.6492700162158127,0.6911590577328971,QUARANTINE,A2,True,0,A2
828.0,benign_ho,0.3836137947709534,0.37671266178366974,HEALTHY,benign,False,0,A2
828.0,benign_sched,0.30851804942019156,0.23676511354069155,HEALTHY,benign,False,0,A2
828.0,benign_kpm,0.6793689081719028,0.35855433940655335,HEALTHY,benign,False,0,A2
828.0,mal_A2,0.7160040461653541,0.6961280554193885,QUARANTINE,A2,True,0,A2
829.0,benign_ho,0.2990751823225014,0.3611851658914361,HEALTHY,benign,False,0,A2
829.0,benign_sched,0.33306327836153893,0.25602474650486107,HEALTHY,benign,False,0,A2
829.0,benign_kpm,0.2317538068182945,0.3331942328889016,HEALTHY,benign,False,0,A2
829.0,mal_A2,1.0,0.7569024443355108,QUARANTINE,A2,True,0,A2
830.0,benign_ho,0.4387008724273248,0.37668830719861385,HEALTHY,benign,False,0,A2
830.0,benign_sched,0.1328117931688867,0.23138215583766622,HEALTHY,benign,False,0,A2
830.0,benign_kpm,0.29226379227515636,0.3250081447661526,HEALTHY,benign,False,0,A2
830.0,mal_A2,0.7778679311925414,0.761095541706917,QUARANTINE,A2,True,0,A2
831.0,benign_ho,0.25325938176994434,0.35200252211287997,HEALTHY,benign,False,0,A2
831.0,benign_sched,0.20928591342917297,0.22696290735596758,HEALTHY,benign,False,0,A2
831.0,benign_kpm,0.5167661728008193,0.36335975037308593,HEALTHY,benign,False,0,A2
831.0,mal_A2,0.5949789032483968,0.727872214015213,QUARANTINE,A2,True,0,A2
832.0,benign_ho,0.4507163760572066,0.3717452929017453,HEALTHY,benign,False,0,A2
832.0,benign_sched,0.17889819430870826,0.21734996474651572,HEALTHY,benign,False,0,A2
832.0,benign_kpm,0.21939782765522822,0.3345673658295144,HEALTHY,benign,False,0,A2
832.0,mal_A2,0.5725418552894799,0.6968061422700664,QUARANTINE,A2,True,0,A2
833.0,benign_ho,0.35016859787583715,0.36742995389656363,HEALTHY,benign,False,0,A2
833.0,benign_sched,0.25671855427802537,0.22522368265281767,HEALTHY,benign,False,0,A2
833.0,benign_kpm,0.25856299916072545,0.31936649249575666,HEALTHY,benign,False,0,A2
833.0,mal_A2,0.6701519151082925,0.6914752968377117,QUARANTINE,A2,True,0,A2
834.0,benign_ho,0.420851149233801,0.3781141929640111,HEALTHY,benign,False,0,A2
834.0,benign_sched,0.13345803324473685,0.20687055277120153,HEALTHY,benign,False,0,A2
834.0,benign_kpm,0.45468064348757664,0.3464293226941207,HEALTHY,benign,False,0,A2
834.0,mal_A2,0.6474900728542864,0.6826782520410267,THROTTLE,A2,True,0,A2
835.0,benign_ho,0.42855513691975106,0.3882023817551591,HEALTHY,benign,False,0,A2
835.0,benign_sched,0.14758663302635694,0.19501376882223265,HEALTHY,benign,False,0,A2
835.0,benign_kpm,0.18120764183189841,0.31338498652167623,HEALTHY,benign,False,0,A2
835.0,mal_A2,0.720599119737962,0.6902624255804137,QUARANTINE,A2,True,0,A2
836.0,benign_ho,0.32123605934538935,0.3748091172732052,HEALTHY,benign,False,0,A2
836.0,benign_sched,0.334265679176665,0.22286415089311915,HEALTHY,benign,False,0,A2
836.0,benign_kpm,0.23798353835762767,0.2983046968888665,HEALTHY,benign,False,0,A2
836.0,mal_A2,0.7407146687413411,0.7003528742125993,QUARANTINE,A2,True,0,A2
837.0,benign_ho,0.4712928710490808,0.3941058680283803,HEALTHY,benign,False,0,A2
837.0,benign_sched,0.24614817752275958,0.22752095621904725,HEALTHY,benign,False,0,A2
837.0,benign_kpm,0.31686456279339614,0.30201667006977245,HEALTHY,benign,False,0,A2
837.0,mal_A2,0.9223908435071689,0.7447604680715132,QUARANTINE,A2,True,0,A2
838.0,benign_ho,0.28733169944464665,0.37275103431163364,HEALTHY,benign,False,0,A2
838.0,benign_sched,0.156115617931993,0.2132398885616364,HEALTHY,benign,False,0,A2
838.0,benign_kpm,0.5975554317677667,0.3611244224093713,HEALTHY,benign,False,0,A2
838.0,mal_A2,1.0,0.7958083744572106,QUARANTINE,A2,True,0,A2
839.0,benign_ho,0.2738912740308574,0.3529790822554784,HEALTHY,benign,False,0,A2
839.0,benign_sched,0.21193419087964158,0.21297874902523745,HEALTHY,benign,False,0,A2
839.0,benign_kpm,0.18587258135009982,0.326074054197517,HEALTHY,benign,False,0,A2
839.0,mal_A2,0.8569903657945857,0.8080447727246858,QUARANTINE,A2,True,0,A2
840.0,benign_ho,0.37469043769510596,0.3573213533434039,HEALTHY,benign,False,0,A2
840.0,benign_sched,0.2837938537151423,0.22714176996321842,HEALTHY,benign,False,0,A2
840.0,benign_kpm,0.15397284998872307,0.29165381335575824,HEALTHY,benign,False,0,A2
840.0,mal_A2,0.7766836220828305,0.8017725425963148,QUARANTINE,A2,True,0,A2
841.0,benign_ho,0.3914055036599993,0.364138183406723,HEALTHY,benign,False,0,A2
841.0,benign_sched,0.3637144003437655,0.25445629603932785,HEALTHY,benign,False,0,A2
841.0,benign_kpm,0.3290794352115051,0.29913893772690764,HEALTHY,benign,False,0,A2
841.0,mal_A2,0.7872716066732833,0.7988723554117085,QUARANTINE,A2,True,0,A2
842.0,benign_ho,0.5294919446872757,0.39720893566283355,HEALTHY,benign,False,0,A2
842.0,benign_sched,0.12368075711065667,0.22830118825359363,HEALTHY,benign,False,0,A2
842.0,benign_kpm,0.5794276431459878,0.3551966788107237,HEALTHY,benign,False,0,A2
842.0,mal_A2,0.8317097788038065,0.8054398400901281,QUARANTINE,A2,True,0,A2
843.0,benign_ho,0.16867762941033193,0.3515026744123333,HEALTHY,benign,False,0,A2
843.0,benign_sched,0.5298595359581569,0.2886128577945063,HEALTHY,benign,False,0,A2
843.0,benign_kpm,0.2977736137339753,0.34371206579537406,HEALTHY,benign,False,0,A2
843.0,mal_A2,0.7292070461988758,0.7901932813118777,QUARANTINE,A2,True,0,A2
844.0,benign_ho,0.33787276642393377,0.3487766928146534,HEALTHY,benign,False,0,A2
844.0,benign_sched,0.20785296642548876,0.2724608795207028,HEALTHY,benign,False,0,A2
844.0,benign_kpm,0.28243720578515635,0.33145709379333055,HEALTHY,benign,False,0,A2
844.0,mal_A2,0.6499554571051402,0.7621457164705303,QUARANTINE,A2,True,0,A2
845.0,benign_ho,0.31251134206010095,0.3415236226637429,HEALTHY,benign,False,0,A2
845.0,benign_sched,0.33118088843118154,0.2842048813027986,HEALTHY,benign,False,0,A2
845.0,benign_kpm,0.4154262732955032,0.3482509296937651,HEALTHY,benign,False,0,A2
845.0,mal_A2,0.7913279326861724,0.7679821597136587,QUARANTINE,A2,True,0,A2
846.0,benign_ho,0.3958326603023697,0.3523854301914683,HEALTHY,benign,False,0,A2
846.0,benign_sched,0.20935686143083718,0.26923527732840635,HEALTHY,benign,False,0,A2
846.0,benign_kpm,0.3505565444447663,0.3487120526439654,HEALTHY,benign,False,0,A2
846.0,mal_A2,0.6976214659417529,0.7539100209592776,QUARANTINE,A2,True,0,A2
847.0,benign_ho,0.48681216318735615,0.37927077679064586,HEALTHY,benign,False,0,A2
847.0,benign_sched,0.31101057515972474,0.27759033689467005,HEALTHY,benign,False,0,A2
847.0,benign_kpm,0.4687462574259705,0.3727188936003664,HEALTHY,benign,False,0,A2
847.0,mal_A2,0.7875835486849712,0.7606447265044164,QUARANTINE,A2,True,0,A2
848.0,benign_ho,0.4640037103795025,0.3962173635084172,HEALTHY,benign,False,0,A2
848.0,benign_sched,0.21894123733562854,0.2658605169828618,HEALTHY,benign,False,0,A2
848.0,benign_kpm,0.14007793050702516,0.32619070098169817,HEALTHY,benign,False,0,A2
848.0,mal_A2,0.8447493201806683,0.7774656452396668,QUARANTINE,A2,True,0,A2
849.0,benign_ho,0.46819431247214766,0.4106127533011633,HEALTHY,benign,False,0,A2
849.0,benign_sched,0.12156344492560757,0.23700110257141094,HEALTHY,benign,False,0,A2
849.0,benign_kpm,0.16513079615817824,0.2939787200169942,HEALTHY,benign,False,0,A2
849.0,mal_A2,0.7720226263579169,0.7763770414633169,QUARANTINE,A2,True,0,A2
850.0,benign_ho,0.3035802431417936,0.38920625126928937,HEALTHY,benign,False,0,A2
850.0,benign_sched,0.6349952673241165,0.3165999355219521,HEALTHY,benign,False,0,A2
850.0,benign_kpm,0.09463645652244651,0.25411026731808467,HEALTHY,benign,False,0,A2
850.0,mal_A2,0.69448077367342,0.7599977879053376,QUARANTINE,A2,True,0,A2
851.0,benign_ho,0.40502882941218554,0.39237076689786865,HEALTHY,benign,False,0,A2
851.0,benign_sched,0.1369523455434153,0.2806704175262447,HEALTHY,benign,False,0,A2
851.0,benign_kpm,0.3791346147900855,0.27911513681248484,HEALTHY,benign,False,0,A2
851.0,mal_A2,0.7165280072159583,0.7513038317674618,QUARANTINE,A2,True,0,A2
852.0,benign_ho,0.27225909467455567,0.3683484324532061,HEALTHY,benign,False,0,A2
852.0,benign_sched,0.17965822928579855,0.2604679798781555,HEALTHY,benign,False,0,A2
852.0,benign_kpm,0.09372912849807541,0.24203793514960298,HEALTHY,benign,False,0,A2
852.0,mal_A2,0.7453627401301561,0.7501156134400008,QUARANTINE,A2,True,0,A2
853.0,benign_ho,0.4636160349826477,0.3874019529590944,HEALTHY,benign,False,0,A2
853.0,benign_sched,0.09174021212728137,0.22672242632798068,HEALTHY,benign,False,0,A2
853.0,benign_kpm,0.39937552384093106,0.2735054528878686,HEALTHY,benign,False,0,A2
853.0,mal_A2,0.7634627750908259,0.7527850457701659,QUARANTINE,A2,True,0,A2
854.0,benign_ho,0.48438598220203527,0.40679875880768257,HEALTHY,benign,False,0,A2
854.0,benign_sched,0.06914429583141331,0.1952068002286672,HEALTHY,benign,False,0,A2
854.0,benign_kpm,0.6098043039299864,0.34076522309629215,HEALTHY,benign,False,0,A2
854.0,mal_A2,0.92177949557573,0.7865839357312788,QUARANTINE,A2,True,0,A2
855.0,benign_ho,0.9034924344130097,0.5061374939287481,WATCH,benign,False,0,A2
855.0,benign_sched,0.07727131785543134,0.17161970375402003,HEALTHY,benign,False,0,A2
855.0,benign_kpm,0.6261187557659094,0.39783592963021563,HEALTHY,benign,False,0,A2
855.0,mal_A2,0.7539663545753045,0.780060419500084,QUARANTINE,A2,True,0,A2
856.0,benign_ho,0.37461766702435156,0.47983352854786876,HEALTHY,benign,False,0,A2
856.0,benign_sched,0.0870943159312747,0.15471462618947096,HEALTHY,benign,False,0,A2
856.0,benign_kpm,0.30360893934859856,0.37899053157389223,HEALTHY,benign,False,0,A2
856.0,mal_A2,0.6122484123178383,0.7464980180636349,QUARANTINE,A2,True,0,A2
857.0,benign_ho,0.4310829772724316,0.4700834182927814,HEALTHY,benign,False,0,A2
857.0,benign_sched,0.13238781288290574,0.15024926352815793,HEALTHY,benign,False,0,A2
857.0,benign_kpm,0.4378677942333399,0.3907659841057818,HEALTHY,benign,False,0,A2
857.0,mal_A2,0.707162352407729,0.7386308849324538,QUARANTINE,A2,True,0,A2
858.0,benign_ho,0.2255286183682396,0.42117245830787303,HEALTHY,benign,False,0,A2
858.0,benign_sched,0.4285103238669229,0.20590147559591093,HEALTHY,benign,False,0,A2
858.0,benign_kpm,0.3352517179874972,0.3796631308821249,HEALTHY,benign,False,0,A2
858.0,mal_A2,0.8722530767360193,0.7653553232931669,QUARANTINE,A2,True,0,A2
859.0,benign_ho,0.3385052689158877,0.40463902042947597,HEALTHY,benign,False,0,A2
859.0,benign_sched,0.3425069612939193,0.2332225727355126,HEALTHY,benign,False,0,A2
859.0,benign_kpm,0.43979455260389827,0.3916894152264796,HEALTHY,benign,False,0,A2
859.0,mal_A2,0.7311860408815658,0.7585214668108468,QUARANTINE,A2,True,0,A2
860.0,benign_ho,0.35397797760018535,0.39450681186361786,HEALTHY,benign,False,0,A2
860.0,benign_sched,0.4791903410969641,0.28241612640780295,HEALTHY,benign,False,0,A2
860.0,benign_kpm,0.37259193549249636,0.387869919279683,HEALTHY,benign,False,0,A2
860.0,mal_A2,0.6624824807432448,0.7393136695973265,QUARANTINE,A2,True,0,A2
861.0,benign_ho,0.3712360022426183,0.389852649939418,HEALTHY,benign,False,0,A2
861.0,benign_sched,0.28224254333382753,0.28238140979300785,HEALTHY,benign,False,0,A2
861.0,benign_kpm,0.319516616667842,0.37419925875731486,HEALTHY,benign,False,0,A2
861.0,mal_A2,0.7097460501295895,0.7334001457037791,QUARANTINE,A2,True,0,A2
862.0,benign_ho,0.3523837847897192,0.3823588769094783,HEALTHY,benign,False,0,A2
862.0,benign_sched,0.3726642113190957,0.3004379700982255,HEALTHY,benign,False,0,A2
862.0,benign_kpm,0.3871086484938134,0.37678113670461455,HEALTHY,benign,False,0,A2
862.0,mal_A2,0.6733690204422192,0.7213939206514671,QUARANTINE,A2,True,0,A2
863.0,benign_ho,0.34771485800704605,0.37543007312899185,HEALTHY,benign,False,0,A2
863.0,benign_sched,0.14475388288220087,0.2693011526550206,HEALTHY,benign,False,0,A2
863.0,benign_kpm,0.16163693289350503,0.33375229594239264,HEALTHY,benign,False,0,A2
863.0,mal_A2,0.7666084912206175,0.7304368347652972,QUARANTINE,A2,True,0,A2
864.0,benign_ho,0.37013576342903076,0.3743712111889997,HEALTHY,benign,False,0,A2
864.0,benign_sched,0.14829062015328076,0.24509904615467262,HEALTHY,benign,False,0,A2
864.0,benign_kpm,0.31369036293098934,0.329739909340112,HEALTHY,benign,False,0,A2
864.0,mal_A2,0.6379282827488132,0.7119351243620003,QUARANTINE,A2,True,0,A2
865.0,benign_ho,0.46004657242923913,0.3915062834370476,HEALTHY,benign,False,0,A2
865.0,benign_sched,0.27893123341194176,0.2518654836061265,HEALTHY,benign,False,0,A2
865.0,benign_kpm,0.7492678831918146,0.41364550411045253,HEALTHY,benign,False,0,A2
865.0,mal_A2,0.5149404521324069,0.6725361899160817,THROTTLE,A2,True,0,A2
866.0,benign_ho,0.5181294952435983,0.41683092579835773,HEALTHY,benign,False,0,A2
866.0,benign_sched,0.3834285979812911,0.2781781064811594,HEALTHY,benign,False,0,A2
866.0,benign_kpm,0.22251931465143743,0.37542026621864955,HEALTHY,benign,False,0,A2
866.0,mal_A2,0.6298982812822596,0.6640086081893173,THROTTLE,A2,True,0,A2
867.0,benign_ho,0.8430804990746106,0.5020808404536083,WATCH,benign,False,0,A2
867.0,benign_sched,0.24366912469174581,0.27127631012327674,HEALTHY,benign,False,0,A2
867.0,benign_kpm,0.41605030251787045,0.38354627347849374,HEALTHY,benign,False,0,A2
867.0,mal_A2,0.7502199962969822,0.6812508858108504,THROTTLE,A2,True,0,A2
868.0,benign_ho,0.3960365126764122,0.4808719748981692,WATCH,benign,False,0,A2
868.0,benign_sched,0.13227302622688974,0.24347565334399937,HEALTHY,benign,False,0,A2
868.0,benign_kpm,0.5557266275629351,0.41798234429538206,HEALTHY,benign,False,0,A2
868.0,mal_A2,0.7506207893379079,0.6951248665162619,QUARANTINE,A2,True,0,A2
869.0,benign_ho,0.2844261537610051,0.4415828106707364,HEALTHY,benign,False,0,A2
869.0,benign_sched,0.5467414037445107,0.30412880342410165,HEALTHY,benign,False,0,A2
869.0,benign_kpm,0.45390780368441647,0.425167436173189,HEALTHY,benign,False,0,A2
869.0,mal_A2,0.6970150329491294,0.6955028998028354,QUARANTINE,A2,True,0,A2
870.0,benign_ho,0.3195009698667843,0.41716644250994606,HEALTHY,benign,False,0,A2
870.0,benign_sched,0.23587907643651662,0.2904788580265847,HEALTHY,benign,False,0,A2
870.0,benign_kpm,0.34547616986217927,0.4092291829109871,HEALTHY,benign,False,0,A2
870.0,mal_A2,0.7961476429481954,0.7156318484319075,QUARANTINE,A2,True,0,A2
871.0,benign_ho,0.7114243839050739,0.47601803078897165,HEALTHY,benign,False,0,A2
871.0,benign_sched,0.11248681413235478,0.2548804492477387,HEALTHY,benign,False,0,A2
871.0,benign_kpm,0.5283585598563935,0.4330550583000684,HEALTHY,benign,False,0,A2
871.0,mal_A2,0.6506966794402522,0.7026448146335765,QUARANTINE,A2,True,0,A2
872.0,benign_ho,0.7771902977376732,0.536252484178712,WATCH,benign,False,0,A2
872.0,benign_sched,0.2174537337799272,0.24739510615417643,HEALTHY,benign,False,0,A2
872.0,benign_kpm,0.247554201458713,0.39595488693179737,HEALTHY,benign,False,0,A2
872.0,mal_A2,0.6299777936927197,0.6881114104454052,QUARANTINE,A2,True,0,A2
873.0,benign_ho,0.44237841662649535,0.5174776706682687,WATCH,benign,False,0,A2
873.0,benign_sched,0.1583462149787596,0.22958532791909306,HEALTHY,benign,False,0,A2
873.0,benign_kpm,0.3411887098842151,0.38500165152228094,HEALTHY,benign,False,0,A2
873.0,mal_A2,0.7399434430782317,0.6984778169719705,QUARANTINE,A2,True,0,A2
874.0,benign_ho,0.26633838166967844,0.46724981286855066,HEALTHY,benign,False,0,A2
874.0,benign_sched,0.049553097498326586,0.19357888183493976,HEALTHY,benign,False,0,A2
874.0,benign_kpm,0.26562535037353935,0.36112639129253266,HEALTHY,benign,False,0,A2
874.0,mal_A2,0.7831133063005556,0.7154049148376876,QUARANTINE,A2,True,0,A2
875.0,benign_ho,0.5861007912087185,0.49102000853658423,WATCH,benign,False,0,A2
875.0,benign_sched,0.10792964167052105,0.17644903380205604,HEALTHY,benign,False,0,A2
875.0,benign_kpm,0.31719530586416955,0.3523401742068601,HEALTHY,benign,False,0,A2
875.0,mal_A2,0.7234508947187738,0.717014110813905,QUARANTINE,A2,True,0,A2
876.0,benign_ho,0.39940101084316915,0.47269620899790127,HEALTHY,benign,False,0,A2
876.0,benign_sched,0.161634163770631,0.17348605979577103,HEALTHY,benign,False,0,A2
876.0,benign_kpm,0.3873363432068774,0.3593394080068636,HEALTHY,benign,False,0,A2
876.0,mal_A2,0.6753219788085516,0.7086756844128344,QUARANTINE,A2,True,0,A2
877.0,benign_ho,0.5339090094295599,0.484938769084233,WATCH,benign,False,0,A2
877.0,benign_sched,0.07933119111454486,0.1546550860595258,HEALTHY,benign,False,0,A2
877.0,benign_kpm,0.28001847672740443,0.3434752217509718,HEALTHY,benign,False,0,A2
877.0,mal_A2,0.7111092412490182,0.7091623957800711,QUARANTINE,A2,True,0,A2
878.0,benign_ho,0.36376153433599806,0.46070332213458604,HEALTHY,benign,False,0,A2
878.0,benign_sched,0.2874639147437702,0.1812168517963747,HEALTHY,benign,False,0,A2
878.0,benign_kpm,0.49799405777454303,0.37437898895568605,HEALTHY,benign,False,0,A2
878.0,mal_A2,0.8081962181431418,0.7289691602526853,QUARANTINE,A2,True,0,A2
879.0,benign_ho,0.32339956685245513,0.4332425710781599,HEALTHY,benign,False,0,A2
879.0,benign_sched,0.5882482327113588,0.26262312797937154,HEALTHY,benign,False,0,A2
879.0,benign_kpm,0.24817137604446154,0.3491374663734412,HEALTHY,benign,False,0,A2
879.0,mal_A2,0.8876147907442319,0.7606982863509946,QUARANTINE,A2,True,0,A2
880.0,benign_ho,0.3977413631946883,0.4261423295014656,HEALTHY,benign,False,0,A2
880.0,benign_sched,0.41833172125759044,0.29376484663501534,HEALTHY,benign,False,0,A2
880.0,benign_kpm,0.46586614875223864,0.37248320284920067,HEALTHY,benign,False,0,A2
880.0,mal_A2,0.7704768248031105,0.7626539940414179,QUARANTINE,A2,True,0,A2
881.0,benign_ho,0.4316940042215013,0.4272526644454727,HEALTHY,benign,False,0,A2
881.0,benign_sched,0.28775096117715854,0.292562069543444,HEALTHY,benign,False,0,A2
881.0,benign_kpm,0.28652238954348697,0.35529104018805796,HEALTHY,benign,False,0,A2
881.0,mal_A2,0.9075472435579148,0.7916326439447172,QUARANTINE,A2,True,0,A2
882.0,benign_ho,0.418091793953839,0.42542049034714596,HEALTHY,benign,False,0,A2
882.0,benign_sched,0.2811236717933289,0.29027438999342103,HEALTHY,benign,False,0,A2
882.0,benign_kpm,0.2346475814432115,0.33116234843908865,HEALTHY,benign,False,0,A2
882.0,mal_A2,0.8232570218081904,0.7979575195174119,QUARANTINE,A2,True,0,A2
883.0,benign_ho,0.22006632860131356,0.3843496579979795,HEALTHY,benign,False,0,A2
883.0,benign_sched,0.10779970100026984,0.2537794521947908,HEALTHY,benign,False,0,A2
883.0,benign_kpm,0.22295409728244303,0.30952069820775957,HEALTHY,benign,False,0,A2
883.0,mal_A2,0.7047403404531541,0.7793140837045605,QUARANTINE,A2,True,0,A2
884.0,benign_ho,0.3148801180832277,0.3704557500150292,HEALTHY,benign,False,0,A2
884.0,benign_sched,0.2979912507184271,0.26262181189951805,HEALTHY,benign,False,0,A2
884.0,benign_kpm,0.2201697551851997,0.2916505096032476,HEALTHY,benign,False,0,A2
884.0,mal_A2,0.6590727539203678,0.755265817747722,QUARANTINE,A2,True,0,A2
885.0,benign_ho,0.3827158864487491,0.37290777730177316,HEALTHY,benign,False,0,A2
885.0,benign_sched,0.07462940124268781,0.225023329768152,HEALTHY,benign,False,0,A2
885.0,benign_kpm,0.32601777183540553,0.29852396204967924,HEALTHY,benign,False,0,A2
885.0,mal_A2,0.7143536804103017,0.747083390280238,QUARANTINE,A2,True,0,A2
886.0,benign_ho,0.29668251820904024,0.3576627254832266,HEALTHY,benign,False,0,A2
886.0,benign_sched,0.5028975384352128,0.2805981715015642,HEALTHY,benign,False,0,A2
886.0,benign_kpm,0.5521940383170653,0.34925797730315644,HEALTHY,benign,False,0,A2
886.0,mal_A2,0.7291022982731427,0.743487171878819,QUARANTINE,A2,True,0,A2
887.0,benign_ho,0.5575117616271775,0.3976325327120168,HEALTHY,benign,False,0,A2
887.0,benign_sched,0.2725783881888589,0.27899421483902315,HEALTHY,benign,False,0,A2
887.0,benign_kpm,0.254713399675142,0.3303490617775535,HEALTHY,benign,False,0,A2
887.0,mal_A2,0.6597374552804635,0.7267372285591479,QUARANTINE,A2,True,0,A2
888.0,benign_ho,0.35797768835021054,0.3897015638396556,HEALTHY,benign,False,0,A2
888.0,benign_sched,0.3539983973653965,0.2939950513442978,HEALTHY,benign,False,0,A2
888.0,benign_kpm,0.2129825221422045,0.3068757538504837,HEALTHY,benign,False,0,A2
888.0,mal_A2,0.6664866749497085,0.71468711783726,QUARANTINE,A2,True,0,A2
889.0,benign_ho,0.3845590051443351,0.3886730521005915,HEALTHY,benign,False,0,A2
889.0,benign_sched,0.24755873688205318,0.2847077884518489,HEALTHY,benign,False,0,A2
889.0,benign_kpm,0.31140593052904314,0.3077817891861956,HEALTHY,benign,False,0,A2
889.0,mal_A2,0.7379377343039274,0.7193372411305935,QUARANTINE,A2,True,0,A2
890.0,benign_ho,0.4455102069747731,0.4000404830754279,HEALTHY,benign,False,0,A2
890.0,benign_sched,0.33123129146709906,0.29401248905489896,HEALTHY,benign,False,0,A2
890.0,benign_kpm,0.3081701177264348,0.30785945489424343,HEALTHY,benign,False,0,A2
890.0,mal_A2,0.6932232625042111,0.7141144454053171,QUARANTINE,A2,True,0,A2
891.0,benign_ho,0.5963646464607448,0.4393053157524913,HEALTHY,benign,False,0,A2
891.0,benign_sched,0.06479248490216,0.24816848822435117,HEALTHY,benign,False,0,A2
891.0,benign_kpm,0.37264756444941466,0.3208170768052777,HEALTHY,benign,False,0,A2
891.0,mal_A2,0.8122279235854416,0.733737141041342,QUARANTINE,A2,True,0,A2
892.0,benign_ho,0.2922665778906153,0.40989756818011613,HEALTHY,benign,False,0,A2
892.0,benign_sched,0.26872327130639606,0.25227944484076015,HEALTHY,benign,False,0,A2
892.0,benign_kpm,0.4066484815177587,0.33798335774777394,HEALTHY,benign,False,0,A2
892.0,mal_A2,0.6704327552539132,0.7210762638838564,QUARANTINE,A2,True,0,A2
893.0,benign_ho,0.3406969942012949,0.39605745338435194,HEALTHY,benign,False,0,A2
893.0,benign_sched,0.20403023824161365,0.24262960352093088,HEALTHY,benign,False,0,A2
893.0,benign_kpm,0.15827363287918128,0.3020414127740554,HEALTHY,benign,False,0,A2
893.0,mal_A2,0.6503046441079359,0.7069219399286722,QUARANTINE,A2,True,0,A2
894.0,benign_ho,0.37696717206795066,0.3922393971210717,HEALTHY,benign,False,0,A2
894.0,benign_sched,0.19485968983708965,0.23307562078416266,HEALTHY,benign,False,0,A2
894.0,benign_kpm,0.4293814720382998,0.3275094246269043,HEALTHY,benign,False,0,A2
894.0,mal_A2,0.6588204348156734,0.6973016389060726,QUARANTINE,A2,True,0,A2
895.0,benign_ho,0.3018989663790737,0.3741713109726721,HEALTHY,benign,False,0,A2
895.0,benign_sched,0.08360749211494752,0.20318199505031964,HEALTHY,benign,False,0,A2
895.0,benign_kpm,0.6033754412774455,0.3826826279570126,HEALTHY,benign,False,0,A2
895.0,mal_A2,0.7186464167751803,0.7015705944798941,QUARANTINE,A2,True,0,A2
896.0,benign_ho,0.7026509622506714,0.4398672412282719,HEALTHY,benign,False,0,A2
896.0,benign_sched,0.05487691554245642,0.173520979148747,HEALTHY,benign,False,0,A2
896.0,benign_kpm,0.30387041801553977,0.366920185968718,HEALTHY,benign,False,0,A2
896.0,mal_A2,0.7029108283095481,0.701838641245825,QUARANTINE,A2,True,0,A2
897.0,benign_ho,0.468899873508542,0.445673767684326,HEALTHY,benign,False,0,A2
897.0,benign_sched,0.1941390345006855,0.1776445902191347,HEALTHY,benign,False,0,A2
897.0,benign_kpm,0.30703907981806816,0.354943964738588,HEALTHY,benign,False,0,A2
897.0,mal_A2,1.0,0.7614709129966599,QUARANTINE,A2,True,0,A2
898.0,benign_ho,0.4044845740647365,0.4374359289604081,HEALTHY,benign,False,0,A2
898.0,benign_sched,0.16255632914936757,0.17462693800518128,HEALTHY,benign,False,0,A2
898.0,benign_kpm,0.37992702915019266,0.359940577620909,HEALTHY,benign,False,0,A2
898.0,mal_A2,0.5688667597656527,0.7229500823504585,QUARANTINE,A2,True,0,A2
899.0,benign_ho,0.7310900175793791,0.49616674668420235,WATCH,benign,False,0,A2
899.0,benign_sched,0.2590891300466937,0.19151937641348377,HEALTHY,benign,False,0,A2
899.0,benign_kpm,0.15762341908214547,0.3194771459131563,HEALTHY,benign,False,0,A2
899.0,mal_A2,0.8323965478178027,0.7448393754439273,QUARANTINE,A2,True,0,A2
900.0,benign_ho,0.3958539879360554,0.47610419493457296,HEALTHY,benign,False,0,A2
900.0,benign_sched,0.2553428247715013,0.20428406608508728,HEALTHY,benign,False,0,A2
900.0,benign_kpm,0.37995898940234324,0.3315735146109937,HEALTHY,benign,False,0,A2
900.0,mal_A2,0.7263274172242049,0.7411369837999829,QUARANTINE,A2,True,0,A2
901.0,benign_ho,0.23984981824971344,0.4288533195976011,HEALTHY,benign,False,0,A2
901.0,benign_sched,0.2592815228026287,0.2152835574285956,HEALTHY,benign,False,0,A2
901.0,benign_kpm,0.16467153683377234,0.29819311905554946,HEALTHY,benign,False,0,A2
901.0,mal_A2,0.6988752297178211,0.7326846329835507,QUARANTINE,A2,True,0,A2
902.0,benign_ho,0.4544540357338478,0.43397346282485044,HEALTHY,benign,False,0,A2
902.0,benign_sched,0.22732972287687073,0.21769279051825063,HEALTHY,benign,False,0,A2
902.0,benign_kpm,0.3175349506415302,0.30206148537274563,HEALTHY,benign,False,0,A2
902.0,mal_A2,0.7409417397106094,0.7343360543289624,QUARANTINE,A2,True,0,A2
903.0,benign_ho,0.38667984417081797,0.42451473909404397,HEALTHY,benign,False,0,A2
903.0,benign_sched,0.2808764739545779,0.23032952720551608,HEALTHY,benign,False,0,A2
903.0,benign_kpm,0.4776689475646436,0.3371829778111253,HEALTHY,benign,False,0,A2
903.0,mal_A2,0.7887226265418592,0.7452133687715419,QUARANTINE,A2,True,0,A2
904.0,benign_ho,0.4479609879230953,0.4292039888598543,HEALTHY,benign,False,0,A2
904.0,benign_sched,0.11312363936066545,0.20688834963654598,HEALTHY,benign,False,0,A2
904.0,benign_kpm,0.21518559408261992,0.31278350106542424,HEALTHY,benign,False,0,A2
904.0,mal_A2,0.7290802666449018,0.7419867483462139,QUARANTINE,A2,True,0,A2
905.0,benign_ho,0.3059907171034812,0.4045613345085797,HEALTHY,benign,False,0,A2
905.0,benign_sched,0.21081768296677855,0.20767421630259253,HEALTHY,benign,False,0,A2
905.0,benign_kpm,0.2591578690340128,0.302058374659142,HEALTHY,benign,False,0,A2
905.0,mal_A2,0.6649541467276936,0.7265802280225099,QUARANTINE,A2,True,0,A2
906.0,benign_ho,0.4642636702571888,0.41650180165830153,HEALTHY,benign,False,0,A2
906.0,benign_sched,0.2870274280051632,0.2235448586431067,HEALTHY,benign,False,0,A2
906.0,benign_kpm,0.5031357324811996,0.3422738462235535,HEALTHY,benign,False,0,A2
906.0,mal_A2,0.6668245694774873,0.7146290963135054,QUARANTINE,A2,True,0,A2
907.0,benign_ho,0.3390091273041149,0.40100326678746423,HEALTHY,benign,False,0,A2
907.0,benign_sched,0.10850219227538695,0.20053632536956276,HEALTHY,benign,False,0,A2
907.0,benign_kpm,0.610281607250658,0.39587539842897446,HEALTHY,benign,False,0,A2
907.0,mal_A2,0.7115148820506817,0.7140062534609406,QUARANTINE,A2,True,0,A2
908.0,benign_ho,0.4823394053781238,0.41727049450559617,HEALTHY,benign,False,0,A2
908.0,benign_sched,0.21006679666303946,0.2024424196282581,HEALTHY,benign,False,0,A2
908.0,benign_kpm,0.12054573802144733,0.34080946634746906,HEALTHY,benign,False,0,A2
908.0,mal_A2,0.734087241233786,0.7180224510155098,QUARANTINE,A2,True,0,A2
909.0,benign_ho,0.2885353930407509,0.3915234742126271,HEALTHY,benign,False,0,A2
909.0,benign_sched,0.1657742155295221,0.1951087788085109,HEALTHY,benign,False,0,A2
909.0,benign_kpm,0.33270755664335167,0.33918908440664564,HEALTHY,benign,False,0,A2
909.0,mal_A2,0.649232355139797,0.7042644318403672,QUARANTINE,A2,True,0,A2
910.0,benign_ho,0.4027926522836577,0.3937773098268333,HEALTHY,benign,False,0,A2
910.0,benign_sched,0.2036067376731216,0.19680837058143308,HEALTHY,benign,False,0,A2
910.0,benign_kpm,0.13683539581883086,0.2987183466890827,HEALTHY,benign,False,0,A2
910.0,mal_A2,0.584336517128142,0.6802788488979222,THROTTLE,A2,True,0,A2
911.0,benign_ho,0.3385759785080292,0.3827370435630725,HEALTHY,benign,False,0,A2
911.0,benign_sched,0.2802620372516158,0.21349910391546964,HEALTHY,benign,False,0,A2
911.0,benign_kpm,0.23062466211810015,0.28509960977488624,HEALTHY,benign,False,0,A2
911.0,mal_A2,0.7489044389146261,0.694003966901263,QUARANTINE,A2,True,0,A2
912.0,benign_ho,0.36851303096733223,0.3798922410439245,HEALTHY,benign,False,0,A2
912.0,benign_sched,0.2887568041724914,0.228550643966874,HEALTHY,benign,False,0,A2
912.0,benign_kpm,0.24478004882557505,0.277035697585024,HEALTHY,benign,False,0,A2
912.0,mal_A2,0.7463304212887298,0.7044692577787565,QUARANTINE,A2,True,0,A2
913.0,benign_ho,0.27131456387353065,0.35817670560984577,HEALTHY,benign,False,0,A2
913.0,benign_sched,0.28268935711946774,0.23937838659739274,HEALTHY,benign,False,0,A2
913.0,benign_kpm,0.21057890091709452,0.2637443382514381,HEALTHY,benign,False,0,A2
913.0,mal_A2,0.6933197676092063,0.7022393597448464,QUARANTINE,A2,True,0,A2
914.0,benign_ho,0.5894112221948616,0.404423608926849,HEALTHY,benign,False,0,A2
914.0,benign_sched,0.18876869187241388,0.229256447652397,HEALTHY,benign,False,0,A2
914.0,benign_kpm,0.7049062049595929,0.3519767115930691,HEALTHY,benign,False,0,A2
914.0,mal_A2,0.6240310915076615,0.6865977060974094,THROTTLE,A2,True,0,A2
915.0,benign_ho,0.886957893519309,0.5009304658453411,WATCH,benign,False,0,A2
915.0,benign_sched,0.41547439539540093,0.2665000372009978,HEALTHY,benign,False,0,A2
915.0,benign_kpm,0.31910042401221855,0.345401454076899,HEALTHY,benign,False,0,A2
915.0,mal_A2,0.6591497673532004,0.6811081183485677,THROTTLE,A2,True,0,A2
916.0,benign_ho,0.19860547937011278,0.44046546855029545,HEALTHY,benign,False,0,A2
916.0,benign_sched,0.426318570759121,0.2984637439126224,HEALTHY,benign,False,0,A2
916.0,benign_kpm,0.3599273037666338,0.3483066240148459,HEALTHY,benign,False,0,A2
916.0,mal_A2,0.9515537449664215,0.7351972436721386,QUARANTINE,A2,True,0,A2
917.0,benign_ho,0.27264890163030614,0.4069021551662976,HEALTHY,benign,False,0,A2
917.0,benign_sched,0.23024539570146516,0.28482007427039097,HEALTHY,benign,False,0,A2
917.0,benign_kpm,0.18609011893923777,0.3158633229997243,HEALTHY,benign,False,0,A2
917.0,mal_A2,0.6979796910997773,0.7277537331576664,QUARANTINE,A2,True,0,A2
918.0,benign_ho,0.2898190562432714,0.3834855353816924,HEALTHY,benign,False,0,A2
918.0,benign_sched,0.27181168867268557,0.2822183971508499,HEALTHY,benign,False,0,A2
918.0,benign_kpm,0.39752396482001867,0.3321954513637832,HEALTHY,benign,False,0,A2
918.0,mal_A2,0.8021751273515616,0.7426380119964455,QUARANTINE,A2,True,0,A2
919.0,benign_ho,0.29719231987924205,0.3662268922812023,HEALTHY,benign,False,0,A2
919.0,benign_sched,0.17212765920299095,0.26020024956127813,HEALTHY,benign,False,0,A2
919.0,benign_kpm,0.2662435463235107,0.3190050703557287,HEALTHY,benign,False,0,A2
919.0,mal_A2,0.8622649432821126,0.766563398253579,QUARANTINE,A2,True,0,A2
920.0,benign_ho,0.6103858171917946,0.4150586772633208,HEALTHY,benign,False,0,A2
920.0,benign_sched,0.11805377453973291,0.2317709545569691,HEALTHY,benign,False,0,A2
920.0,benign_kpm,0.18400439588078377,0.29200493546073975,HEALTHY,benign,False,0,A2
920.0,mal_A2,0.6964096455041011,0.7525326477036836,QUARANTINE,A2,True,0,A2
921.0,benign_ho,0.34302819665173745,0.4006525811410041,HEALTHY,benign,False,0,A2
921.0,benign_sched,0.07255189298585361,0.19992714224274602,HEALTHY,benign,False,0,A2
921.0,benign_kpm,0.12282273654692334,0.25816849567797645,HEALTHY,benign,False,0,A2
921.0,mal_A2,0.6451237084376105,0.731050859850469,QUARANTINE,A2,True,0,A2
922.0,benign_ho,0.4361629121871341,0.40775464735023015,HEALTHY,benign,False,0,A2
922.0,benign_sched,0.13793788120658304,0.18752929003551344,HEALTHY,benign,False,0,A2
922.0,benign_kpm,0.1871226447405725,0.24395932549049565,HEALTHY,benign,False,0,A2
922.0,mal_A2,0.5785639541760328,0.7005534787155818,QUARANTINE,A2,True,0,A2
923.0,benign_ho,0.19721283238359857,0.3656462843569039,HEALTHY,benign,False,0,A2
923.0,benign_sched,0.13910024822961709,0.17784348167433417,HEALTHY,benign,False,0,A2
923.0,benign_kpm,0.47148454212905766,0.28946436881820803,HEALTHY,benign,False,0,A2
923.0,mal_A2,0.6919520886885778,0.6988332007101811,QUARANTINE,A2,True,0,A2
924.0,benign_ho,0.212421728709906,0.33500137322750434,HEALTHY,benign,False,0,A2
924.0,benign_sched,0.21713408359643105,0.18570160205875355,HEALTHY,benign,False,0,A2
924.0,benign_kpm,0.2912921688064814,0.2898299288158627,HEALTHY,benign,False,0,A2
924.0,mal_A2,0.6669764898258631,0.6924618585333175,QUARANTINE,A2,True,0,A2
925.0,benign_ho,0.490208019822424,0.3660427025464883,HEALTHY,benign,False,0,A2
925.0,benign_sched,0.260197060470707,0.20060069374114425,HEALTHY,benign,False,0,A2
925.0,benign_kpm,0.2353921416018588,0.278942371373062,HEALTHY,benign,False,0,A2
925.0,mal_A2,0.7260679468858848,0.699183076203831,QUARANTINE,A2,True,0,A2
926.0,benign_ho,0.4111282186821682,0.3750598057736243,HEALTHY,benign,False,0,A2
926.0,benign_sched,0.08750780633765665,0.17798211626044674,HEALTHY,benign,False,0,A2
926.0,benign_kpm,0.44738877697887275,0.31263165249422414,HEALTHY,benign,False,0,A2
926.0,mal_A2,0.8429858000007758,0.72794362096322,QUARANTINE,A2,True,0,A2
927.0,benign_ho,0.4351130663749921,0.3870704578938979,HEALTHY,benign,False,0,A2
927.0,benign_sched,0.3565537349428812,0.21369643999693366,HEALTHY,benign,False,0,A2
927.0,benign_kpm,0.6639349668198951,0.3828923153593583,HEALTHY,benign,False,0,A2
927.0,mal_A2,0.6844128096231052,0.7192374586951971,QUARANTINE,A2,True,0,A2
928.0,benign_ho,0.2435520360468385,0.35836677352448604,HEALTHY,benign,False,0,A2
928.0,benign_sched,0.21538046299687424,0.2140332445969218,HEALTHY,benign,False,0,A2
928.0,benign_kpm,0.274551405239275,0.36122413333534165,HEALTHY,benign,False,0,A2
928.0,mal_A2,0.8950420837495554,0.7543983837060687,QUARANTINE,A2,True,0,A2
929.0,benign_ho,0.36997351247968924,0.3606881213155267,HEALTHY,benign,False,0,A2
929.0,benign_sched,0.11047150750225536,0.19332089717798853,HEALTHY,benign,False,0,A2
929.0,benign_kpm,0.23309829120073258,0.33559896490841984,HEALTHY,benign,False,0,A2
929.0,mal_A2,0.7420108452548758,0.7519208760158301,QUARANTINE,A2,True,0,A2
930.0,benign_ho,0.3267942724153356,0.35390935153548847,HEALTHY,benign,False,0,A2
930.0,benign_sched,0.2914859399572471,0.21295390573384027,HEALTHY,benign,False,0,A2
930.0,benign_kpm,0.46613091990048466,0.36170535590683284,HEALTHY,benign,False,0,A2
930.0,mal_A2,0.8028434333288574,0.7621053874784357,QUARANTINE,A2,True,0,A2
931.0,benign_ho,0.3583464831327087,0.3547967778549325,HEALTHY,benign,False,0,A2
931.0,benign_sched,0.07352595534191539,0.1850683156554553,HEALTHY,benign,False,0,A2
931.0,benign_kpm,0.31201292093442895,0.3517668689123521,HEALTHY,benign,False,0,A2
931.0,mal_A2,0.6800021032259237,0.7456847306279333,QUARANTINE,A2,True,0,A2
932.0,benign_ho,0.23269447982251612,0.33037631824844926,HEALTHY,benign,False,0,A2
932.0,benign_sched,0.2244862422978514,0.19295190098393455,HEALTHY,benign,False,0,A2
932.0,benign_kpm,0.21885804253890254,0.3251851036376622,HEALTHY,benign,False,0,A2
932.0,mal_A2,0.6675947717476912,0.7300667388518849,QUARANTINE,A2,True,0,A2
933.0,benign_ho,0.4146255684588331,0.34722616829052605,HEALTHY,benign,False,0,A2
933.0,benign_sched,0.317263929288367,0.21781430664482104,HEALTHY,benign,False,0,A2
933.0,benign_kpm,0.41912455569784496,0.3439729940496987,HEALTHY,benign,False,0,A2
933.0,mal_A2,0.9270594955043955,0.769465290182387,QUARANTINE,A2,True,0,A2
934.0,benign_ho,0.32527740997305643,0.3428364166270322,HEALTHY,benign,False,0,A2
934.0,benign_sched,0.1797903378330583,0.2102095128824685,HEALTHY,benign,False,0,A2
934.0,benign_kpm,0.4782750452389432,0.37083340428754763,HEALTHY,benign,False,0,A2
934.0,mal_A2,0.6066279182009234,0.7368978157860944,QUARANTINE,A2,True,0,A2
935.0,benign_ho,0.4577222918949666,0.3658135916806191,HEALTHY,benign,False,0,A2
935.0,benign_sched,0.15121866851317203,0.19841134400860924,HEALTHY,benign,False,0,A2
935.0,benign_kpm,0.23456708833234707,0.3435801410965076,HEALTHY,benign,False,0,A2
935.0,mal_A2,0.6243532509004339,0.7143889028089623,QUARANTINE,A2,True,0,A2
936.0,benign_ho,0.28710924248720454,0.3500727218419362,HEALTHY,benign,False,0,A2
936.0,benign_sched,0.12984608389324917,0.18469829198553722,HEALTHY,benign,False,0,A2
936.0,benign_kpm,0.2709239487640036,0.3290489026300068,HEALTHY,benign,False,0,A2
936.0,mal_A2,0.7362088518084204,0.7187528926088539,QUARANTINE,A2,True,0,A2
937.0,benign_ho,0.37583314991874944,0.3552248074572989,HEALTHY,benign,False,0,A2
937.0,benign_sched,0.3164124972608661,0.211041133040603,HEALTHY,benign,False,0,A2
937.0,benign_kpm,0.32257403785644306,0.3277539296752941,HEALTHY,benign,False,0,A2
937.0,mal_A2,0.6182886387242,0.6986600418319231,QUARANTINE,A2,True,0,A2
938.0,benign_ho,0.5124780132410167,0.38667544861404246,HEALTHY,benign,False,0,A2
938.0,benign_sched,0.18664131075824436,0.2061611685841313,HEALTHY,benign,False,0,A2
938.0,benign_kpm,0.5644349119921566,0.3750901261386666,HEALTHY,benign,False,0,A2
938.0,mal_A2,0.7347930667353816,0.7058866468126148,QUARANTINE,A2,True,0,A2
939.0,benign_ho,0.601180301486876,0.4295764191886092,HEALTHY,benign,False,0,A2
939.0,benign_sched,0.1360652323233048,0.19214198133196603,HEALTHY,benign,False,0,A2
939.0,benign_kpm,0.125677654688542,0.32520763184864165,HEALTHY,benign,False,0,A2
939.0,mal_A2,0.8755343824847805,0.739816193947048,QUARANTINE,A2,True,0,A2
940.0,benign_ho,0.33500758563759875,0.41066265247840716,HEALTHY,benign,False,0,A2
940.0,benign_sched,0.04798181139040312,0.16330994734365345,HEALTHY,benign,False,0,A2
940.0,benign_kpm,0.14090351564589315,0.288346808608092,HEALTHY,benign,False,0,A2
940.0,mal_A2,0.6244161425888001,0.7167361836753985,QUARANTINE,A2,True,0,A2
941.0,benign_ho,0.45839712896823565,0.42020954777637287,HEALTHY,benign,False,0,A2
941.0,benign_sched,0.38569823703151185,0.20778760528122514,HEALTHY,benign,False,0,A2
941.0,benign_kpm,0.22647090083947047,0.2759716270543677,HEALTHY,benign,False,0,A2
941.0,mal_A2,0.7364159680011787,0.7206721405405546,QUARANTINE,A2,True,0,A2
942.0,benign_ho,0.48447720962798724,0.43306308014669576,HEALTHY,benign,False,0,A2
942.0,benign_sched,0.4458122890226493,0.25539254202951,HEALTHY,benign,False,0,A2
942.0,benign_kpm,0.23691654368205192,0.2681606103799046,HEALTHY,benign,False,0,A2
942.0,mal_A2,0.7931553624376093,0.7351687849199655,QUARANTINE,A2,True,0,A2
943.0,benign_ho,0.4289887332817352,0.4322482107737037,HEALTHY,benign,False,0,A2
943.0,benign_sched,0.416120647459017,0.2875381631154114,HEALTHY,benign,False,0,A2
943.0,benign_kpm,0.30254423979449446,0.27503733626282256,HEALTHY,benign,False,0,A2
943.0,mal_A2,0.6268427262125181,0.713503573178476,QUARANTINE,A2,True,0,A2
944.0,benign_ho,0.243467995664046,0.39449216775177215,HEALTHY,benign,False,0,A2
944.0,benign_sched,0.2770928872534139,0.2854491079430119,HEALTHY,benign,False,0,A2
944.0,benign_kpm,0.18583238145362976,0.257196345300984,HEALTHY,benign,False,0,A2
944.0,mal_A2,0.6845036531756991,0.7077035891779206,QUARANTINE,A2,True,0,A2
945.0,benign_ho,0.42715613865005025,0.4010249619314278,HEALTHY,benign,False,0,A2
945.0,benign_sched,0.15214436484841154,0.2587881593240919,HEALTHY,benign,False,0,A2
945.0,benign_kpm,0.4936370980035696,0.3044844958415011,HEALTHY,benign,False,0,A2
945.0,mal_A2,0.8542308803176902,0.7370090474058746,QUARANTINE,A2,True,0,A2
946.0,benign_ho,0.3842611438717944,0.3976721983195011,HEALTHY,benign,False,0,A2
946.0,benign_sched,0.43925151968012155,0.29488083139529786,HEALTHY,benign,False,0,A2
946.0,benign_kpm,0.2848480701912071,0.3005572107114423,HEALTHY,benign,False,0,A2
946.0,mal_A2,0.6701217719438913,0.723631592313478,QUARANTINE,A2,True,0,A2
947.0,benign_ho,0.44177029749782637,0.40649181815516616,HEALTHY,benign,False,0,A2
947.0,benign_sched,0.062055684862665265,0.24831580208877135,HEALTHY,benign,False,0,A2
947.0,benign_kpm,0.1588855582676592,0.2722228802226857,HEALTHY,benign,False,0,A2
947.0,mal_A2,0.8430960282386397,0.7475244794985103,QUARANTINE,A2,True,0,A2
948.0,benign_ho,0.3265342793659368,0.3905003103973203,HEALTHY,benign,False,0,A2
948.0,benign_sched,0.36230647402397886,0.2711139364758129,HEALTHY,benign,False,0,A2
948.0,benign_kpm,0.1343185185053018,0.24464200787920895,HEALTHY,benign,False,0,A2
948.0,mal_A2,0.8836926875357418,0.7747581211059567,QUARANTINE,A2,True,0,A2
949.0,benign_ho,0.40548542939802557,0.3934973341974614,HEALTHY,benign,False,0,A2
949.0,benign_sched,0.26991793380291346,0.270874735941233,HEALTHY,benign,False,0,A2
949.0,benign_kpm,0.45863943279937425,0.28744149286324205,HEALTHY,benign,False,0,A2
949.0,mal_A2,0.6433870974364837,0.7484839163720621,QUARANTINE,A2,True,0,A2
950.0,benign_ho,0.32630706233948875,0.3800592798258669,HEALTHY,benign,False,0,A2
950.0,benign_sched,0.4113825442962032,0.2989762976122271,HEALTHY,benign,False,0,A2
950.0,benign_kpm,0.2116243259086696,0.2722780594723276,HEALTHY,benign,False,0,A2
950.0,mal_A2,0.8861388727477583,0.7760149076472014,QUARANTINE,A2,True,0,A2
951.0,benign_ho,0.30313587059207514,0.3646745979791086,HEALTHY,benign,False,0,A2
951.0,benign_sched,0.44113449196582666,0.327407936482947,HEALTHY,benign,False,0,A2
951.0,benign_kpm,0.5105661880643553,0.3199356851907331,HEALTHY,benign,False,0,A2
951.0,mal_A2,0.6572802957086005,0.7522679852594812,QUARANTINE,A2,True,0,A2
952.0,benign_ho,0.3871949792723459,0.3691786742377561,HEALTHY,benign,False,0,A2
952.0,benign_sched,0.25779060227179845,0.31348446964071736,HEALTHY,benign,False,0,A2
952.0,benign_kpm,0.26653393056431024,0.30925533426544854,HEALTHY,benign,False,0,A2
952.0,mal_A2,0.9744398381223529,0.7967023558320556,QUARANTINE,A2,True,0,A2
953.0,benign_ho,0.2198777282860901,0.3393184850474229,HEALTHY,benign,False,0,A2
953.0,benign_sched,0.15935331807273503,0.28265823932712086,HEALTHY,benign,False,0,A2
953.0,benign_kpm,0.29214784973517993,0.30583383735939484,HEALTHY,benign,False,0,A2
953.0,mal_A2,0.7544731156507811,0.7882565077958008,QUARANTINE,A2,True,0,A2
954.0,benign_ho,0.3736116127146243,0.3461771105808632,HEALTHY,benign,False,0,A2
954.0,benign_sched,0.1953202133300016,0.265190634127697,HEALTHY,benign,False,0,A2
954.0,benign_kpm,0.29213109182428715,0.3030932882523733,HEALTHY,benign,False,0,A2
954.0,mal_A2,0.6693150277978258,0.7644682117962059,QUARANTINE,A2,True,0,A2
955.0,benign_ho,0.4569051714142322,0.368322722747537,HEALTHY,benign,False,0,A2
955.0,benign_sched,0.3177632403619295,0.27570515537454354,HEALTHY,benign,False,0,A2
955.0,benign_kpm,0.2747382019501826,0.2974222709919352,HEALTHY,benign,False,0,A2
955.0,mal_A2,0.7869951609454774,0.7689736016260602,QUARANTINE,A2,True,0,A2
956.0,benign_ho,0.33512030091970524,0.36168223838197067,HEALTHY,benign,False,0,A2
956.0,benign_sched,0.19142075195247066,0.258848274690129,HEALTHY,benign,False,0,A2
956.0,benign_kpm,0.57811568349459,0.3535609534924662,HEALTHY,benign,False,0,A2
956.0,mal_A2,0.670750881341861,0.7493290575692204,QUARANTINE,A2,True,0,A2
957.0,benign_ho,0.3738718640358678,0.3641201635127501,HEALTHY,benign,False,0,A2
957.0,benign_sched,0.14271638220882735,0.23562189619386867,HEALTHY,benign,False,0,A2
957.0,benign_kpm,0.22868189655561486,0.32858514210509593,HEALTHY,benign,False,0,A2
957.0,mal_A2,0.6690597395288062,0.7332751939611376,QUARANTINE,A2,True,0,A2
958.0,benign_ho,0.37746331230130215,0.36678879327046054,HEALTHY,benign,False,0,A2
958.0,benign_sched,0.47504467817305585,0.28350645258970614,HEALTHY,benign,False,0,A2
958.0,benign_kpm,0.32793020219066027,0.3284541541222088,HEALTHY,benign,False,0,A2
958.0,mal_A2,0.6672797041587045,0.720076096000651,QUARANTINE,A2,True,0,A2
959.0,benign_ho,0.6343336137376661,0.4202977573639016,HEALTHY,benign,False,0,A2
959.0,benign_sched,0.48496909280773154,0.32379898063331125,HEALTHY,benign,False,0,A2
959.0,benign_kpm,0.42808823505855376,0.3483809703094778,HEALTHY,benign,False,0,A2
959.0,mal_A2,0.6169512127044304,0.699451119341407,QUARANTINE,A2,True,0,A2
960.0,benign_ho,0.36010742915965804,0.40825969172305293,HEALTHY,benign,False,0,A2
960.0,benign_sched,0.5828792022245687,0.3756150249515628,HEALTHY,benign,False,0,A2
960.0,benign_kpm,0.22581367752737544,0.3238675117530573,HEALTHY,benign,False,0,A2
960.0,mal_A2,0.6724931645583835,0.6940595283848023,QUARANTINE,A2,True,0,A2
961.0,benign_ho,0.2521673921310898,0.37704123180466037,HEALTHY,benign,False,0,A2
961.0,benign_sched,0.06709964777481274,0.3139119495162128,HEALTHY,benign,False,0,A2
961.0,benign_kpm,0.34755307048838135,0.3286046235001221,HEALTHY,benign,False,0,A2
961.0,mal_A2,0.7504045600851194,0.7053285347248658,QUARANTINE,A2,True,0,A2
962.0,benign_ho,0.22651389586991438,0.3469357646177112,HEALTHY,benign,False,0,A2
962.0,benign_sched,0.34670669257334413,0.3204708981276391,HEALTHY,benign,False,0,A2
962.0,benign_kpm,0.2288641746590004,0.3086565337318978,HEALTHY,benign,False,0,A2
962.0,mal_A2,0.7304728438142234,0.7103573965427373,QUARANTINE,A2,True,0,A2
963.0,benign_ho,0.8576347408209335,0.4490755598583557,HEALTHY,benign,False,0,A2
963.0,benign_sched,0.08359421401971033,0.2730955613060534,HEALTHY,benign,False,0,A2
963.0,benign_kpm,0.44008028475008454,0.33494128393553513,HEALTHY,benign,False,0,A2
963.0,mal_A2,0.7342009108557095,0.7151260994053318,QUARANTINE,A2,True,0,A2
964.0,benign_ho,0.39947791951627265,0.43915603178993906,HEALTHY,benign,False,0,A2
964.0,benign_sched,0.16030150452733793,0.25053674995031033,HEALTHY,benign,False,0,A2
964.0,benign_kpm,0.24998704779495523,0.3179504367074192,HEALTHY,benign,False,0,A2
964.0,mal_A2,0.6626461517734344,0.7046301098789524,QUARANTINE,A2,True,0,A2
965.0,benign_ho,0.2897049462330465,0.40926581467856055,HEALTHY,benign,False,0,A2
965.0,benign_sched,0.1421692266040021,0.2288632452810487,HEALTHY,benign,False,0,A2
965.0,benign_kpm,0.12904826501738995,0.28017000236941336,HEALTHY,benign,False,0,A2
965.0,mal_A2,0.7466375791972888,0.7130316037426198,QUARANTINE,A2,True,0,A2
966.0,benign_ho,0.40185537736118815,0.4077837272150861,HEALTHY,benign,False,0,A2
966.0,benign_sched,0.1911010654614161,0.2213108093171222,HEALTHY,benign,False,0,A2
966.0,benign_kpm,0.13119622516976695,0.2503752469294841,HEALTHY,benign,False,0,A2
966.0,mal_A2,0.6701912938582939,0.7044635417657545,QUARANTINE,A2,True,0,A2
967.0,benign_ho,0.29438312936643307,0.3851036076453555,HEALTHY,benign,False,0,A2
967.0,benign_sched,0.21758401619478812,0.22056545069265537,HEALTHY,benign,False,0,A2
967.0,benign_kpm,0.47632500786296605,0.2955651991161805,HEALTHY,benign,False,0,A2
967.0,mal_A2,0.8443014868842241,0.7324311307894484,QUARANTINE,A2,True,0,A2
968.0,benign_ho,0.28312726667022853,0.36470833945033015,HEALTHY,benign,False,0,A2
968.0,benign_sched,0.7029776559636118,0.31704789174684667,HEALTHY,benign,False,0,A2
968.0,benign_kpm,0.1200062108713172,0.26045340146720786,HEALTHY,benign,False,0,A2
968.0,mal_A2,0.7384305609110461,0.7336310168137681,QUARANTINE,A2,True,0,A2
969.0,benign_ho,0.2557144605924671,0.3429095636787576,HEALTHY,benign,False,0,A2
969.0,benign_sched,0.3023313695167882,0.31410458730083496,HEALTHY,benign,False,0,A2
969.0,benign_kpm,0.26891242145356575,0.26214520546447945,HEALTHY,benign,False,0,A2
969.0,mal_A2,0.7134531621234362,0.7295954458757018,QUARANTINE,A2,True,0,A2
970.0,benign_ho,0.3952748002634219,0.35338261099569046,HEALTHY,benign,False,0,A2
970.0,benign_sched,0.14327789038533292,0.27993924791773456,HEALTHY,benign,False,0,A2
970.0,benign_kpm,0.22831386607020113,0.2553789375856238,HEALTHY,benign,False,0,A2
970.0,mal_A2,0.6289938952078264,0.7094751357421268,QUARANTINE,A2,True,0,A2
971.0,benign_ho,0.24583196498538396,0.3318724817936292,HEALTHY,benign,False,0,A2
971.0,benign_sched,0.12488876386129051,0.24892915110644576,HEALTHY,benign,False,0,A2
971.0,benign_kpm,0.41487260839756246,0.28727767174801155,HEALTHY,benign,False,0,A2
971.0,mal_A2,0.6043923304045533,0.6884585746746121,QUARANTINE,A2,True,0,A2
972.0,benign_ho,0.4087761100408805,0.34725320744307947,HEALTHY,benign,False,0,A2
972.0,benign_sched,0.2570448184276371,0.25055228457068407,HEALTHY,benign,False,0,A2
972.0,benign_kpm,0.22547292825518062,0.27491672304944537,HEALTHY,benign,False,0,A2
972.0,mal_A2,0.6305917381383,0.6768852073673498,THROTTLE,A2,True,0,A2
973.0,benign_ho,0.4408665158433956,0.36597586912314267,HEALTHY,benign,False,0,A2
973.0,benign_sched,0.2897815277889658,0.25839813321434046,HEALTHY,benign,False,0,A2
973.0,benign_kpm,0.2821817754018449,0.2763697335199253,HEALTHY,benign,False,0,A2
973.0,mal_A2,0.6542597351258649,0.6723601129190528,THROTTLE,A2,True,0,A2
974.0,benign_ho,0.47314079280465826,0.3874088538594458,HEALTHY,benign,False,0,A2
974.0,benign_sched,0.4236593890398707,0.29145038437944654,HEALTHY,benign,False,0,A2
974.0,benign_kpm,0.3246214360266372,0.28602007402126767,HEALTHY,benign,False,0,A2
974.0,mal_A2,0.6647942519480611,0.6708469407248545,THROTTLE,A2,True,0,A2
975.0,benign_ho,0.6379494859718373,0.43751698028192415,HEALTHY,benign,False,0,A2
975.0,benign_sched,0.05324544971847004,0.24380939744725125,HEALTHY,benign,False,0,A2
975.0,benign_kpm,0.20018447431620381,0.2688529540802549,HEALTHY,benign,False,0,A2
975.0,mal_A2,0.6626193869502678,0.6692014299699371,THROTTLE,A2,True,0,A2
976.0,benign_ho,0.38507226573339637,0.4270280373722186,HEALTHY,benign,False,0,A2
976.0,benign_sched,0.15280690992298418,0.22560889994239786,HEALTHY,benign,False,0,A2
976.0,benign_kpm,0.4156039334152828,0.2982031499472605,HEALTHY,benign,False,0,A2
976.0,mal_A2,0.6911987311449416,0.673600890204938,THROTTLE,A2,True,0,A2
977.0,benign_ho,0.30108031414470154,0.40183849272671524,HEALTHY,benign,False,0,A2
977.0,benign_sched,0.2402307540787702,0.22853327076967234,HEALTHY,benign,False,0,A2
977.0,benign_kpm,0.40060704851143075,0.31868392966009457,HEALTHY,benign,False,0,A2
977.0,mal_A2,0.777403487655716,0.6943614096950936,QUARANTINE,A2,True,0,A2
978.0,benign_ho,0.41103332086959465,0.4036774583552911,HEALTHY,benign,False,0,A2
978.0,benign_sched,0.19755936405946709,0.2223384894276313,HEALTHY,benign,False,0,A2
978.0,benign_kpm,0.19023558684570163,0.292994261097216,HEALTHY,benign,False,0,A2
978.0,mal_A2,0.7401363666427038,0.7035164010846158,QUARANTINE,A2,True,0,A2
979.0,benign_ho,0.2999278916796321,0.38292754502015935,HEALTHY,benign,False,0,A2
979.0,benign_sched,0.3429960569802409,0.24647000293815324,HEALTHY,benign,False,0,A2
979.0,benign_kpm,0.6519334233621014,0.3647820935501931,HEALTHY,benign,False,0,A2
979.0,mal_A2,0.630025757853877,0.688818272438468,QUARANTINE,A2,True,0,A2
980.0,benign_ho,0.43361343858963597,0.3930647237340547,HEALTHY,benign,False,0,A2
980.0,benign_sched,0.14332943831771533,0.22584189001406568,HEALTHY,benign,False,0,A2
980.0,benign_kpm,0.1524479552157791,0.3223152658833103,HEALTHY,benign,False,0,A2
980.0,mal_A2,0.5621479548604977,0.6634842089228741,THROTTLE,A2,True,0,A2
981.0,benign_ho,0.43903694999336806,0.4022591689859174,HEALTHY,benign,False,0,A2
981.0,benign_sched,0.5133173052965797,0.2833369730705685,HEALTHY,benign,False,0,A2
981.0,benign_kpm,0.5049314488472026,0.3588385024760887,HEALTHY,benign,False,0,A2
981.0,mal_A2,0.7550653723383274,0.6818004416059649,THROTTLE,A2,True,0,A2
982.0,benign_ho,0.37880721033236414,0.3975687772552068,HEALTHY,benign,False,0,A2
982.0,benign_sched,0.2269788596527414,0.2720653503870031,HEALTHY,benign,False,0,A2
982.0,benign_kpm,0.1849472943131144,0.3240602608434939,HEALTHY,benign,False,0,A2
982.0,mal_A2,0.6891150972148459,0.6832633727277411,THROTTLE,A2,True,0,A2
983.0,benign_ho,0.2907615760903051,0.3762073370222265,HEALTHY,benign,False,0,A2
983.0,benign_sched,0.32470116344762573,0.28259251299912763,HEALTHY,benign,False,0,A2
983.0,benign_kpm,0.1945160759389978,0.29815142386259463,HEALTHY,benign,False,0,A2
983.0,mal_A2,0.6372731515467323,0.6740653284915393,THROTTLE,A2,True,0,A2
984.0,benign_ho,0.4249300945392922,0.38595188852563966,HEALTHY,benign,False,0,A2
984.0,benign_sched,0.29549885467057757,0.28517378133341764,HEALTHY,benign,False,0,A2
984.0,benign_kpm,0.1977779180540994,0.2780767227008956,HEALTHY,benign,False,0,A2
984.0,mal_A2,0.6703023147222907,0.6733127257376896,THROTTLE,A2,True,0,A2
985.0,benign_ho,0.4339487851495901,0.39555126785042977,HEALTHY,benign,False,0,A2
985.0,benign_sched,0.09031757195364669,0.24620253945746345,HEALTHY,benign,False,0,A2
985.0,benign_kpm,0.4554207094794251,0.3135455200566015,HEALTHY,benign,False,0,A2
985.0,mal_A2,0.8402357959724859,0.7066973397846489,QUARANTINE,A2,True,0,A2
986.0,benign_ho,0.42374121076494703,0.40118925643333325,HEALTHY,benign,False,0,A2
986.0,benign_sched,0.13455844630743394,0.22387372082745757,HEALTHY,benign,False,0,A2
986.0,benign_kpm,0.7144560824134327,0.3937276325279678,HEALTHY,benign,False,0,A2
986.0,mal_A2,0.6722344244299792,0.699804756713715,QUARANTINE,A2,True,0,A2
987.0,benign_ho,0.8864471018574834,0.49824082551816334,WATCH,benign,False,0,A2
987.0,benign_sched,0.37260828731489737,0.2536206341249455,HEALTHY,benign,False,0,A2
987.0,benign_kpm,0.3181391207595475,0.37860993017428374,HEALTHY,benign,False,0,A2
987.0,mal_A2,0.6815468829899348,0.696153181968959,QUARANTINE,A2,True,0,A2
988.0,benign_ho,0.5861910345311064,0.515830867320752,WATCH,benign,False,0,A2
988.0,benign_sched,0.31171289212626313,0.26523908572520905,HEALTHY,benign,False,0,A2
988.0,benign_kpm,0.13665569535187166,0.3302190832098013,HEALTHY,benign,False,0,A2
988.0,mal_A2,0.7081007642881504,0.6985426984327974,QUARANTINE,A2,True,0,A2
989.0,benign_ho,0.4435264886219114,0.5013699915809839,WATCH,benign,False,0,A2
989.0,benign_sched,0.30722424417366606,0.27363611741490046,HEALTHY,benign,False,0,A2
989.0,benign_kpm,0.41072402820604564,0.3463200722090502,HEALTHY,benign,False,0,A2
989.0,mal_A2,0.7766205371045397,0.7141582661671458,QUARANTINE,A2,True,0,A2
990.0,benign_ho,0.31300906762013314,0.4636978067888138,HEALTHY,benign,False,0,A2
990.0,benign_sched,0.3243213827315874,0.28377317047823786,HEALTHY,benign,False,0,A2
990.0,benign_kpm,0.49648310683704333,0.37635267913464887,HEALTHY,benign,False,0,A2
990.0,mal_A2,0.6915632202942316,0.709639256992563,QUARANTINE,A2,True,0,A2
991.0,benign_ho,0.37475466498842186,0.44590917842873545,HEALTHY,benign,False,0,A2
991.0,benign_sched,0.22708228877756065,0.2724349941381024,HEALTHY,benign,False,0,A2
991.0,benign_kpm,0.3230385960430782,0.36568986251633473,HEALTHY,benign,False,0,A2
991.0,mal_A2,0.5950893875479635,0.6867292831036431,THROTTLE,A2,True,0,A2
992.0,benign_ho,0.5466111713007127,0.46604957700313093,HEALTHY,benign,False,0,A2
992.0,benign_sched,0.3446503924407555,0.28687807379863306,HEALTHY,benign,False,0,A2
992.0,benign_kpm,0.22518333265175866,0.33758855654341957,HEALTHY,benign,False,0,A2
992.0,mal_A2,0.4964896559471937,0.6486813576723532,THROTTLE,A2,True,0,A2
993.0,benign_ho,0.6092919035293678,0.4946980423083783,WATCH,benign,False,0,A2
993.0,benign_sched,0.214627535840479,0.27242796620700227,HEALTHY,benign,False,0,A2
993.0,benign_kpm,0.150876091506054,0.30024606353594646,HEALTHY,benign,False,0,A2
993.0,mal_A2,0.747748527404223,0.6684947916187272,THROTTLE,A2,True,0,A2
994.0,benign_ho,0.3890794285160208,0.4735743195499068,HEALTHY,benign,False,0,A2
994.0,benign_sched,0.20307015685973362,0.25855640433754856,HEALTHY,benign,False,0,A2
994.0,benign_kpm,0.3524107718175125,0.3106790051922597,HEALTHY,benign,False,0,A2
994.0,mal_A2,0.6223966461594634,0.6592751625268745,THROTTLE,A2,True,0,A2
995.0,benign_ho,0.40349498243223797,0.45955845212637303,HEALTHY,benign,False,0,A2
995.0,benign_sched,0.19654125222834382,0.24615337391570763,HEALTHY,benign,False,0,A2
995.0,benign_kpm,0.2682020583594728,0.30218361582570236,HEALTHY,benign,False,0,A2
995.0,mal_A2,0.6104882243960981,0.6495177749007192,THROTTLE,A2,True,0,A2
996.0,benign_ho,0.41924387853306966,0.45149553740771237,HEALTHY,benign,False,0,A2
996.0,benign_sched,0.36464954488455026,0.26985260810947614,HEALTHY,benign,False,0,A2
996.0,benign_kpm,0.9329830621542298,0.42834350509140784,HEALTHY,benign,False,0,A2
996.0,mal_A2,0.5936227257080589,0.6383387650621871,THROTTLE,A2,True,0,A2
997.0,benign_ho,0.31066378907510783,0.4233291877411915,HEALTHY,benign,False,0,A2
997.0,benign_sched,0.4108958123236905,0.298061248952319,HEALTHY,benign,False,0,A2
997.0,benign_kpm,0.17057561116284709,0.3767899263056957,HEALTHY,benign,False,0,A2
997.0,mal_A2,0.78392290421728,0.6674555928932058,THROTTLE,A2,True,0,A2
998.0,benign_ho,0.4789714090090235,0.43445763199475795,HEALTHY,benign,False,0,A2
998.0,benign_sched,0.5137391222504477,0.34119682361194476,HEALTHY,benign,False,0,A2
998.0,benign_kpm,0.19096819418006178,0.3396255798805689,HEALTHY,benign,False,0,A2
998.0,mal_A2,0.6324568451056268,0.66045584333569,THROTTLE,A2,True,0,A2
999.0,benign_ho,0.30778927523048194,0.40912396064190276,HEALTHY,benign,False,0,A2
999.0,benign_sched,0.2399056937880318,0.32093859764716215,HEALTHY,benign,False,0,A2
999.0,benign_kpm,0.5033375698981,0.3723679778840751,HEALTHY,benign,False,0,A2
999.0,mal_A2,0.9385144131531064,0.7160675572991733,QUARANTINE,A2,True,0,A2
1000.0,benign_ho,0.2641799338448266,0.3801351552824876,HEALTHY,benign,False,0,A2
1000.0,benign_sched,0.528379028974208,0.3624266839125713,HEALTHY,benign,False,0,A2
1000.0,benign_kpm,0.26076391841782004,0.35004716599082414,HEALTHY,benign,False,0,A2
1000.0,mal_A2,0.6947549938924528,0.7118050446178292,QUARANTINE,A2,True,0,A2
1001.0,benign_ho,0.48934403141176347,0.4019769305083428,HEALTHY,benign,False,0,A2
1001.0,benign_sched,0.5187817454340425,0.3936976962168656,HEALTHY,benign,False,0,A2
1001.0,benign_kpm,0.6831439174577848,0.41666651628421625,HEALTHY,benign,False,0,A2
1001.0,mal_A2,0.6410739043499611,0.6976588165642557,QUARANTINE,A2,True,0,A2
1002.0,benign_ho,0.5708459007324256,0.43575072455315944,HEALTHY,benign,False,0,A2
1002.0,benign_sched,0.26106849968887624,0.36717185691126775,HEALTHY,benign,False,0,A2
1002.0,benign_kpm,0.6008494012413014,0.4535030932756333,HEALTHY,benign,False,0,A2
1002.0,mal_A2,0.6831003575648357,0.6947471247643717,QUARANTINE,A2,True,0,A2
1003.0,benign_ho,0.3047469638592359,0.40954997241437474,HEALTHY,benign,False,0,A2
1003.0,benign_sched,0.41706921219977827,0.37715132796896983,HEALTHY,benign,False,0,A2
1003.0,benign_kpm,0.21439339402320265,0.4056811534251472,HEALTHY,benign,False,0,A2
1003.0,mal_A2,0.8685242014886952,0.7295025401092364,QUARANTINE,A2,True,0,A2
1004.0,benign_ho,0.298917397075065,0.3874234573465128,HEALTHY,benign,False,0,A2
1004.0,benign_sched,0.1591425050510248,0.33354956338538083,HEALTHY,benign,False,0,A2
1004.0,benign_kpm,0.34268723173810495,0.3930823690877388,HEALTHY,benign,False,0,A2
1004.0,mal_A2,0.6361207623371296,0.710826184554815,QUARANTINE,A2,True,0,A2
1005.0,benign_ho,0.6469393233066545,0.43932663053854115,HEALTHY,benign,False,0,A2
1005.0,benign_sched,0.3804241958216581,0.3429244898726363,HEALTHY,benign,False,0,A2
1005.0,benign_kpm,0.21277248172319418,0.3570203916148299,HEALTHY,benign,False,0,A2
1005.0,mal_A2,0.6608857083440608,0.7008380893126642,QUARANTINE,A2,True,0,A2
1006.0,benign_ho,0.40230060052790817,0.4319214245364146,HEALTHY,benign,False,0,A2
1006.0,benign_sched,0.14664383285496632,0.3036683584691023,HEALTHY,benign,False,0,A2
1006.0,benign_kpm,0.19993791807326844,0.32560389690651764,HEALTHY,benign,False,0,A2
1006.0,mal_A2,0.6952790251246062,0.6997262764750526,QUARANTINE,A2,True,0,A2
1007.0,benign_ho,0.36692695326723573,0.41892253028257886,HEALTHY,benign,False,0,A2
1007.0,benign_sched,0.3987157057981159,0.322677827934905,HEALTHY,benign,False,0,A2
1007.0,benign_kpm,0.17128332122635814,0.29473978177048576,HEALTHY,benign,False,0,A2
1007.0,mal_A2,0.7029527454362534,0.7003715702672928,QUARANTINE,A2,True,0,A2
1008.0,benign_ho,0.5195880484275002,0.4390556339115631,HEALTHY,benign,False,0,A2
1008.0,benign_sched,0.39873058025962504,0.33788837839984903,HEALTHY,benign,False,0,A2
1008.0,benign_kpm,0.1180208305101382,0.25939599151841625,HEALTHY,benign,False,0,A2
1008.0,mal_A2,0.7893424830674798,0.7181657528273303,QUARANTINE,A2,True,0,A2
1009.0,benign_ho,0.29480950222709706,0.4102064075746699,HEALTHY,benign,False,0,A2
1009.0,benign_sched,0.08099964000456777,0.2865106307207928,HEALTHY,benign,False,0,A2
1009.0,benign_kpm,0.16647615891947629,0.24081202499862828,HEALTHY,benign,False,0,A2
1009.0,mal_A2,0.6012865321350114,0.6947899086888666,QUARANTINE,A2,True,0,A2
1010.0,benign_ho,0.5259542707198777,0.4333559802037115,HEALTHY,benign,False,0,A2
1010.0,benign_sched,0.3599757751361748,0.3012036596038692,HEALTHY,benign,False,0,A2
1010.0,benign_kpm,0.4613525937811004,0.2849201387551227,HEALTHY,benign,False,0,A2
1010.0,mal_A2,0.7563587153140657,0.7071036700139064,QUARANTINE,A2,True,0,A2
1011.0,benign_ho,0.6943435844115846,0.48555350104528616,WATCH,benign,False,0,A2
1011.0,benign_sched,0.5196946180510571,0.34490185129330675,HEALTHY,benign,False,0,A2
1011.0,benign_kpm,0.5000384231266565,0.32794379562942944,HEALTHY,benign,False,0,A2
1011.0,mal_A2,0.5588985413106784,0.6774626442732609,THROTTLE,A2,True,0,A2
1012.0,benign_ho,0.3166055364156919,0.45176390811936734,HEALTHY,benign,False,0,A2
1012.0,benign_sched,0.27306053177313494,0.3305335873892724,HEALTHY,benign,False,0,A2
1012.0,benign_kpm,0.13920450900714024,0.29019593830497165,HEALTHY,benign,False,0,A2
1012.0,mal_A2,0.6993570897403053,0.6818415333666699,THROTTLE,A2,True,0,A2
1013.0,benign_ho,0.38530907974908235,0.4384729424453104,HEALTHY,benign,False,0,A2
1013.0,benign_sched,0.2794531063973194,0.3203174911908818,HEALTHY,benign,False,0,A2
1013.0,benign_kpm,0.6098019968370348,0.35411715001138433,HEALTHY,benign,False,0,A2
1013.0,mal_A2,0.8245713365904971,0.7103874940114353,QUARANTINE,A2,True,0,A2
1014.0,benign_ho,0.25805546041318417,0.40238944603888516,HEALTHY,benign,False,0,A2
1014.0,benign_sched,0.37709964253133377,0.33167392145897223,HEALTHY,benign,False,0,A2
1014.0,benign_kpm,0.11050607921154071,0.3053949358514156,HEALTHY,benign,False,0,A2
1014.0,mal_A2,0.7604147118114933,0.720392937571447,QUARANTINE,A2,True,0,A2
1015.0,benign_ho,0.43631451762427154,0.4091744603559625,HEALTHY,benign,False,0,A2
1015.0,benign_sched,0.77751983198371,0.4208431035639198,HEALTHY,benign,False,0,A2
1015.0,benign_kpm,0.4384853241999019,0.3320130135211129,HEALTHY,benign,False,0,A2
1015.0,mal_A2,0.7464703544185238,0.7256084209408624,QUARANTINE,A2,True,0,A2
1016.0,benign_ho,0.48943859903601905,0.42522728809197385,HEALTHY,benign,False,0,A2
1016.0,benign_sched,0.10456040423989005,0.3575865636991139,HEALTHY,benign,False,0,A2
1016.0,benign_kpm,0.19045097343263076,0.3037006055034165,HEALTHY,benign,False,0,A2
1016.0,mal_A2,0.6259098741362121,0.7056687115799324,QUARANTINE,A2,True,0,A2
1017.0,benign_ho,0.7821167426218345,0.496605178997946,WATCH,benign,False,0,A2
1017.0,benign_sched,0.04590714587559002,0.29525068013440914,HEALTHY,benign,False,0,A2
1017.0,benign_kpm,0.5977682144601596,0.3625141272947651,HEALTHY,benign,False,0,A2
1017.0,mal_A2,0.7047200200887688,0.7054789732816997,QUARANTINE,A2,True,0,A2
1018.0,benign_ho,0.413398063807887,0.47996375595993424,HEALTHY,benign,False,0,A2
1018.0,benign_sched,0.15218299119041695,0.2666371423456107,HEALTHY,benign,False,0,A2
1018.0,benign_kpm,0.24822467078501187,0.33965623599281447,HEALTHY,benign,False,0,A2
1018.0,mal_A2,0.785698575969045,0.7215228938191688,QUARANTINE,A2,True,0,A2
1019.0,benign_ho,0.6752405229636164,0.5190191093606707,WATCH,benign,False,0,A2
1019.0,benign_sched,0.5784915268736202,0.3290080192512126,HEALTHY,benign,False,0,A2
1019.0,benign_kpm,0.22667691194716566,0.31706037118368474,HEALTHY,benign,False,0,A2
1019.0,mal_A2,0.6508437134884543,0.7073870577530259,QUARANTINE,A2,True,0,A2
1020.0,benign_ho,0.35196457223156985,0.4856082019348506,WATCH,benign,False,0,A2
1020.0,benign_sched,0.6010682809991387,0.38342007160079783,HEALTHY,benign,False,0,A2
1020.0,benign_kpm,0.3030004952871882,0.3142483960043854,HEALTHY,benign,False,0,A2
1020.0,mal_A2,0.7188198634732029,0.7096736188970614,QUARANTINE,A2,True,0,A2
1021.0,benign_ho,0.23612365039598565,0.43571129162707767,HEALTHY,benign,False,0,A2
1021.0,benign_sched,0.17469231664980361,0.341674520610599,HEALTHY,benign,False,0,A2
1021.0,benign_kpm,0.2414896864425126,0.29969665409201085,HEALTHY,benign,False,0,A2
1021.0,mal_A2,0.9536098367443616,0.7584608624665214,QUARANTINE,A2,True,0,A2
1022.0,benign_ho,0.3995870073540121,0.4284864347724646,HEALTHY,benign,False,0,A2
1022.0,benign_sched,0.23263497855946974,0.31986661220037316,HEALTHY,benign,False,0,A2
1022.0,benign_kpm,0.24151619388583642,0.28806056205077596,HEALTHY,benign,False,0,A2
1022.0,mal_A2,0.9128959087582329,0.7893478717248638,QUARANTINE,A2,True,0,A2
1023.0,benign_ho,0.2884706700198292,0.40048328182193754,HEALTHY,benign,False,0,A2
1023.0,benign_sched,0.29540287181154523,0.3149738641226076,HEALTHY,benign,False,0,A2
1023.0,benign_kpm,0.2502507238801972,0.28049859441666025,HEALTHY,benign,False,0,A2
1023.0,mal_A2,0.7473979627149824,0.7809578899228875,QUARANTINE,A2,True,0,A2
1024.0,benign_ho,0.4063131316739386,0.4016492517923378,HEALTHY,benign,False,0,A2
1024.0,benign_sched,0.15111313667208895,0.2822017186325039,HEALTHY,benign,False,0,A2
1024.0,benign_kpm,0.28101542377010885,0.28060196028734996,HEALTHY,benign,False,0,A2
1024.0,mal_A2,0.6652733856324934,0.7578209890648087,QUARANTINE,A2,True,0,A2
1025.0,benign_ho,0.3994555484656622,0.40121051112700273,HEALTHY,benign,False,0,A2
1025.0,benign_sched,0.1526594016185994,0.256293255229723,HEALTHY,benign,False,0,A2
1025.0,benign_kpm,0.2178634571699255,0.2680542596638651,HEALTHY,benign,False,0,A2
1025.0,mal_A2,0.8856887055683849,0.7833945323655239,QUARANTINE,A2,True,0,A2
1026.0,benign_ho,0.20745241782387328,0.36245889246637686,HEALTHY,benign,False,0,A2
1026.0,benign_sched,0.23458792115460922,0.25195218841470024,HEALTHY,benign,False,0,A2
1026.0,benign_kpm,0.15370302134587618,0.24518401200026732,HEALTHY,benign,False,0,A2
1026.0,mal_A2,0.6784771335727608,0.7624110526069713,QUARANTINE,A2,True,0,A2
1027.0,benign_ho,0.29233912734837597,0.3484349394427767,HEALTHY,benign,False,0,A2
1027.0,benign_sched,0.3094423775072582,0.26345022623321185,HEALTHY,benign,False,0,A2
1027.0,benign_kpm,0.3119273431780857,0.25853267823583104,HEALTHY,benign,False,0,A2
1027.0,mal_A2,0.731262398345246,0.7561813217546263,QUARANTINE,A2,True,0,A2
1028.0,benign_ho,0.30124185263887343,0.3389963220819961,HEALTHY,benign,False,0,A2
1028.0,benign_sched,0.03612284062772426,0.21798474911211432,HEALTHY,benign,False,0,A2
1028.0,benign_kpm,0.2560772770927639,0.2580415980072176,HEALTHY,benign,False,0,A2
1028.0,mal_A2,0.6821764788798239,0.7413803531796659,QUARANTINE,A2,True,0,A2
1029.0,benign_ho,0.26202532566781433,0.32360212279915973,HEALTHY,benign,False,0,A2
1029.0,benign_sched,0.1438250145440651,0.2031528021985045,HEALTHY,benign,False,0,A2
1029.0,benign_kpm,0.5218994543265164,0.3108131692710774,HEALTHY,benign,False,0,A2
1029.0,mal_A2,0.7346677898040554,0.7400378405045438,QUARANTINE,A2,True,0,A2
1030.0,benign_ho,0.3371408269120027,0.3263098636217283,HEALTHY,benign,False,0,A2
1030.0,benign_sched,0.4243900855564696,0.24740025887009753,HEALTHY,benign,False,0,A2
1030.0,benign_kpm,0.28188783835772335,0.30502810308840655,HEALTHY,benign,False,0,A2
1030.0,mal_A2,0.7579361703847212,0.7436175064805792,QUARANTINE,A2,True,0,A2
1031.0,benign_ho,0.27729654529804976,0.3165071999569926,HEALTHY,benign,False,0,A2
1031.0,benign_sched,0.3995592570313532,0.2778320585023487,HEALTHY,benign,False,0,A2
1031.0,benign_kpm,0.3536027419907256,0.31474303086887034,HEALTHY,benign,False,0,A2
1031.0,mal_A2,0.6897520448232887,0.7328444141491212,QUARANTINE,A2,True,0,A2
1032.0,benign_ho,0.5204483334697895,0.357295426659552,HEALTHY,benign,False,0,A2
1032.0,benign_sched,0.43630662032664425,0.3095269708672078,HEALTHY,benign,False,0,A2
1032.0,benign_kpm,0.2760313123776774,0.3070006871706318,HEALTHY,benign,False,0,A2
1032.0,mal_A2,0.795300670332245,0.745335665385746,QUARANTINE,A2,True,0,A2
1033.0,benign_ho,0.4547875206857557,0.3767938454647928,HEALTHY,benign,False,0,A2
1033.0,benign_sched,0.22320795508521224,0.29226316771080874,HEALTHY,benign,False,0,A2
1033.0,benign_kpm,0.12848006110479715,0.2712965619574649,HEALTHY,benign,False,0,A2
1033.0,mal_A2,0.8227065095965503,0.7608098342279069,QUARANTINE,A2,True,0,A2
1034.0,benign_ho,0.40485913295619214,0.38240690296307267,HEALTHY,benign,False,0,A2
1034.0,benign_sched,0.3460539324760338,0.3030213206638538,HEALTHY,benign,False,0,A2
1034.0,benign_kpm,0.28915114625883837,0.2748674788177396,HEALTHY,benign,False,0,A2
1034.0,mal_A2,0.8747154348874759,0.7835909543598207,QUARANTINE,A2,True,0,A2
1035.0,benign_ho,0.4364594210408808,0.39321740657863435,HEALTHY,benign,False,0,A2
1035.0,benign_sched,0.31425748389600977,0.305268553310285,HEALTHY,benign,False,0,A2
1035.0,benign_kpm,0.15337172967576992,0.25056832898934567,HEALTHY,benign,False,0,A2
1035.0,mal_A2,0.7230491944160743,0.7714826023710715,QUARANTINE,A2,True,0,A2
1036.0,benign_ho,0.44319707190531044,0.4032133396439696,HEALTHY,benign,False,0,A2
1036.0,benign_sched,0.07396152627284189,0.2590071479027964,HEALTHY,benign,False,0,A2
1036.0,benign_kpm,0.39472858468968336,0.2794003801294132,HEALTHY,benign,False,0,A2
1036.0,mal_A2,0.8506010362173209,0.7873062891403214,QUARANTINE,A2,True,0,A2
1037.0,benign_ho,0.2823121735626424,0.3790331064277042,HEALTHY,benign,False,0,A2
1037.0,benign_sched,0.1717637888387332,0.24155847608998376,HEALTHY,benign,False,0,A2
1037.0,benign_kpm,0.306688297821722,0.28485796366787497,HEALTHY,benign,False,0,A2
1037.0,mal_A2,0.6922711285653209,0.7682992570253214,QUARANTINE,A2,True,0,A2
1038.0,benign_ho,0.4666818135054177,0.3965628478432469,HEALTHY,benign,False,0,A2
1038.0,benign_sched,0.05458244524184504,0.20416326992035602,HEALTHY,benign,False,0,A2
1038.0,benign_kpm,0.1963456329545583,0.2671554975252116,HEALTHY,benign,False,0,A2
1038.0,mal_A2,0.6675441426401773,0.7481482341482927,QUARANTINE,A2,True,0,A2
1039.0,benign_ho,0.26413839749450024,0.3700779577734976,HEALTHY,benign,False,0,A2
1039.0,benign_sched,0.13379474867172084,0.190089565670629,HEALTHY,benign,False,0,A2
1039.0,benign_kpm,0.3387877237926298,0.28148194277869526,HEALTHY,benign,False,0,A2
1039.0,mal_A2,0.8308814128722322,0.7646948698930807,QUARANTINE,A2,True,0,A2
1040.0,benign_ho,0.33617304159449124,0.3632969745376964,HEALTHY,benign,False,0,A2
1040.0,benign_sched,0.1255924974724849,0.17719015203100022,HEALTHY,benign,False,0,A2
1040.0,benign_kpm,0.14694751351135,0.2545750569252262,HEALTHY,benign,False,0,A2
1040.0,mal_A2,0.6847068087929062,0.7486972576730458,QUARANTINE,A2,True,0,A2
1041.0,benign_ho,0.19000749798761685,0.3286390792276805,HEALTHY,benign,False,0,A2
1041.0,benign_sched,0.07704195996749282,0.15716051361829875,HEALTHY,benign,False,0,A2
1041.0,benign_kpm,0.27592813189542775,0.25884567191926655,HEALTHY,benign,False,0,A2
1041.0,mal_A2,0.6395441471056504,0.7268666355595669,QUARANTINE,A2,True,0,A2
1042.0,benign_ho,0.3844795278034154,0.3398071689428275,HEALTHY,benign,False,0,A2
1042.0,benign_sched,0.4371226661585211,0.21315294412634322,HEALTHY,benign,False,0,A2
1042.0,benign_kpm,0.4988626076868231,0.3068490590727779,HEALTHY,benign,False,0,A2
1042.0,mal_A2,0.6833594435227055,0.7181651971521947,QUARANTINE,A2,True,0,A2
1043.0,benign_ho,0.3477481912020043,0.34139537339466286,HEALTHY,benign,False,0,A2
1043.0,benign_sched,0.2633806905485562,0.22319849341078585,HEALTHY,benign,False,0,A2
1043.0,benign_kpm,0.15450060497004872,0.2763793682522321,HEALTHY,benign,False,0,A2
1043.0,mal_A2,0.8628407733873803,0.7471003123992319,QUARANTINE,A2,True,0,A2
1044.0,benign_ho,0.3270905885749592,0.33853441643072213,HEALTHY,benign,False,0,A2
1044.0,benign_sched,0.38468299099258785,0.25549539292714624,HEALTHY,benign,False,0,A2
1044.0,benign_kpm,0.27450782433905485,0.27600505946959664,HEALTHY,benign,False,0,A2
1044.0,mal_A2,0.8270913791830576,0.763098525755997,QUARANTINE,A2,True,0,A2
1045.0,benign_ho,0.37926937190699667,0.34668140752597704,HEALTHY,benign,False,0,A2
1045.0,benign_sched,0.15591818277701905,0.23557995089712083,HEALTHY,benign,False,0,A2
1045.0,benign_kpm,0.5317256976022727,0.32714918709613183,HEALTHY,benign,False,0,A2
1045.0,mal_A2,0.6855297366660955,0.7475847679380168,QUARANTINE,A2,True,0,A2
1046.0,benign_ho,0.44324553378000864,0.3659942327767834,HEALTHY,benign,False,0,A2
1046.0,benign_sched,0.275299931493121,0.24352394701632085,HEALTHY,benign,False,0,A2
1046.0,benign_kpm,0.4212682655989159,0.34597300279668863,HEALTHY,benign,False,0,A2
1046.0,mal_A2,0.672684095244379,0.7326046333992893,QUARANTINE,A2,True,0,A2
1047.0,benign_ho,0.2889142030191902,0.35057822682526474,HEALTHY,benign,False,0,A2
1047.0,benign_sched,0.04235261350489582,0.20328968031403585,HEALTHY,benign,False,0,A2
1047.0,benign_kpm,0.1916779992277298,0.31511400208289686,HEALTHY,benign,False,0,A2
1047.0,mal_A2,0.8009895601298428,0.7462816187454,QUARANTINE,A2,True,0,A2
1048.0,benign_ho,0.4086526672256065,0.3621931149053331,HEALTHY,benign,False,0,A2
1048.0,benign_sched,0.1845837400017728,0.19954849225158328,HEALTHY,benign,False,0,A2
1048.0,benign_kpm,0.17524839315886168,0.2871408802980898,HEALTHY,benign,False,0,A2
1048.0,mal_A2,0.7133126361197746,0.739687822220275,QUARANTINE,A2,True,0,A2
1049.0,benign_ho,0.2702721224792686,0.34380891642012024,HEALTHY,benign,False,0,A2
1049.0,benign_sched,0.24964174841145986,0.20956714348355862,HEALTHY,benign,False,0,A2
1049.0,benign_kpm,0.3100376855191614,0.2917202413423041,HEALTHY,benign,False,0,A2
1049.0,mal_A2,0.7977765515060947,0.751305568077439,QUARANTINE,A2,True,0,A2
1050.0,benign_ho,0.24777227742752697,0.3246015886216016,HEALTHY,benign,False,0,A2
1050.0,benign_sched,0.18194320520405471,0.20404235582765784,HEALTHY,benign,False,0,A2
1050.0,benign_kpm,0.46537038249853163,0.3264502695735496,HEALTHY,benign,False,0,A2
1050.0,mal_A2,0.5541162897049344,0.7118677124029381,QUARANTINE,A2,True,0,A2
1051.0,benign_ho,0.5370322315928824,0.36708771721585776,HEALTHY,benign,False,0,A2
1051.0,benign_sched,0.2832339837518752,0.21988068141250133,HEALTHY,benign,False,0,A2
1051.0,benign_kpm,0.2852841198488052,0.3182170396286007,HEALTHY,benign,False,0,A2
1051.0,mal_A2,0.7187093726277965,0.7132360444479098,QUARANTINE,A2,True,0,A2
1052.0,benign_ho,0.2567562623146402,0.34502142623561427,HEALTHY,benign,False,0,A2
1052.0,benign_sched,0.7455053444006265,0.3250056140101264,HEALTHY,benign,False,0,A2
1052.0,benign_kpm,0.7970660325483496,0.4139868382125505,HEALTHY,benign,False,0,A2
1052.0,mal_A2,0.7844509029020962,0.7274790161387471,QUARANTINE,A2,True,0,A2
1053.0,benign_ho,0.3620249468492222,0.3484221303583359,HEALTHY,benign,False,0,A2
1053.0,benign_sched,0.2754853401859617,0.3151015592452935,HEALTHY,benign,False,0,A2
1053.0,benign_kpm,0.2751368717213833,0.3862168449143171,HEALTHY,benign,False,0,A2
1053.0,mal_A2,0.6937513807204488,0.7207334890550875,QUARANTINE,A2,True,0,A2
1054.0,benign_ho,0.2979052070177647,0.3383187456902217,HEALTHY,benign,False,0,A2
1054.0,benign_sched,0.3068124350197034,0.3134437344001755,HEALTHY,benign,False,0,A2
1054.0,benign_kpm,0.16237304497969596,0.3414480849273929,HEALTHY,benign,False,0,A2
1054.0,mal_A2,0.6656110899706003,0.70970900923819,QUARANTINE,A2,True,0,A2
1055.0,benign_ho,0.625905909227975,0.3958361783977723,HEALTHY,benign,False,0,A2
1055.0,benign_sched,0.34595837830098275,0.319946663180337,HEALTHY,benign,False,0,A2
1055.0,benign_kpm,0.49153622983412487,0.37146571390873934,HEALTHY,benign,False,0,A2
1055.0,mal_A2,0.8042862871075401,0.7286244648120601,QUARANTINE,A2,True,0,A2
1056.0,benign_ho,0.45561144922912516,0.4077912325640429,HEALTHY,benign,False,0,A2
1056.0,benign_sched,0.3115088484196397,0.3182591002281976,HEALTHY,benign,False,0,A2
1056.0,benign_kpm,0.291207344404333,0.3554140400078581,HEALTHY,benign,False,0,A2
1056.0,mal_A2,0.513770827921657,0.6856537374339795,THROTTLE,A2,True,0,A2
1057.0,benign_ho,0.39624560995246755,0.40548210804172785,HEALTHY,benign,False,0,A2
1057.0,benign_sched,0.27478474577825096,0.30956422933820826,HEALTHY,benign,False,0,A2
1057.0,benign_kpm,0.2546654097495257,0.3352643139561916,HEALTHY,benign,False,0,A2
1057.0,mal_A2,0.7361784112170285,0.6957586721905893,QUARANTINE,A2,True,0,A2
1058.0,benign_ho,0.4520732613685713,0.41480033870709654,HEALTHY,benign,False,0,A2
1058.0,benign_sched,0.18604068035646332,0.2848595195418593,HEALTHY,benign,False,0,A2
1058.0,benign_kpm,0.430919609161016,0.3543953729971565,HEALTHY,benign,False,0,A2
1058.0,mal_A2,0.6363310577110632,0.6838731492946841,THROTTLE,A2,True,0,A2
1059.0,benign_ho,0.2960832289260736,0.391056916750892,HEALTHY,benign,False,0,A2
1059.0,benign_sched,0.2986617624342465,0.28761996812033674,HEALTHY,benign,False,0,A2
1059.0,benign_kpm,0.24610417113297312,0.33273713262431986,HEALTHY,benign,False,0,A2
1059.0,mal_A2,0.6295239244866195,0.6730033043330712,THROTTLE,A2,True,0,A2
1060.0,benign_ho,0.4148086489141561,0.39580726318354487,HEALTHY,benign,False,0,A2
1060.0,benign_sched,0.1250534705317625,0.2551066686026219,HEALTHY,benign,False,0,A2
1060.0,benign_kpm,0.18239581653444234,0.3026688694063444,HEALTHY,benign,False,0,A2
1060.0,mal_A2,0.7118921970477068,0.6807810828759984,THROTTLE,A2,True,0,A2
1061.0,benign_ho,0.46171318596541144,0.4089884477399182,HEALTHY,benign,False,0,A2
1061.0,benign_sched,0.3038342524097933,0.2648521853640562,HEALTHY,benign,False,0,A2
1061.0,benign_kpm,0.18066329033909542,0.27826775359289463,HEALTHY,benign,False,0,A2
1061.0,mal_A2,0.7211593459938134,0.6888567354995614,QUARANTINE,A2,True,0,A2
1062.0,benign_ho,0.526006880182823,0.4323921342284992,HEALTHY,benign,False,0,A2
1062.0,benign_sched,0.4252034337386958,0.29692243503898413,HEALTHY,benign,False,0,A2
1062.0,benign_kpm,0.1699392299555234,0.2566020488654204,HEALTHY,benign,False,0,A2
1062.0,mal_A2,0.7489189459935105,0.7008691775983513,QUARANTINE,A2,True,0,A2
1063.0,benign_ho,0.2082624338059512,0.38756619414398963,HEALTHY,benign,False,0,A2
1063.0,benign_sched,0.27415168604059564,0.29236828523930647,HEALTHY,benign,False,0,A2
1063.0,benign_kpm,0.4491276601851248,0.2951071711293613,HEALTHY,benign,False,0,A2
1063.0,mal_A2,0.6549386687810683,0.6916830758348947,QUARANTINE,A2,True,0,A2
1064.0,benign_ho,0.5232555726022409,0.4147040698356399,HEALTHY,benign,False,0,A2
1064.0,benign_sched,0.3929439099859372,0.3124834101886326,HEALTHY,benign,False,0,A2
1064.0,benign_kpm,0.34441403632976564,0.3049685441694422,HEALTHY,benign,False,0,A2
1064.0,mal_A2,0.672954167937704,0.6879372942554567,QUARANTINE,A2,True,0,A2
1065.0,benign_ho,0.4738817077274992,0.4265395974140118,HEALTHY,benign,False,0,A2
1065.0,benign_sched,0.32864922249008527,0.31571657264892317,HEALTHY,benign,False,0,A2
1065.0,benign_kpm,0.400720457208137,0.3241189267771811,HEALTHY,benign,False,0,A2
1065.0,mal_A2,0.7646987015174124,0.7032895757078478,QUARANTINE,A2,True,0,A2
1066.0,benign_ho,0.30547607651760356,0.40232689323473014,HEALTHY,benign,False,0,A2
1066.0,benign_sched,0.2967547518332986,0.31192420848579827,HEALTHY,benign,False,0,A2
1066.0,benign_kpm,0.2988125245809274,0.31905764633793043,HEALTHY,benign,False,0,A2
1066.0,mal_A2,0.754044806326373,0.7134406218315529,QUARANTINE,A2,True,0,A2
1067.0,benign_ho,0.5273630883506342,0.42733413225791095,HEALTHY,benign,False,0,A2
1067.0,benign_sched,0.2760903480074542,0.3047574363901295,HEALTHY,benign,False,0,A2
1067.0,benign_kpm,0.14119908066918804,0.2834859332041819,HEALTHY,benign,False,0,A2
1067.0,mal_A2,0.6942266820227272,0.7095978338697878,QUARANTINE,A2,True,0,A2
1068.0,benign_ho,0.17061855144199053,0.3759910160947269,HEALTHY,benign,False,0,A2
1068.0,benign_sched,0.33911110157970803,0.3116281694280452,HEALTHY,benign,False,0,A2
1068.0,benign_kpm,0.5741894514372711,0.34162663685079975,HEALTHY,benign,False,0,A2
1068.0,mal_A2,0.5630444964381625,0.6802871663834628,THROTTLE,A2,True,0,A2
1069.0,benign_ho,0.5259164975582514,0.4059761123874318,HEALTHY,benign,False,0,A2
1069.0,benign_sched,0.3940237075556543,0.32810727705356707,HEALTHY,benign,False,0,A2
1069.0,benign_kpm,0.19666193610831045,0.3126336967023019,HEALTHY,benign,False,0,A2
1069.0,mal_A2,0.711640922190927,0.6865579175449557,THROTTLE,A2,True,0,A2
1070.0,benign_ho,0.633528148862138,0.4514865196823731,HEALTHY,benign,False,0,A2
1070.0,benign_sched,0.2004961908471172,0.3025850598122771,HEALTHY,benign,False,0,A2
1070.0,benign_kpm,0.5671793158445786,0.36354282053075726,HEALTHY,benign,False,0,A2
1070.0,mal_A2,0.7186816325289401,0.6929826605417526,QUARANTINE,A2,True,0,A2
1071.0,benign_ho,0.4282466581869212,0.4468385473832827,HEALTHY,benign,False,0,A2
1071.0,benign_sched,0.20365368596177352,0.2827987850421764,HEALTHY,benign,False,0,A2
1071.0,benign_kpm,0.3980109298095228,0.37043644238651036,HEALTHY,benign,False,0,A2
1071.0,mal_A2,0.7484943576068785,0.7040849999547778,QUARANTINE,A2,True,0,A2
1072.0,benign_ho,0.5316540885720793,0.4638016556210421,HEALTHY,benign,False,0,A2
1072.0,benign_sched,0.6173889823859566,0.3497168245109325,HEALTHY,benign,False,0,A2
1072.0,benign_kpm,0.31035912315550096,0.3584209785403085,HEALTHY,benign,False,0,A2
1072.0,mal_A2,0.6428056088758621,0.6918291217389947,QUARANTINE,A2,True,0,A2
1073.0,benign_ho,0.430640738544351,0.4571694722057039,HEALTHY,benign,False,0,A2
1073.0,benign_sched,0.2924147966126625,0.3382564189312785,HEALTHY,benign,False,0,A2
1073.0,benign_kpm,0.21348341818614636,0.32943346646947613,HEALTHY,benign,False,0,A2
1073.0,mal_A2,0.6256564872026555,0.6785945948317269,THROTTLE,A2,True,0,A2
1074.0,benign_ho,0.3842982881807614,0.44259523540071544,HEALTHY,benign,False,0,A2
1074.0,benign_sched,0.2826293310395238,0.3271310013529276,HEALTHY,benign,False,0,A2
1074.0,benign_kpm,0.4373444692762391,0.3510156670308287,HEALTHY,benign,False,0,A2
1074.0,mal_A2,0.6707409020283374,0.677023856271049,THROTTLE,A2,True,0,A2
1075.0,benign_ho,0.593207086484435,0.47271760561745935,HEALTHY,benign,False,0,A2
1075.0,benign_sched,0.5244446989848398,0.36659374087931007,HEALTHY,benign,False,0,A2
1075.0,benign_kpm,0.1348055612090812,0.3077736458664792,HEALTHY,benign,False,0,A2
1075.0,mal_A2,0.7721119886975945,0.6960414827563581,QUARANTINE,A2,True,0,A2
1076.0,benign_ho,0.4740057018896963,0.4729752248719068,HEALTHY,benign,False,0,A2
1076.0,benign_sched,0.6773558880234632,0.4287461703081408,HEALTHY,benign,False,0,A2
1076.0,benign_kpm,0.2196401215163814,0.29014694099645966,HEALTHY,benign,False,0,A2
1076.0,mal_A2,0.7160087092115445,0.7000349280473954,QUARANTINE,A2,True,0,A2
1077.0,benign_ho,0.31554457565724425,0.4414890950289743,HEALTHY,benign,False,0,A2
1077.0,benign_sched,0.18694742404647258,0.3803864210558071,HEALTHY,benign,False,0,A2
1077.0,benign_kpm,0.14921891539825385,0.26196133587681847,HEALTHY,benign,False,0,A2
1077.0,mal_A2,0.7035204051672246,0.7007320234713612,QUARANTINE,A2,True,0,A2
1078.0,benign_ho,0.45755280314706676,0.44470183665259283,HEALTHY,benign,False,0,A2
1078.0,benign_sched,0.2122462118531465,0.346758379215275,HEALTHY,benign,False,0,A2
1078.0,benign_kpm,0.3532875290242444,0.28022657450630367,HEALTHY,benign,False,0,A2
1078.0,mal_A2,0.8194065530956995,0.7244669293962289,QUARANTINE,A2,True,0,A2
1079.0,benign_ho,0.29665156572204143,0.4150917824664826,HEALTHY,benign,False,0,A2
1079.0,benign_sched,0.21328268533994993,0.32006324044021,HEALTHY,benign,False,0,A2
1079.0,benign_kpm,0.525367334710084,0.3292547265470598,HEALTHY,benign,False,0,A2
1079.0,mal_A2,0.6627882007263246,0.7121311836622481,QUARANTINE,A2,True,0,A2
1080.0,benign_ho,0.3033965885364347,0.3927527436804731,HEALTHY,benign,False,0,A2
1080.0,benign_sched,0.47809684107793926,0.3516699605677559,HEALTHY,benign,False,0,A2
1080.0,benign_kpm,0.2635623050443945,0.31611624224652674,HEALTHY,benign,False,0,A2
1080.0,mal_A2,0.6197716025500765,0.6936592674398139,QUARANTINE,A2,True,0,A2
1081.0,benign_ho,0.37372811139731554,0.38894781722384164,HEALTHY,benign,False,0,A2
1081.0,benign_sched,0.15135921128958343,0.3116078107121214,HEALTHY,benign,False,0,A2
1081.0,benign_kpm,0.24198493387400322,0.30128998057202205,HEALTHY,benign,False,0,A2
1081.0,mal_A2,0.5190133517957002,0.6587300843109911,THROTTLE,A2,True,0,A2
1082.0,benign_ho,0.362842855602881,0.38372682489964954,HEALTHY,benign,False,0,A2
1082.0,benign_sched,0.21622962185521033,0.2925321729407392,HEALTHY,benign,False,0,A2
1082.0,benign_kpm,0.40547803625181045,0.3221275917079797,HEALTHY,benign,False,0,A2
1082.0,mal_A2,0.6828703933476158,0.6635581461183161,THROTTLE,A2,True,0,A2
1083.0,benign_ho,0.4846543754917291,0.40391233501806545,HEALTHY,benign,False,0,A2
1083.0,benign_sched,0.6274395321017584,0.359513644772943,HEALTHY,benign,False,0,A2
1083.0,benign_kpm,0.2942370221364454,0.3165494777936729,HEALTHY,benign,False,0,A2
1083.0,mal_A2,0.810555682440054,0.6929576533826637,QUARANTINE,A2,True,0,A2
1084.0,benign_ho,0.42244194694384135,0.40761825740322066,HEALTHY,benign,False,0,A2
1084.0,benign_sched,0.1705803728337857,0.32172699038511154,HEALTHY,benign,False,0,A2
1084.0,benign_kpm,0.11309006849837715,0.27585759593461373,HEALTHY,benign,False,0,A2
1084.0,mal_A2,0.8030446870391315,0.7149750601139573,QUARANTINE,A2,True,0,A2
1085.0,benign_ho,0.354512105063655,0.3969970269353076,HEALTHY,benign,False,0,A2
1085.0,benign_sched,0.0733911365057786,0.27205981960924497,HEALTHY,benign,False,0,A2
1085.0,benign_kpm,0.5823086150818372,0.33714779976405845,HEALTHY,benign,False,0,A2
1085.0,mal_A2,0.875955923355979,0.7471712327623616,QUARANTINE,A2,True,0,A2
1086.0,benign_ho,0.41316847305884274,0.40023131616001467,HEALTHY,benign,False,0,A2
1086.0,benign_sched,0.1784929540682631,0.2533464465010486,HEALTHY,benign,False,0,A2
1086.0,benign_kpm,0.6630806207857904,0.40233436396840483,HEALTHY,benign,False,0,A2
1086.0,mal_A2,0.6610185272224821,0.7299406916543858,QUARANTINE,A2,True,0,A2
1087.0,benign_ho,0.3782165595449605,0.39582836483700384,HEALTHY,benign,False,0,A2
1087.0,benign_sched,0.20218527166607186,0.24311421153405327,HEALTHY,benign,False,0,A2
1087.0,benign_kpm,0.325600825400232,0.38698765625477033,HEALTHY,benign,False,0,A2
1087.0,mal_A2,0.5570858568076803,0.6953697246850448,QUARANTINE,A2,True,0,A2
1088.0,benign_ho,0.4167675714916507,0.40001620616793326,HEALTHY,benign,False,0,A2
1088.0,benign_sched,0.0900384418028185,0.21249905758780635,HEALTHY,benign,False,0,A2
1088.0,benign_kpm,0.2263802569981726,0.3548661764034508,HEALTHY,benign,False,0,A2
1088.0,mal_A2,0.6485864662583694,0.6860130729997097,THROTTLE,A2,True,0,A2
1089.0,benign_ho,0.28366257765795816,0.37674548046593825,HEALTHY,benign,False,0,A2
1089.0,benign_sched,0.10656473692198301,0.19131219345464168,HEALTHY,benign,False,0,A2
1089.0,benign_kpm,0.28309805255775017,0.3405125516343107,HEALTHY,benign,False,0,A2
1089.0,mal_A2,0.7728302598072672,0.7033765103612213,QUARANTINE,A2,True,0,A2
1090.0,benign_ho,0.4730305239968138,0.3960024891721134,HEALTHY,benign,False,0,A2
1090.0,benign_sched,0.23237469778364322,0.199524694320442,HEALTHY,benign,False,0,A2
1090.0,benign_kpm,0.3906899289543936,0.3505480270983273,HEALTHY,benign,False,0,A2
1090.0,mal_A2,0.7106551851972591,0.7048322453284289,QUARANTINE,A2,True,0,A2
1091.0,benign_ho,0.559068083602264,0.4286156080581435,HEALTHY,benign,False,0,A2
1091.0,benign_sched,0.24258999844322282,0.2081377551449982,HEALTHY,benign,False,0,A2
1091.0,benign_kpm,0.27944650290976264,0.33632772226061436,HEALTHY,benign,False,0,A2
1091.0,mal_A2,0.6232028843606982,0.6885063731348828,QUARANTINE,A2,True,0,A2
1092.0,benign_ho,0.5439527587084004,0.4516830381881949,HEALTHY,benign,False,0,A2
1092.0,benign_sched,0.15704752514228665,0.1979197091444559,HEALTHY,benign,False,0,A2
1092.0,benign_kpm,0.3841631767416082,0.34589481315681314,HEALTHY,benign,False,0,A2
1092.0,mal_A2,0.6678936755842553,0.6843838336247573,THROTTLE,A2,True,0,A2
1093.0,benign_ho,0.42658300423783846,0.44666303139812363,HEALTHY,benign,False,0,A2
1093.0,benign_sched,0.3270308383545993,0.2237419349864846,HEALTHY,benign,False,0,A2
1093.0,benign_kpm,0.1584701685244511,0.3084098842303407,HEALTHY,benign,False,0,A2
1093.0,mal_A2,0.7331557807551342,0.6941382230508327,QUARANTINE,A2,True,0,A2
1094.0,benign_ho,0.30738576937052764,0.41880757899260446,HEALTHY,benign,False,0,A2
1094.0,benign_sched,0.17230802646696958,0.2134551532825816,HEALTHY,benign,False,0,A2
1094.0,benign_kpm,0.2713122469968033,0.30099035678363323,HEALTHY,benign,False,0,A2
1094.0,mal_A2,0.6783579363971716,0.6909821657201005,QUARANTINE,A2,True,0,A2
1095.0,benign_ho,0.4209860241727731,0.4192432680286382,HEALTHY,benign,False,0,A2
1095.0,benign_sched,0.054072652270306006,0.1815786530801265,HEALTHY,benign,False,0,A2
1095.0,benign_kpm,0.29458274239780274,0.29970883390646713,HEALTHY,benign,False,0,A2
1095.0,mal_A2,0.6362511082411664,0.6800359542243137,THROTTLE,A2,True,0,A2
1096.0,benign_ho,0.26956912754647383,0.3893084399322053,HEALTHY,benign,False,0,A2
1096.0,benign_sched,0.3311365255733348,0.21149022757876815,HEALTHY,benign,False,0,A2
1096.0,benign_kpm,0.3326324987043748,0.3062935668660487,HEALTHY,benign,False,0,A2
1096.0,mal_A2,0.702242531306578,0.6844772696407666,THROTTLE,A2,True,0,A2
1097.0,benign_ho,0.5820087575125948,0.42784850344828323,HEALTHY,benign,False,0,A2
1097.0,benign_sched,0.33537776271568237,0.23626773460615103,HEALTHY,benign,False,0,A2
1097.0,benign_kpm,0.6478664486951999,0.37460814323187897,HEALTHY,benign,False,0,A2
1097.0,mal_A2,0.6525888748713896,0.6780995906868913,THROTTLE,A2,True,0,A2
1098.0,benign_ho,0.6822713947049185,0.47873308169961026,HEALTHY,benign,False,0,A2
1098.0,benign_sched,0.22439816739254015,0.23389382116342888,HEALTHY,benign,False,0,A2
1098.0,benign_kpm,0.3816206018499476,0.3760106349554927,HEALTHY,benign,False,0,A2
1098.0,mal_A2,0.7374699347182857,0.6899736594931701,QUARANTINE,A2,True,0,A2
1099.0,benign_ho,0.5604197629069584,0.4950704179410799,WATCH,benign,False,0,A2
1099.0,benign_sched,0.05227173221265592,0.1975694033732743,HEALTHY,benign,False,0,A2
1099.0,benign_kpm,0.1773124097918911,0.3362709899227724,HEALTHY,benign,False,0,A2
1099.0,mal_A2,0.7643571386748387,0.7048503553295039,QUARANTINE,A2,True,0,A2
1100.0,benign_ho,0.6353449220864124,0.5231253187701465,WATCH,benign,False,0,A2
1100.0,benign_sched,0.15714782522882223,0.18948508774438388,HEALTHY,benign,False,0,A2
1100.0,benign_kpm,0.24325873494467112,0.31766853892715213,HEALTHY,benign,False,0,A2
1100.0,mal_A2,0.7417875229954544,0.7122377888626941,QUARANTINE,A2,True,0,A2
1101.0,benign_ho,0.3402167597174314,0.4865436069596035,WATCH,benign,False,0,A2
1101.0,benign_sched,0.4733574968552198,0.2462595695665511,HEALTHY,benign,False,0,A2
1101.0,benign_kpm,0.16720450505662973,0.28757573215304766,HEALTHY,benign,False,0,A2
1101.0,mal_A2,0.7526994772038117,0.7203301265309177,QUARANTINE,A2,True,0,A2
1102.0,benign_ho,0.2798629223256756,0.44520747003281796,HEALTHY,benign,False,0,A2
1102.0,benign_sched,0.14445823780410022,0.22589930321406093,HEALTHY,benign,False,0,A2
1102.0,benign_kpm,0.4016234450164452,0.3103852747257272,HEALTHY,benign,False,0,A2
1102.0,mal_A2,0.7620817395286831,0.7286804491304708,QUARANTINE,A2,True,0,A2
1103.0,benign_ho,0.4031529846853677,0.4367965729633279,HEALTHY,benign,False,0,A2
1103.0,benign_sched,0.33106343141885397,0.24693212885501953,HEALTHY,benign,False,0,A2
1103.0,benign_kpm,0.17720440795770448,0.28374910137212267,HEALTHY,benign,False,0,A2
1103.0,mal_A2,0.6821252170670078,0.7193694027177783,QUARANTINE,A2,True,0,A2
1104.0,benign_ho,0.33391786297495685,0.41622083096565377,HEALTHY,benign,False,0,A2
1104.0,benign_sched,0.396952135844905,0.2769361302529967,HEALTHY,benign,False,0,A2
1104.0,benign_kpm,0.10877462155752349,0.24875420540920284,HEALTHY,benign,False,0,A2
1104.0,mal_A2,0.5854260980249434,0.6925807417792114,QUARANTINE,A2,True,0,A2
1105.0,benign_ho,0.9150093534485271,0.5159785354622284,WATCH,benign,False,0,A2
1105.0,benign_sched,0.16555991594293,0.25466088739098336,HEALTHY,benign,False,0,A2
1105.0,benign_kpm,0.5527231834884473,0.30954800102505176,HEALTHY,benign,False,0,A2
1105.0,mal_A2,0.6972011375519469,0.6935048209337585,QUARANTINE,A2,True,0,A2
1106.0,benign_ho,0.40622284317248847,0.49402739700428044,WATCH,benign,False,0,A2
1106.0,benign_sched,0.14889746755364255,0.2335082034235152,HEALTHY,benign,False,0,A2
1106.0,benign_kpm,0.15401016539147808,0.278440433898337,HEALTHY,benign,False,0,A2
1106.0,mal_A2,0.631320698462485,0.6810679964395039,THROTTLE,A2,True,0,A2
1107.0,benign_ho,0.4341002723404725,0.4820419720715189,WATCH,benign,False,0,A2
1107.0,benign_sched,0.25217781377402393,0.23724212549361695,HEALTHY,benign,False,0,A2
1107.0,benign_kpm,0.21708202700166693,0.266168752519003,HEALTHY,benign,False,0,A2
1107.0,mal_A2,0.608838179636337,0.6666220330788706,THROTTLE,A2,True,0,A2
1108.0,benign_ho,0.28949091818005207,0.4435317612932255,HEALTHY,benign,False,0,A2
1108.0,benign_sched,0.21076844312266238,0.23194738901942605,HEALTHY,benign,False,0,A2
1108.0,benign_kpm,0.35554331436051195,0.2840436648873048,HEALTHY,benign,False,0,A2
1108.0,mal_A2,0.7592870675497315,0.6851550399730428,THROTTLE,A2,True,0,A2
1109.0,benign_ho,0.45510854186106736,0.4458471174067939,HEALTHY,benign,False,0,A2
1109.0,benign_sched,0.092783271597074,0.20411456553495566,HEALTHY,benign,False,0,A2
1109.0,benign_kpm,0.16288419501306162,0.2598117709124562,HEALTHY,benign,False,0,A2
1109.0,mal_A2,0.7059523460767226,0.6893145011937788,QUARANTINE,A2,True,0,A2
1110.0,benign_ho,0.4589765027776265,0.44847299448096045,HEALTHY,benign,False,0,A2
1110.0,benign_sched,0.5938692761471697,0.28206550765739846,HEALTHY,benign,False,0,A2
1110.0,benign_kpm,0.1411660741065352,0.23608263155127202,HEALTHY,benign,False,0,A2
1110.0,mal_A2,0.7661490085513724,0.7046814026652976,QUARANTINE,A2,True,0,A2
1111.0,benign_ho,0.5269318479644151,0.4641647651776514,HEALTHY,benign,False,0,A2
1111.0,benign_sched,0.36281050692781114,0.298214507511481,HEALTHY,benign,False,0,A2
1111.0,benign_kpm,0.24360924538110595,0.23758795431723884,HEALTHY,benign,False,0,A2
1111.0,mal_A2,0.7225436317008133,0.7082538484724007,QUARANTINE,A2,True,0,A2
1112.0,benign_ho,0.42115712661019006,0.45556323746415917,HEALTHY,benign,False,0,A2
1112.0,benign_sched,0.04646428518751149,0.2478644630466871,HEALTHY,benign,False,0,A2
1112.0,benign_kpm,0.40037218345015313,0.2701448001438217,HEALTHY,benign,False,0,A2
1112.0,mal_A2,0.6934606548474804,0.7052952097474167,QUARANTINE,A2,True,0,A2
1113.0,benign_ho,0.270641244721213,0.41857883891556996,HEALTHY,benign,False,0,A2
1113.0,benign_sched,0.14537518136625951,0.2273666067106016,HEALTHY,benign,False,0,A2
1113.0,benign_kpm,0.32111111095170053,0.2803380623053975,HEALTHY,benign,False,0,A2
1113.0,mal_A2,0.9335381748071255,0.7509438027593585,QUARANTINE,A2,True,0,A2
1114.0,benign_ho,0.2519436516989227,0.38525180147224053,HEALTHY,benign,False,0,A2
1114.0,benign_sched,0.24636673579408003,0.2311666325272973,HEALTHY,benign,False,0,A2
1114.0,benign_kpm,0.1516113835440584,0.25459272655312964,HEALTHY,benign,False,0,A2
1114.0,mal_A2,0.7550873063000607,0.7517725034674989,QUARANTINE,A2,True,0,A2
1115.0,benign_ho,0.32723798482312644,0.3736490381424178,HEALTHY,benign,False,0,A2
1115.0,benign_sched,0.16213011377351141,0.21735932877654013,HEALTHY,benign,False,0,A2
1115.0,benign_kpm,0.23558225118571854,0.2507906314796474,HEALTHY,benign,False,0,A2
1115.0,mal_A2,0.6898074714470674,0.7393794970634127,QUARANTINE,A2,True,0,A2
1116.0,benign_ho,0.5501448588008411,0.4089482022741025,HEALTHY,benign,False,0,A2
1116.0,benign_sched,0.28037100910003776,0.22996166484123967,HEALTHY,benign,False,0,A2
1116.0,benign_kpm,0.6260776532634806,0.3258480358364141,HEALTHY,benign,False,0,A2
1116.0,mal_A2,0.7054521976744083,0.7325940371856118,QUARANTINE,A2,True,0,A2
1117.0,benign_ho,0.46574230971108616,0.4203070237614993,HEALTHY,benign,False,0,A2
1117.0,benign_sched,0.10062893090990495,0.20409511805497274,HEALTHY,benign,False,0,A2
1117.0,benign_kpm,0.33446002379501105,0.32757043342813347,HEALTHY,benign,False,0,A2
1117.0,mal_A2,0.600134593678855,0.7061021484842605,QUARANTINE,A2,True,0,A2
1118.0,benign_ho,0.4154139604388444,0.41932841109696833,HEALTHY,benign,False,0,A2
1118.0,benign_sched,0.28516474749113657,0.22030904394220552,HEALTHY,benign,False,0,A2
1118.0,benign_kpm,0.1868303350513785,0.29942241375278245,HEALTHY,benign,False,0,A2
1118.0,mal_A2,0.6993954218800751,0.7047608031634234,QUARANTINE,A2,True,0,A2
1119.0,benign_ho,0.48902557585410994,0.4332678440483967,HEALTHY,benign,False,0,A2
1119.0,benign_sched,0.3991488499468984,0.25607700514314413,HEALTHY,benign,False,0,A2
1119.0,benign_kpm,0.15571843699556753,0.2706816184013395,HEALTHY,benign,False,0,A2
1119.0,mal_A2,0.6470090250120928,0.6932104475331573,QUARANTINE,A2,True,0,A2
1120.0,benign_ho,0.24185430005037994,0.39498513524879336,HEALTHY,benign,False,0,A2
1120.0,benign_sched,0.28138489761234536,0.2611385836369844,HEALTHY,benign,False,0,A2
1120.0,benign_kpm,0.2750063691514762,0.27154656855136683,HEALTHY,benign,False,0,A2
1120.0,mal_A2,0.6613361632842863,0.6868355906833831,THROTTLE,A2,True,0,A2
1121.0,benign_ho,0.35385851812624347,0.38675981182428343,HEALTHY,benign,False,0,A2
1121.0,benign_sched,0.24183659116954803,0.2572781851434971,HEALTHY,benign,False,0,A2
1121.0,benign_kpm,0.41862823755654455,0.30096290235240236,HEALTHY,benign,False,0,A2
1121.0,mal_A2,0.7502180668275092,0.6995120859122084,QUARANTINE,A2,True,0,A2
1122.0,benign_ho,0.500198338564929,0.40944751717241257,HEALTHY,benign,False,0,A2
1122.0,benign_sched,0.22730695283482077,0.25128393868176185,HEALTHY,benign,False,0,A2
1122.0,benign_kpm,0.3064057456360542,0.30205147100913277,HEALTHY,benign,False,0,A2
1122.0,mal_A2,0.6276182451892169,0.6851333177676101,THROTTLE,A2,True,0,A2
1123.0,benign_ho,0.394400355392911,0.4064380848165123,HEALTHY,benign,False,0,A2
1123.0,benign_sched,0.28787969926859447,0.25860309079912835,HEALTHY,benign,False,0,A2
1123.0,benign_kpm,0.5334499104652162,0.3483311589003495,HEALTHY,benign,False,0,A2
1123.0,mal_A2,0.6540739187646842,0.678921437967025,THROTTLE,A2,True,0,A2
1124.0,benign_ho,0.3024919351966312,0.3856488548925361,HEALTHY,benign,False,0,A2
1124.0,benign_sched,0.3009101589573075,0.26706450443076424,HEALTHY,benign,False,0,A2
1124.0,benign_kpm,0.38045134811956843,0.3547551967441933,HEALTHY,benign,False,0,A2
1124.0,mal_A2,0.8967414922587644,0.7224854488253729,QUARANTINE,A2,True,0,A2
1125.0,benign_ho,0.36404393897697684,0.3813278717094243,HEALTHY,benign,False,0,A2
1125.0,benign_sched,0.044037531169174936,0.2224591097784464,HEALTHY,benign,False,0,A2
1125.0,benign_kpm,0.1734825197661623,0.3185006613485871,HEALTHY,benign,False,0,A2
1125.0,mal_A2,0.8050442947359169,0.7389972180074817,QUARANTINE,A2,True,0,A2
1126.0,benign_ho,0.4638144402841901,0.39782518542437745,HEALTHY,benign,False,0,A2
1126.0,benign_sched,0.303742980216893,0.23871588386613574,HEALTHY,benign,False,0,A2
1126.0,benign_kpm,0.45289116099476656,0.345378761277823,HEALTHY,benign,False,0,A2
1126.0,mal_A2,0.7575769431935903,0.7427131630447035,QUARANTINE,A2,True,0,A2
1127.0,benign_ho,0.3474964574885919,0.3877594398372204,HEALTHY,benign,False,0,A2
1127.0,benign_sched,0.0035625279684296726,0.19168521268659452,HEALTHY,benign,False,0,A2
1127.0,benign_kpm,0.2914270857798659,0.3345884261782316,HEALTHY,benign,False,0,A2
1127.0,mal_A2,0.7872739849684708,0.751625327429457,QUARANTINE,A2,True,0,A2
1128.0,benign_ho,1.0,0.5102075518697764,WATCH,benign,False,0,A2
1128.0,benign_sched,0.17928443016895912,0.18920505618306746,HEALTHY,benign,False,0,A2
1128.0,benign_kpm,0.20155529503856484,0.3079817999502983,HEALTHY,benign,False,0,A2
1128.0,mal_A2,0.7024136868548343,0.7417829993145325,QUARANTINE,A2,True,0,A2
1129.0,benign_ho,0.4051252435532802,0.4891910902064772,WATCH,benign,False,0,A2
1129.0,benign_sched,0.33313710969493027,0.21799146688544002,HEALTHY,benign,False,0,A2
1129.0,benign_kpm,0.12937447427905768,0.27226033481605016,HEALTHY,benign,False,0,A2
1129.0,mal_A2,0.6895822122827765,0.7313428419081813,QUARANTINE,A2,True,0,A2
1130.0,benign_ho,0.25721575413818437,0.44279602299281867,HEALTHY,benign,False,0,A2
1130.0,benign_sched,0.1331380518132989,0.20102078387101183,HEALTHY,benign,False,0,A2
1130.0,benign_kpm,0.8603844124710626,0.3898851503470526,HEALTHY,benign,False,0,A2
1130.0,mal_A2,0.6393761587387599,0.712949505274297,QUARANTINE,A2,True,0,A2
1131.0,benign_ho,0.21220515425915804,0.39667784924608657,HEALTHY,benign,False,0,A2
1131.0,benign_sched,0.23036965112742813,0.2068905573222951,HEALTHY,benign,False,0,A2
1131.0,benign_kpm,0.2379576421978543,0.359499648717213,HEALTHY,benign,False,0,A2
1131.0,mal_A2,0.5835786393600024,0.6870753320914381,THROTTLE,A2,True,0,A2
1132.0,benign_ho,0.5499390423819629,0.4273300878732619,HEALTHY,benign,False,0,A2
1132.0,benign_sched,0.23925948851169596,0.21336434356017528,HEALTHY,benign,False,0,A2
1132.0,benign_kpm,0.2281597666240164,0.3332316722985737,HEALTHY,benign,False,0,A2
1132.0,mal_A2,0.6880421545290305,0.6872686965789566,THROTTLE,A2,True,0,A2
1133.0,benign_ho,0.5445825523815484,0.4507805807749192,HEALTHY,benign,False,0,A2
1133.0,benign_sched,0.35454898303670146,0.24160127145548055,HEALTHY,benign,False,0,A2
1133.0,benign_kpm,0.3093263926779436,0.32845061637444767,HEALTHY,benign,False,0,A2
1133.0,mal_A2,0.7610224671890408,0.7020194507009735,QUARANTINE,A2,True,0,A2
1134.0,benign_ho,0.29627847238262983,0.41988015909646137,HEALTHY,benign,False,0,A2
1134.0,benign_sched,0.20875403956220362,0.23503182507682518,HEALTHY,benign,False,0,A2
1134.0,benign_kpm,0.20663107193952054,0.30408670748746225,HEALTHY,benign,False,0,A2
1134.0,mal_A2,0.7182721328459838,0.7052699871299756,QUARANTINE,A2,True,0,A2
1135.0,benign_ho,0.4649522728673366,0.42889458185063645,HEALTHY,benign,False,0,A2
1135.0,benign_sched,0.2588399885104342,0.239793457763547,HEALTHY,benign,False,0,A2
1135.0,benign_kpm,0.4099456845967692,0.3252585029093237,HEALTHY,benign,False,0,A2
1135.0,mal_A2,0.6639108968170939,0.6969981690673992,QUARANTINE,A2,True,0,A2
1136.0,benign_ho,0.40626065704787456,0.42436779689008414,HEALTHY,benign,False,0,A2
1136.0,benign_sched,0.28567599234343355,0.2489699646795243,HEALTHY,benign,False,0,A2
1136.0,benign_kpm,0.28009565942577286,0.3162259342126135,HEALTHY,benign,False,0,A2
1136.0,mal_A2,0.7583666337475425,0.7092718620034278,QUARANTINE,A2,True,0,A2
1137.0,benign_ho,0.16837546546383508,0.3731693306048343,HEALTHY,benign,False,0,A2
1137.0,benign_sched,0.11936339385567357,0.22304865051475417,HEALTHY,benign,False,0,A2
1137.0,benign_kpm,0.17600191541683785,0.28818113045345845,HEALTHY,benign,False,0,A2
1137.0,mal_A2,0.6457422433371376,0.6965659382701699,QUARANTINE,A2,True,0,A2
1138.0,benign_ho,0.37491893826272354,0.3735192521364122,HEALTHY,benign,False,0,A2
1138.0,benign_sched,0.09992953672861396,0.19842482775752612,HEALTHY,benign,False,0,A2
1138.0,benign_kpm,0.3217751765235278,0.2948999396674723,HEALTHY,benign,False,0,A2
1138.0,mal_A2,0.7652233757274379,0.7102974257616235,QUARANTINE,A2,True,0,A2
1139.0,benign_ho,0.2786176068935266,0.3545389230878351,HEALTHY,benign,False,0,A2
1139.0,benign_sched,0.31670059114581656,0.22207998043518423,HEALTHY,benign,False,0,A2
1139.0,benign_kpm,0.25244667773890783,0.2864092872817594,HEALTHY,benign,False,0,A2
1139.0,mal_A2,0.6898066861477747,0.7061992778388537,QUARANTINE,A2,True,0,A2
1140.0,benign_ho,0.1884230822374365,0.3213157549177553,HEALTHY,benign,False,0,A2
1140.0,benign_sched,0.20473027476017308,0.21861003930018202,HEALTHY,benign,False,0,A2
1140.0,benign_kpm,0.47878478137926617,0.3248843861012608,HEALTHY,benign,False,0,A2
1140.0,mal_A2,0.6896970086366541,0.7028988239984137,QUARANTINE,A2,True,0,A2
1141.0,benign_ho,0.6509485874940862,0.3872423214330215,HEALTHY,benign,False,0,A2
1141.0,benign_sched,0.21323667932233734,0.21753536730461312,HEALTHY,benign,False,0,A2
1141.0,benign_kpm,0.6338904162474797,0.3866855921305046,HEALTHY,benign,False,0,A2
1141.0,mal_A2,1.0,0.762319059198731,QUARANTINE,A2,True,0,A2
1142.0,benign_ho,0.4394892445812021,0.39769170606265764,HEALTHY,benign,False,0,A2
1142.0,benign_sched,0.15262261723562126,0.20455281729081476,HEALTHY,benign,False,0,A2
1142.0,benign_kpm,0.4299369971636269,0.39533587313712903,HEALTHY,benign,False,0,A2
1142.0,mal_A2,0.8330211061532953,0.776459468589644,QUARANTINE,A2,True,0,A2
1143.0,benign_ho,0.365811891580206,0.39131574316616735,HEALTHY,benign,False,0,A2
1143.0,benign_sched,0.2116610034601744,0.2059744545246867,HEALTHY,benign,False,0,A2
1143.0,benign_kpm,0.29892224478199275,0.3760531474661018,HEALTHY,benign,False,0,A2
1143.0,mal_A2,0.6576467844413701,0.7526969317599893,QUARANTINE,A2,True,0,A2
1144.0,benign_ho,0.4164654585437927,0.3963456862416924,HEALTHY,benign,False,0,A2
1144.0,benign_sched,0.36073472352299407,0.2369265083243482,HEALTHY,benign,False,0,A2
1144.0,benign_kpm,0.2561344937948018,0.35206941673184183,HEALTHY,benign,False,0,A2
1144.0,mal_A2,0.6605665880997172,0.734270863027935,QUARANTINE,A2,True,0,A2
1145.0,benign_ho,0.32776229155542663,0.3826290073044393,HEALTHY,benign,False,0,A2
1145.0,benign_sched,0.17431179910059558,0.2244035664795977,HEALTHY,benign,False,0,A2
1145.0,benign_kpm,0.2889490634340301,0.3394453460722795,HEALTHY,benign,False,0,A2
1145.0,mal_A2,0.6593134302318302,0.7192793764687141,QUARANTINE,A2,True,0,A2
1146.0,benign_ho,0.5358480598217548,0.41327281780790237,HEALTHY,benign,False,0,A2
1146.0,benign_sched,0.27787197428500926,0.23509724804068002,HEALTHY,benign,False,0,A2
1146.0,benign_kpm,0.6191361682070415,0.3953835104992319,HEALTHY,benign,False,0,A2
1146.0,mal_A2,0.6931406812737515,0.7140516374297217,QUARANTINE,A2,True,0,A2
1147.0,benign_ho,0.47460603565013476,0.42553946137634885,HEALTHY,benign,False,0,A2
1147.0,benign_sched,0.16007763997433852,0.22009332642741172,HEALTHY,benign,False,0,A2
1147.0,benign_kpm,0.19362898961751446,0.35503260632288847,HEALTHY,benign,False,0,A2
1147.0,mal_A2,0.6448981430081256,0.7002209385454025,QUARANTINE,A2,True,0,A2
1148.0,benign_ho,0.5034366856199125,0.44111890622506156,HEALTHY,benign,False,0,A2
1148.0,benign_sched,0.3037449287927473,0.23682364690047883,HEALTHY,benign,False,0,A2
1148.0,benign_kpm,0.5463025228208315,0.3932865896224771,HEALTHY,benign,False,0,A2
1148.0,mal_A2,0.8876214137624274,0.7377010335888075,QUARANTINE,A2,True,0,A2
1149.0,benign_ho,0.4380857047405959,0.44051226592816844,HEALTHY,benign,False,0,A2
1149.0,benign_sched,0.1476634077942551,0.2189915990792341,HEALTHY,benign,False,0,A2
1149.0,benign_kpm,0.3047743452509564,0.37558414074817303,HEALTHY,benign,False,0,A2
1149.0,mal_A2,0.7501230628792315,0.7401854394468923,QUARANTINE,A2,True,0,A2
1150.0,benign_ho,0.219537467886419,0.3963173063198186,HEALTHY,benign,False,0,A2
1150.0,benign_sched,0.34172786351608075,0.24353885196660346,HEALTHY,benign,False,0,A2
1150.0,benign_kpm,0.16858023644725983,0.3341833598879904,HEALTHY,benign,False,0,A2
1150.0,mal_A2,0.6203788449268202,0.7162241205428779,QUARANTINE,A2,True,0,A2
1151.0,benign_ho,0.4025049994360652,0.3975548449430679,HEALTHY,benign,False,0,A2
1151.0,benign_sched,0.11396508021101294,0.21762409761548535,HEALTHY,benign,False,0,A2
1151.0,benign_kpm,0.39310444814492307,0.34596757753937696,HEALTHY,benign,False,0,A2
1151.0,mal_A2,0.7336335738041697,0.7197060111951363,QUARANTINE,A2,True,0,A2
1152.0,benign_ho,0.4356071324258738,0.4051653024396291,HEALTHY,benign,False,0,A2
1152.0,benign_sched,0.15124080797618716,0.20434743968762573,HEALTHY,benign,False,0,A2
1152.0,benign_kpm,0.6130250601028258,0.39937907405206674,HEALTHY,benign,False,0,A2
1152.0,mal_A2,0.9317624336892522,0.7621172956939595,QUARANTINE,A2,True,0,A2
1153.0,benign_ho,0.5478617470776584,0.433704591367235,HEALTHY,benign,False,0,A2
1153.0,benign_sched,0.05776014065123625,0.17502997988034785,HEALTHY,benign,False,0,A2
1153.0,benign_kpm,0.5255986474413893,0.42462298872993126,HEALTHY,benign,False,0,A2
1153.0,mal_A2,0.9564062095336343,0.8009750784618945,QUARANTINE,A2,True,0,A2
1154.0,benign_ho,0.18209086708082944,0.3833818465099539,HEALTHY,benign,False,0,A2
1154.0,benign_sched,0.5326438357399016,0.2465527510522586,HEALTHY,benign,False,0,A2
1154.0,benign_kpm,0.3873537549963796,0.41716914198322097,HEALTHY,benign,False,0,A2
1154.0,mal_A2,0.5816663982587101,0.7571133424212577,QUARANTINE,A2,True,0,A2
1155.0,benign_ho,0.43209811964254635,0.3931251011364724,HEALTHY,benign,False,0,A2
1155.0,benign_sched,0.17849589238623373,0.23294137931905362,HEALTHY,benign,False,0,A2
1155.0,benign_kpm,0.16822872508900816,0.3673810586043785,HEALTHY,benign,False,0,A2
1155.0,mal_A2,0.6229161010479968,0.7302738941466056,QUARANTINE,A2,True,0,A2
1156.0,benign_ho,0.3003666218550308,0.3745734052801841,HEALTHY,benign,False,0,A2
1156.0,benign_sched,0.1780247196259505,0.221958047380433,HEALTHY,benign,False,0,A2
1156.0,benign_kpm,0.304657232705178,0.3548362934245384,HEALTHY,benign,False,0,A2
1156.0,mal_A2,0.5995826665776228,0.7041356486328091,QUARANTINE,A2,True,0,A2
1157.0,benign_ho,0.4838987591076498,0.3964384760456773,HEALTHY,benign,False,0,A2
1157.0,benign_sched,0.32208777608806705,0.24198399312195984,HEALTHY,benign,False,0,A2
1157.0,benign_kpm,0.1489256568967978,0.3136541661189903,HEALTHY,benign,False,0,A2
1157.0,mal_A2,0.6619451460226917,0.6956975481107857,QUARANTINE,A2,True,0,A2
1158.0,benign_ho,0.44757551786468436,0.4066658844094787,HEALTHY,benign,False,0,A2
1158.0,benign_sched,0.32218550678049307,0.2580242958536665,HEALTHY,benign,False,0,A2
1158.0,benign_kpm,0.3912327371272417,0.3291698803206406,HEALTHY,benign,False,0,A2
1158.0,mal_A2,0.6100127001144972,0.678560578511528,THROTTLE,A2,True,0,A2
1159.0,benign_ho,0.3998039628060469,0.4052935000887924,HEALTHY,benign,False,0,A2
1159.0,benign_sched,0.22862380543500338,0.25214419776993385,HEALTHY,benign,False,0,A2
1159.0,benign_kpm,0.2249709328130838,0.30833009081912927,HEALTHY,benign,False,0,A2
1159.0,mal_A2,0.5462791862330509,0.6521043000558326,THROTTLE,A2,True,0,A2
1160.0,benign_ho,0.21683804357044778,0.3676024087851235,HEALTHY,benign,False,0,A2
1160.0,benign_sched,0.09915446702023756,0.2215462516199946,HEALTHY,benign,False,0,A2
1160.0,benign_kpm,0.18228248837497338,0.28312057033029814,HEALTHY,benign,False,0,A2
1160.0,mal_A2,0.6232200889852261,0.6463274578417114,THROTTLE,A2,True,0,A2
1161.0,benign_ho,0.4231171462810532,0.37870535628430946,HEALTHY,benign,False,0,A2
1161.0,benign_sched,0.2533735801913025,0.22791171733425622,HEALTHY,benign,False,0,A2
1161.0,benign_kpm,0.3129569412567125,0.289087844515581,HEALTHY,benign,False,0,A2
1161.0,mal_A2,0.6730558084812122,0.6516731279696116,THROTTLE,A2,True,0,A2
1162.0,benign_ho,0.3373132084937055,0.3704269267261887,HEALTHY,benign,False,0,A2
1162.0,benign_sched,0.17261347870203483,0.21685206960781198,HEALTHY,benign,False,0,A2
1162.0,benign_kpm,0.26162659491652485,0.2835955945957698,HEALTHY,benign,False,0,A2
1162.0,mal_A2,0.95897623125477,0.7131337486266434,QUARANTINE,A2,True,0,A2
1163.0,benign_ho,0.5223636615873873,0.4008142736984285,HEALTHY,benign,False,0,A2
1163.0,benign_sched,0.3682232889606385,0.2471263134783773,HEALTHY,benign,False,0,A2
1163.0,benign_kpm,0.25301685752263725,0.27747984718114327,HEALTHY,benign,False,0,A2
1163.0,mal_A2,0.6285246889308207,0.6962119366874788,QUARANTINE,A2,True,0,A2
1164.0,benign_ho,0.2816074667564896,0.37697291231004076,HEALTHY,benign,False,0,A2
1164.0,benign_sched,0.2787388007585437,0.2534488109344106,HEALTHY,benign,False,0,A2
1164.0,benign_kpm,0.3325417987584417,0.28849223749660297,HEALTHY,benign,False,0,A2
1164.0,mal_A2,0.6737757889763193,0.691724707145247,QUARANTINE,A2,True,0,A2
1165.0,benign_ho,0.42832742747610153,0.3872438153432529,HEALTHY,benign,False,0,A2
1165.0,benign_sched,0.2550445467497896,0.2537679580974864,HEALTHY,benign,False,0,A2
1165.0,benign_kpm,0.25032980299369756,0.2808597505960219,HEALTHY,benign,False,0,A2
1165.0,mal_A2,0.6975949358860317,0.692898752893404,QUARANTINE,A2,True,0,A2
1166.0,benign_ho,0.5376688276776435,0.41732881781013104,HEALTHY,benign,False,0,A2
1166.0,benign_sched,0.16413656986617473,0.2358416804512241,HEALTHY,benign,False,0,A2
1166.0,benign_kpm,0.4204014632185766,0.3087680931205329,HEALTHY,benign,False,0,A2
1166.0,mal_A2,0.640581415311895,0.6824352853771022,THROTTLE,A2,True,0,A2
1167.0,benign_ho,0.3236993564620492,0.3986029255405147,HEALTHY,benign,False,0,A2
1167.0,benign_sched,0.26421238473759856,0.24151582130849902,HEALTHY,benign,False,0,A2
1167.0,benign_kpm,0.19753859250939718,0.2865221929983058,HEALTHY,benign,False,0,A2
1167.0,mal_A2,0.6898991232000831,0.6839280529416984,THROTTLE,A2,True,0,A2
1168.0,benign_ho,0.38608892737234574,0.39610012590688093,HEALTHY,benign,False,0,A2
1168.0,benign_sched,0.09934156307911667,0.21308096966262258,HEALTHY,benign,False,0,A2
1168.0,benign_kpm,0.19349246249213622,0.2679162468970719,HEALTHY,benign,False,0,A2
1168.0,mal_A2,0.664430189256624,0.6800284802046835,THROTTLE,A2,True,0,A2
1169.0,benign_ho,0.38360047969482813,0.3936001966644704,HEALTHY,benign,False,0,A2
1169.0,benign_sched,0.22170210961823725,0.21480519765374553,HEALTHY,benign,False,0,A2
1169.0,benign_kpm,0.15142465550458795,0.24461792861857512,HEALTHY,benign,False,0,A2
1169.0,mal_A2,0.8011455729829225,0.7042518987603313,QUARANTINE,A2,True,0,A2
1170.0,benign_ho,0.3001143472719389,0.3749030267859641,HEALTHY,benign,False,0,A2
1170.0,benign_sched,0.13788044129720484,0.1994202463824374,HEALTHY,benign,False,0,A2
1170.0,benign_kpm,0.21401139956346563,0.23849662280755324,HEALTHY,benign,False,0,A2
1170.0,mal_A2,0.5521344459752369,0.6738284082033125,THROTTLE,A2,True,0,A2
1171.0,benign_ho,0.4929689289622757,0.39851620722122644,HEALTHY,benign,False,0,A2
1171.0,benign_sched,0.3085046788975019,0.22123713288545033,HEALTHY,benign,False,0,A2
1171.0,benign_kpm,0.8874215492864965,0.36828160810334193,HEALTHY,benign,False,0,A2
1171.0,mal_A2,0.7369811102988294,0.6864589486224159,THROTTLE,A2,True,0,A2
1172.0,benign_ho,0.3740547491172108,0.3936239156004233,HEALTHY,benign,False,0,A2
1172.0,benign_sched,0.18417300861763336,0.21382430803188696,HEALTHY,benign,False,0,A2
1172.0,benign_kpm,0.20153196710479374,0.3349316799036323,HEALTHY,benign,False,0,A2
1172.0,mal_A2,0.6600154288394464,0.681170244665822,THROTTLE,A2,True,0,A2
1173.0,benign_ho,0.33973939580413287,0.38284701164116525,HEALTHY,benign,False,0,A2
1173.0,benign_sched,0.21812281307851436,0.21468400904121246,HEALTHY,benign,False,0,A2
1173.0,benign_kpm,0.2602195694366707,0.31998925781024,HEALTHY,benign,False,0,A2
1173.0,mal_A2,0.6778587709192473,0.6805079499165071,THROTTLE,A2,True,0,A2
1174.0,benign_ho,0.29638909563030413,0.3655554284389931,HEALTHY,benign,False,0,A2
1174.0,benign_sched,0.36366332759386283,0.24447987275174254,HEALTHY,benign,False,0,A2
1174.0,benign_kpm,0.20205057688120312,0.2964015216244326,HEALTHY,benign,False,0,A2
1174.0,mal_A2,0.7039958668399248,0.6852055333011907,THROTTLE,A2,True,0,A2
1175.0,benign_ho,0.4936529236750577,0.391174927486206,HEALTHY,benign,False,0,A2
1175.0,benign_sched,0.5358081954901066,0.3027455372994154,HEALTHY,benign,False,0,A2
1175.0,benign_kpm,0.4277635995818785,0.3226739372159218,HEALTHY,benign,False,0,A2
1175.0,mal_A2,0.7589734972682476,0.6999591260946021,QUARANTINE,A2,True,0,A2
1176.0,benign_ho,0.7735459830072333,0.4676491385904115,HEALTHY,benign,False,0,A2
1176.0,benign_sched,0.14486227795846565,0.27116888543122547,HEALTHY,benign,False,0,A2
1176.0,benign_kpm,0.16670482246078988,0.2914801142648954,HEALTHY,benign,False,0,A2
1176.0,mal_A2,0.691433437346413,0.6982539883449643,QUARANTINE,A2,True,0,A2
1177.0,benign_ho,0.47097097876944566,0.4683135066262184,HEALTHY,benign,False,0,A2
1177.0,benign_sched,0.1646445418461908,0.24986401671421854,HEALTHY,benign,False,0,A2
1177.0,benign_kpm,0.40580655154390755,0.3143454017206978,HEALTHY,benign,False,0,A2
1177.0,mal_A2,0.7782144004997745,0.7142460707759264,QUARANTINE,A2,True,0,A2
1178.0,benign_ho,0.3466270318068815,0.443976211662351,HEALTHY,benign,False,0,A2
1178.0,benign_sched,0.1572229592755867,0.23133580522649216,HEALTHY,benign,False,0,A2
1178.0,benign_kpm,0.26727464218610597,0.30493124981377945,HEALTHY,benign,False,0,A2
1178.0,mal_A2,0.6049857150073451,0.6923939996222102,QUARANTINE,A2,True,0,A2
1179.0,benign_ho,0.6683927512236509,0.48885951957461105,WATCH,benign,False,0,A2
1179.0,benign_sched,0.21502240630635966,0.22807312544246566,HEALTHY,benign,False,0,A2
1179.0,benign_kpm,0.22939753895172446,0.28982450764136847,HEALTHY,benign,False,0,A2
1179.0,mal_A2,0.6695257968978201,0.6878203590773322,QUARANTINE,A2,True,0,A2
1180.0,benign_ho,0.3440988712798865,0.45990738991566615,HEALTHY,benign,False,0,A2
1180.0,benign_sched,0.6130826007798224,0.305075020509937,HEALTHY,benign,False,0,A2
1180.0,benign_kpm,0.13699986808363915,0.2592595797298226,HEALTHY,benign,False,0,A2
1180.0,mal_A2,0.6976229490319099,0.6897808770682479,QUARANTINE,A2,True,0,A2
1181.0,benign_ho,0.28310644484264363,0.4245472009010617,HEALTHY,benign,False,0,A2
1181.0,benign_sched,0.22659683394760077,0.28937938319746975,HEALTHY,benign,False,0,A2
1181.0,benign_kpm,0.23084654983633054,0.2535769737511242,HEALTHY,benign,False,0,A2
1181.0,mal_A2,0.6482298129194897,0.6814706642384962,THROTTLE,A2,True,0,A2
1182.0,benign_ho,0.3676528606512053,0.41316833285109045,HEALTHY,benign,False,0,A2
1182.0,benign_sched,0.16684736610897472,0.26487297977977076,HEALTHY,benign,False,0,A2
1182.0,benign_kpm,0.44341306919297785,0.29154419283949495,HEALTHY,benign,False,0,A2
1182.0,mal_A2,0.8012961566838599,0.705435762727569,QUARANTINE,A2,True,0,A2
1183.0,benign_ho,0.3642496019219855,0.40338458666526944,HEALTHY,benign,False,0,A2
1183.0,benign_sched,0.3332454673068792,0.27854747728519247,HEALTHY,benign,False,0,A2
1183.0,benign_kpm,0.16383474879682663,0.2660023040309613,HEALTHY,benign,False,0,A2
1183.0,mal_A2,0.7025209578535432,0.704852801752764,QUARANTINE,A2,True,0,A2
1184.0,benign_ho,0.4632392599715862,0.4153555213265328,HEALTHY,benign,False,0,A2
1184.0,benign_sched,0.24822680893854315,0.2724833436158626,HEALTHY,benign,False,0,A2
1184.0,benign_kpm,0.2316892718112729,0.25913969758702365,HEALTHY,benign,False,0,A2
1184.0,mal_A2,0.766739352892568,0.7172301119807248,QUARANTINE,A2,True,0,A2
1185.0,benign_ho,0.4190555783439046,0.41609553273000716,HEALTHY,benign,False,0,A2
1185.0,benign_sched,0.1915346475498459,0.2562936044026593,HEALTHY,benign,False,0,A2
1185.0,benign_kpm,0.1681353891069276,0.24093883589100445,HEALTHY,benign,False,0,A2
1185.0,mal_A2,0.6457347568905005,0.7029310409626801,QUARANTINE,A2,True,0,A2
1186.0,benign_ho,0.6310103206251132,0.45907849030902836,HEALTHY,benign,False,0,A2
1186.0,benign_sched,0.21087401972099912,0.24720968746632727,HEALTHY,benign,False,0,A2
1186.0,benign_kpm,0.30058367149688736,0.25286780301218104,HEALTHY,benign,False,0,A2
1186.0,mal_A2,0.7097025181481053,0.7042853363997652,QUARANTINE,A2,True,0,A2
1187.0,benign_ho,0.40209553728957115,0.44768189970513694,HEALTHY,benign,False,0,A2
1187.0,benign_sched,0.19602796682030335,0.2369733433371225,HEALTHY,benign,False,0,A2
1187.0,benign_kpm,0.12977708368706645,0.2282496591471581,HEALTHY,benign,False,0,A2
1187.0,mal_A2,0.7013557355681235,0.7036994162334369,QUARANTINE,A2,True,0,A2
1188.0,benign_ho,0.3091335867262054,0.41997223710935067,HEALTHY,benign,False,0,A2
1188.0,benign_sched,0.15878507247062476,0.22133568916382299,HEALTHY,benign,False,0,A2
1188.0,benign_kpm,0.3413660259833606,0.2508729325143986,HEALTHY,benign,False,0,A2
1188.0,mal_A2,0.761494980030184,0.7152585289927863,QUARANTINE,A2,True,0,A2
1189.0,benign_ho,0.43615629120403876,0.4232090479282883,HEALTHY,benign,False,0,A2
1189.0,benign_sched,0.12039077791897333,0.20114670691485306,HEALTHY,benign,False,0,A2
1189.0,benign_kpm,0.4101815550689981,0.2827346570253185,HEALTHY,benign,False,0,A2
1189.0,mal_A2,0.8278334314331753,0.7377735094808642,QUARANTINE,A2,True,0,A2
1190.0,benign_ho,0.4310639670995417,0.424780031762539,HEALTHY,benign,False,0,A2
1190.0,benign_sched,0.09271216606638916,0.1794597987451603,HEALTHY,benign,False,0,A2
1190.0,benign_kpm,0.124752572968895,0.2511382402140338,HEALTHY,benign,False,0,A2
1190.0,mal_A2,0.7683535716601051,0.7438895219167124,QUARANTINE,A2,True,0,A2
1191.0,benign_ho,0.47728195618167213,0.43528041664636563,HEALTHY,benign,False,0,A2
1191.0,benign_sched,0.14669272591292076,0.1729063841787124,HEALTHY,benign,False,0,A2
1191.0,benign_kpm,0.421037232282177,0.2851180386276625,HEALTHY,benign,False,0,A2
1191.0,mal_A2,0.6559974134526947,0.7263111002239089,QUARANTINE,A2,True,0,A2
1192.0,benign_ho,0.49430696973633653,0.4470857272643598,HEALTHY,benign,False,0,A2
1192.0,benign_sched,0.34997547994059763,0.20832020333108947,HEALTHY,benign,False,0,A2
1192.0,benign_kpm,0.4120097210458388,0.31049637511129774,HEALTHY,benign,False,0,A2
1192.0,mal_A2,0.6866731312618053,0.7183835064314882,QUARANTINE,A2,True,0,A2
1193.0,benign_ho,0.5185815404310198,0.46138488989769183,HEALTHY,benign,False,0,A2
1193.0,benign_sched,0.03076280276176936,0.17280872321722546,HEALTHY,benign,False,0,A2
1193.0,benign_kpm,0.2591609848313121,0.30022929705530066,HEALTHY,benign,False,0,A2
1193.0,mal_A2,0.6005888833479979,0.6948245818147901,QUARANTINE,A2,True,0,A2
1194.0,benign_ho,0.6442443081981746,0.49795677355778845,WATCH,benign,False,0,A2
1194.0,benign_sched,0.06267442509030141,0.15078186359184065,HEALTHY,benign,False,0,A2
1194.0,benign_kpm,0.3396477081488873,0.30811297927401804,HEALTHY,benign,False,0,A2
1194.0,mal_A2,0.5894783185673935,0.6737553291653108,THROTTLE,A2,True,0,A2
1195.0,benign_ho,0.37132849775061416,0.47263111839635363,HEALTHY,benign,False,0,A2
1195.0,benign_sched,0.24833193197053968,0.17029187726758047,HEALTHY,benign,False,0,A2
1195.0,benign_kpm,0.4642770549305239,0.3393457944053192,HEALTHY,benign,False,0,A2
1195.0,mal_A2,0.7771713815878155,0.6944385396498117,QUARANTINE,A2,True,0,A2
1196.0,benign_ho,0.33874998534062656,0.4458548917852082,HEALTHY,benign,False,0,A2
1196.0,benign_sched,0.09600087029658849,0.15543367587338208,HEALTHY,benign,False,0,A2
1196.0,benign_kpm,0.33519166068732104,0.3385149676617196,HEALTHY,benign,False,0,A2
1196.0,mal_A2,0.645709100056672,0.6846926517311839,THROTTLE,A2,True,0,A2
1197.0,benign_ho,0.4148869065393817,0.43966129473604293,HEALTHY,benign,False,0,A2
1197.0,benign_sched,0.29570452850420115,0.1834878463995459,HEALTHY,benign,False,0,A2
1197.0,benign_kpm,0.40805648864158184,0.35242327185769207,HEALTHY,benign,False,0,A2
1197.0,mal_A2,0.621530692895867,0.6720602599641206,THROTTLE,A2,True,0,A2
1198.0,benign_ho,0.6720145021383487,0.4861319362165041,WATCH,benign,False,0,A2
1198.0,benign_sched,0.2960897141419639,0.20600821994802954,HEALTHY,benign,False,0,A2
1198.0,benign_kpm,0.20705187685384427,0.32334899285692253,HEALTHY,benign,False,0,A2
1198.0,mal_A2,0.7896326919043207,0.6955747463521605,QUARANTINE,A2,True,0,A2
1199.0,benign_ho,0.5122946763070997,0.4913644842346232,WATCH,benign,False,0,A2
1199.0,benign_sched,0.3252474363193869,0.229856063222301,HEALTHY,benign,False,0,A2
1199.0,benign_kpm,0.15611727381179513,0.2899026490478971,HEALTHY,benign,False,0,A2
1199.0,mal_A2,0.6360475959900789,0.6836693162797443,THROTTLE,A2,True,0,A2
1200.0,benign_ho,0.4092626631474512,0.4749441200171888,HEALTHY,benign,False,0,A2
1200.0,benign_sched,0.1980704974767274,0.2234989500731863,HEALTHY,benign,False,0,A2
1200.0,benign_kpm,0.49859886644999124,0.33164189252831594,HEALTHY,benign,False,0,A2
1200.0,mal_A2,0.7384510324415108,0.6946256595120976,QUARANTINE,A2,True,0,A2
1201.0,benign_ho,0.37535583446720805,0.4550264629071927,HEALTHY,benign,False,0,A2
1201.0,benign_sched,0.6068271328801392,0.3001645866345769,HEALTHY,benign,False,0,A2
1201.0,benign_kpm,0.21860143489959888,0.3090338010025725,HEALTHY,benign,False,0,A2
1201.0,mal_A2,0.6938085543196432,0.6944622384736068,QUARANTINE,A2,True,0,A2
1202.0,benign_ho,0.5594688131781459,0.4759149329613833,HEALTHY,benign,False,0,A2
1202.0,benign_sched,0.0794568706776849,0.2560230434431985,HEALTHY,benign,False,0,A2
1202.0,benign_kpm,0.35685808642942085,0.3185986580879422,HEALTHY,benign,False,0,A2
1202.0,mal_A2,0.8402273631598893,0.7236152634108634,QUARANTINE,A2,True,0,A2
1203.0,benign_ho,0.3506418620337742,0.4508603187758615,HEALTHY,benign,False,0,A2
1203.0,benign_sched,0.3053092752921883,0.2658802898129965,HEALTHY,benign,False,0,A2
1203.0,benign_kpm,0.5205593623297613,0.35899079893630603,HEALTHY,benign,False,0,A2
1203.0,mal_A2,0.704970926613552,0.719886396051401,QUARANTINE,A2,True,0,A2
1204.0,benign_ho,0.18845038057845118,0.3983783311363795,HEALTHY,benign,False,0,A2
1204.0,benign_sched,0.15512209244090802,0.24372865033857882,HEALTHY,benign,False,0,A2
1204.0,benign_kpm,0.5800743664621866,0.4032075124414822,HEALTHY,benign,False,0,A2
1204.0,mal_A2,0.6708051689165948,0.7100701506244399,QUARANTINE,A2,True,0,A2
1205.0,benign_ho,0.7262051219210234,0.4639436892933083,HEALTHY,benign,False,0,A2
1205.0,benign_sched,0.1345410939604471,0.2218911390629525,HEALTHY,benign,False,0,A2
1205.0,benign_kpm,0.6815195664908107,0.4588699232513479,HEALTHY,benign,False,0,A2
1205.0,mal_A2,0.6943949598834185,0.7069351124762356,QUARANTINE,A2,True,0,A2
1206.0,benign_ho,0.4396844339463688,0.4590918382239204,HEALTHY,benign,False,0,A2
1206.0,benign_sched,0.11749666833393453,0.20101224491714892,HEALTHY,benign,False,0,A2
1206.0,benign_kpm,0.17287123335599644,0.40167018527227766,HEALTHY,benign,False,0,A2
1206.0,mal_A2,0.6073425523787549,0.6870166004567395,THROTTLE,A2,True,0,A2
1207.0,benign_ho,0.4612837652639959,0.4595302236319355,HEALTHY,benign,False,0,A2
1207.0,benign_sched,0.40279473874781624,0.24136874368328237,HEALTHY,benign,False,0,A2
1207.0,benign_kpm,0.18219100976096264,0.3577743501700147,HEALTHY,benign,False,0,A2
1207.0,mal_A2,0.697569524787226,0.6891271853228368,QUARANTINE,A2,True,0,A2
1208.0,benign_ho,0.5191840888365353,0.4714609966728555,HEALTHY,benign,False,0,A2
1208.0,benign_sched,0.17058969195621373,0.22721293333786866,HEALTHY,benign,False,0,A2
1208.0,benign_kpm,0.28417393690238574,0.34305426751648893,HEALTHY,benign,False,0,A2
1208.0,mal_A2,0.619838704369238,0.6752694891321172,THROTTLE,A2,True,0,A2
1209.0,benign_ho,0.37087604315706396,0.45134400596969726,HEALTHY,benign,False,0,A2
1209.0,benign_sched,0.4357502052503577,0.26892038772036647,HEALTHY,benign,False,0,A2
1209.0,benign_kpm,0.21508118913854585,0.31745965184090036,HEALTHY,benign,False,0,A2
1209.0,mal_A2,0.6217840025173877,0.6645723918091713,THROTTLE,A2,True,0,A2
1210.0,benign_ho,0.41592843641793936,0.4442608920593457,HEALTHY,benign,False,0,A2
1210.0,benign_sched,0.33464547040993325,0.28206540425827986,HEALTHY,benign,False,0,A2
1210.0,benign_kpm,0.2859613100940766,0.3111599834915356,HEALTHY,benign,False,0,A2
1210.0,mal_A2,0.6404033282309534,0.6597385790935277,THROTTLE,A2,True,0,A2
1211.0,benign_ho,0.20366487912101028,0.39614168947167866,HEALTHY,benign,False,0,A2
1211.0,benign_sched,0.08965702176492027,0.24358372775960793,HEALTHY,benign,False,0,A2
1211.0,benign_kpm,0.12289973801261486,0.2735079343957515,HEALTHY,benign,False,0,A2
1211.0,mal_A2,0.6917862495703814,0.6661481131888984,THROTTLE,A2,True,0,A2
1212.0,benign_ho,0.268492930557443,0.37061193768883155,HEALTHY,benign,False,0,A2
1212.0,benign_sched,0.34647689379305713,0.2641623609662978,HEALTHY,benign,False,0,A2
1212.0,benign_kpm,0.4362228612854605,0.3060509197736933,HEALTHY,benign,False,0,A2
1212.0,mal_A2,0.6149439936785748,0.6559072892868337,THROTTLE,A2,True,0,A2
1213.0,benign_ho,0.43471697100641926,0.3834329443523491,HEALTHY,benign,False,0,A2
1213.0,benign_sched,0.2687795204227301,0.26508579285758427,HEALTHY,benign,False,0,A2
1213.0,benign_kpm,0.24511952927695388,0.29386464167434545,HEALTHY,benign,False,0,A2
1213.0,mal_A2,0.7236336408969848,0.6694525596088641,THROTTLE,A2,True,0,A2
1214.0,benign_ho,0.38896661831572654,0.3845396791450246,HEALTHY,benign,False,0,A2
1214.0,benign_sched,0.366931616861292,0.28545495765832585,HEALTHY,benign,False,0,A2
1214.0,benign_kpm,0.24281006771399471,0.2836537268822753,HEALTHY,benign,False,0,A2
1214.0,mal_A2,0.6710921654933842,0.6697804807857681,THROTTLE,A2,True,0,A2
1215.0,benign_ho,0.464406358570195,0.40051301503005876,HEALTHY,benign,False,0,A2
1215.0,benign_sched,0.3816892292845384,0.3047018119835684,HEALTHY,benign,False,0,A2
1215.0,benign_kpm,0.3394680238908089,0.294816586283982,HEALTHY,benign,False,0,A2
1215.0,mal_A2,0.6419350226718781,0.6642113891629902,THROTTLE,A2,True,0,A2
1216.0,benign_ho,0.36191556794514945,0.3927935256130769,HEALTHY,benign,False,0,A2
1216.0,benign_sched,0.12479421525449699,0.2687202926377541,HEALTHY,benign,False,0,A2
1216.0,benign_kpm,0.43656517458425564,0.3231663039440368,HEALTHY,benign,False,0,A2
1216.0,mal_A2,0.7776972202237361,0.6869085553751393,THROTTLE,A2,True,0,A2
1217.0,benign_ho,0.3520840860589498,0.3846516377022515,HEALTHY,benign,False,0,A2
1217.0,benign_sched,0.2044459012858309,0.2558654143673695,HEALTHY,benign,False,0,A2
1217.0,benign_kpm,0.40078675768786787,0.33869039469280304,HEALTHY,benign,False,0,A2
1217.0,mal_A2,0.586187264233085,0.6667642971467285,THROTTLE,A2,True,0,A2
1218.0,benign_ho,0.45547827160565146,0.3988169644829316,HEALTHY,benign,False,0,A2
1218.0,benign_sched,0.24654645276585035,0.25400162204706567,HEALTHY,benign,False,0,A2
1218.0,benign_kpm,0.6904359889601399,0.40903951354627044,HEALTHY,benign,False,0,A2
1218.0,mal_A2,0.69814243690089,0.6730399250975607,THROTTLE,A2,True,0,A2
1219.0,benign_ho,0.532569949667308,0.4255675615198069,HEALTHY,benign,False,0,A2
1219.0,benign_sched,0.12120020949235577,0.2274413395361237,HEALTHY,benign,False,0,A2
1219.0,benign_kpm,0.6386623668525697,0.4549640842075303,HEALTHY,benign,False,0,A2
1219.0,mal_A2,0.7026594147363011,0.6789638230253089,THROTTLE,A2,True,0,A2
1220.0,benign_ho,0.46732938417625813,0.4339199260510972,HEALTHY,benign,False,0,A2
1220.0,benign_sched,0.08222008682987074,0.1983970889948731,HEALTHY,benign,False,0,A2
1220.0,benign_kpm,0.36561778868937167,0.4370948251038986,HEALTHY,benign,False,0,A2
1220.0,mal_A2,0.6342506683035779,0.6700211920809628,THROTTLE,A2,True,0,A2
1221.0,benign_ho,0.41576948089496657,0.4302898370198711,HEALTHY,benign,False,0,A2
1221.0,benign_sched,0.3819998954269226,0.235117650281283,HEALTHY,benign,False,0,A2
1221.0,benign_kpm,0.2675925713263789,0.40319437434839467,HEALTHY,benign,False,0,A2
1221.0,mal_A2,0.6182445179440194,0.6596658572535741,THROTTLE,A2,True,0,A2
1222.0,benign_ho,0.3506129205762573,0.4143544537311484,HEALTHY,benign,False,0,A2
1222.0,benign_sched,0.49087394890628233,0.2862689100062829,HEALTHY,benign,False,0,A2
1222.0,benign_kpm,0.19856460298460432,0.36226842007563664,HEALTHY,benign,False,0,A2
1222.0,mal_A2,0.7243419257990157,0.6726010709626624,THROTTLE,A2,True,0,A2
1223.0,benign_ho,0.3489533390298274,0.4012742307908842,HEALTHY,benign,False,0,A2
1223.0,benign_sched,0.08316441880788347,0.24564801176660303,HEALTHY,benign,False,0,A2
1223.0,benign_kpm,0.8214988721160078,0.4541145104837109,HEALTHY,benign,False,0,A2
1223.0,mal_A2,0.8288868107207972,0.7038582189142895,QUARANTINE,A2,True,0,A2
1224.0,benign_ho,0.27110647117563624,0.37524067886783463,HEALTHY,benign,False,0,A2
1224.0,benign_sched,0.31826189678502326,0.2601707887702871,HEALTHY,benign,False,0,A2
1224.0,benign_kpm,0.27018270931166205,0.41732815024930114,HEALTHY,benign,False,0,A2
1224.0,mal_A2,0.7925512483794155,0.7215968248073147,QUARANTINE,A2,True,0,A2
1225.0,benign_ho,0.36562345860624407,0.37331723481551654,HEALTHY,benign,False,0,A2
1225.0,benign_sched,0.09563456058821272,0.22726354313387226,HEALTHY,benign,False,0,A2
1225.0,benign_kpm,0.27679284371787,0.389221088943015,HEALTHY,benign,False,0,A2
1225.0,mal_A2,0.6497918940281946,0.7072358386514908,QUARANTINE,A2,True,0,A2
1226.0,benign_ho,0.5030098135194114,0.39925575055629553,HEALTHY,benign,False,0,A2
1226.0,benign_sched,0.03438789361723981,0.18868841323054578,HEALTHY,benign,False,0,A2
1226.0,benign_kpm,0.21484332527769998,0.354345536209952,HEALTHY,benign,False,0,A2
1226.0,mal_A2,0.8344941964597816,0.732687510213149,QUARANTINE,A2,True,0,A2
1227.0,benign_ho,0.20476977594956924,0.3603585556349503,HEALTHY,benign,False,0,A2
1227.0,benign_sched,0.30032161620737347,0.21101505382591135,HEALTHY,benign,False,0,A2
1227.0,benign_kpm,0.2919754973916766,0.3418715284462969,HEALTHY,benign,False,0,A2
1227.0,mal_A2,0.633748312667419,0.7128996707040031,QUARANTINE,A2,True,0,A2
1228.0,benign_ho,0.2939993288682389,0.347086710281608,HEALTHY,benign,False,0,A2
1228.0,benign_sched,0.2071542577789464,0.21024289461651835,HEALTHY,benign,False,0,A2
1228.0,benign_kpm,0.2618548824040527,0.32586819923784804,HEALTHY,benign,False,0,A2
1228.0,mal_A2,0.8188465973641059,0.7340890560360236,QUARANTINE,A2,True,0,A2
1229.0,benign_ho,0.43758110890669283,0.3651855900066249,HEALTHY,benign,False,0,A2
1229.0,benign_sched,0.13329207220707054,0.1948527301346288,HEALTHY,benign,False,0,A2
1229.0,benign_kpm,0.4525268277576942,0.3511999249418173,HEALTHY,benign,False,0,A2
1229.0,mal_A2,0.6013938755214517,0.7075500199331093,QUARANTINE,A2,True,0,A2
1230.0,benign_ho,0.3375054845155062,0.3596495689084012,HEALTHY,benign,False,0,A2
1230.0,benign_sched,0.24368070235048936,0.20461832457780094,HEALTHY,benign,False,0,A2
1230.0,benign_kpm,0.6618903768862493,0.4133380153307037,HEALTHY,benign,False,0,A2
1230.0,mal_A2,0.7436709912518262,0.7147742141968527,QUARANTINE,A2,True,0,A2
1231.0,benign_ho,0.7749412074188725,0.4427078966104955,HEALTHY,benign,False,0,A2
1231.0,benign_sched,0.08899688833111659,0.1814940373284641,HEALTHY,benign,False,0,A2
1231.0,benign_kpm,0.6194229995701948,0.4545550121786019,HEALTHY,benign,False,0,A2
1231.0,mal_A2,0.8162120257912583,0.7350617765157339,QUARANTINE,A2,True,0,A2
1232.0,benign_ho,0.4014297497354237,0.4344522672354812,HEALTHY,benign,False,0,A2
1232.0,benign_sched,0.15652500776322356,0.176500231415416,HEALTHY,benign,False,0,A2
1232.0,benign_kpm,0.3039698135954734,0.42443797246197623,HEALTHY,benign,False,0,A2
1232.0,mal_A2,0.6043771617379292,0.7089248535601731,QUARANTINE,A2,True,0,A2
1233.0,benign_ho,0.5300619079577599,0.45357419537993693,HEALTHY,benign,False,0,A2
1233.0,benign_sched,0.24484578094423232,0.19016934132117924,HEALTHY,benign,False,0,A2
1233.0,benign_kpm,0.3463194481310472,0.4088142675957904,HEALTHY,benign,False,0,A2
1233.0,mal_A2,0.8104951042517572,0.72923890369849,QUARANTINE,A2,True,0,A2
1234.0,benign_ho,0.30783837137327524,0.4244270305786046,HEALTHY,benign,False,0,A2
1234.0,benign_sched,0.10017330793268829,0.17217013464348108,HEALTHY,benign,False,0,A2
1234.0,benign_kpm,0.18505831246197718,0.3640630765690278,HEALTHY,benign,False,0,A2
1234.0,mal_A2,0.608619131865085,0.7051149493318091,QUARANTINE,A2,True,0,A2
1235.0,benign_ho,0.36750318807969845,0.41304226207882344,HEALTHY,benign,False,0,A2
1235.0,benign_sched,0.15307950875247706,0.16835200946528028,HEALTHY,benign,False,0,A2
1235.0,benign_kpm,0.411626835316285,0.37357582831847924,HEALTHY,benign,False,0,A2
1235.0,mal_A2,0.8449748289922696,0.7330869252639013,QUARANTINE,A2,True,0,A2
1236.0,benign_ho,0.6784417312931083,0.4661221559216805,HEALTHY,benign,False,0,A2
1236.0,benign_sched,0.13351185069972815,0.16138397771216986,HEALTHY,benign,False,0,A2
1236.0,benign_kpm,0.2306038336351808,0.3449814293818195,HEALTHY,benign,False,0,A2
1236.0,mal_A2,0.5987609455183329,0.7062217293147877,QUARANTINE,A2,True,0,A2
1237.0,benign_ho,0.5342880438531894,0.4797553335079823,HEALTHY,benign,False,0,A2
1237.0,benign_sched,0.24277519740775963,0.17766222165128784,HEALTHY,benign,False,0,A2
1237.0,benign_kpm,0.5870453725020602,0.39339421800586766,HEALTHY,benign,False,0,A2
1237.0,mal_A2,0.858756127379737,0.7367286089277776,QUARANTINE,A2,True,0,A2
1238.0,benign_ho,0.35171505566492506,0.4541472779393709,HEALTHY,benign,False,0,A2
1238.0,benign_sched,0.17376153538377034,0.17688208439778436,HEALTHY,benign,False,0,A2
1238.0,benign_kpm,0.2129433333613914,0.35730404107697245,HEALTHY,benign,False,0,A2
1238.0,mal_A2,0.7365688248132157,0.7366966521048652,QUARANTINE,A2,True,0,A2
1239.0,benign_ho,0.3726065325376402,0.43783912885902476,HEALTHY,benign,False,0,A2
1239.0,benign_sched,0.3593133403044864,0.21336833557912477,HEALTHY,benign,False,0,A2
1239.0,benign_kpm,0.3538532877775408,0.35661389041708613,HEALTHY,benign,False,0,A2
1239.0,mal_A2,0.6427066901817565,0.7178986597202435,QUARANTINE,A2,True,0,A2
1240.0,benign_ho,0.4350652167404278,0.4372843464353054,HEALTHY,benign,False,0,A2
1240.0,benign_sched,0.28763689588083563,0.22822204763946696,HEALTHY,benign,False,0,A2
1240.0,benign_kpm,0.37354556527922367,0.3600002253895137,HEALTHY,benign,False,0,A2
1240.0,mal_A2,0.820790590271023,0.7384770458303993,QUARANTINE,A2,True,0,A2
1241.0,benign_ho,0.5005824895148888,0.44994397505122213,HEALTHY,benign,False,0,A2
1241.0,benign_sched,0.10316167789220261,0.2032099736900141,HEALTHY,benign,False,0,A2
1241.0,benign_kpm,0.26400699425767465,0.3408015791631459,HEALTHY,benign,False,0,A2
1241.0,mal_A2,0.4784534647411318,0.6864723296125459,THROTTLE,A2,True,0,A2
1242.0,benign_ho,0.41525847894624685,0.4430068758302271,HEALTHY,benign,False,0,A2
1242.0,benign_sched,0.3282398894758566,0.2282159568471826,HEALTHY,benign,False,0,A2
1242.0,benign_kpm,0.5217398044221379,0.3769892242149443,HEALTHY,benign,False,0,A2
1242.0,mal_A2,0.6963666199125665,0.6884511876725501,QUARANTINE,A2,True,0,A2
1243.0,benign_ho,0.639399565481313,0.4822854137604443,WATCH,benign,False,0,A2
1243.0,benign_sched,0.12499565975159972,0.20757189742806603,HEALTHY,benign,False,0,A2
1243.0,benign_kpm,0.2519379017370871,0.3519789597193729,HEALTHY,benign,False,0,A2
1243.0,mal_A2,0.6142117381910761,0.6736032977762553,THROTTLE,A2,True,0,A2
1244.0,benign_ho,0.40621934577814267,0.467072200163984,HEALTHY,benign,False,0,A2
1244.0,benign_sched,0.291332773320106,0.22432407260647402,HEALTHY,benign,False,0,A2
1244.0,benign_kpm,0.36099941377636985,0.3537830505307723,HEALTHY,benign,False,0,A2
1244.0,mal_A2,0.6905293187786258,0.6769885019767294,THROTTLE,A2,True,0,A2
1245.0,benign_ho,0.40373863587652914,0.45440548730649305,HEALTHY,benign,False,0,A2
1245.0,benign_sched,0.29435359210811196,0.23832997650680163,HEALTHY,benign,False,0,A2
1245.0,benign_kpm,0.3641044241900756,0.35584732526263296,HEALTHY,benign,False,0,A2
1245.0,mal_A2,0.7625509338134123,0.6941009883440661,QUARANTINE,A2,True,0,A2
1246.0,benign_ho,0.21312682975408873,0.4061497557960122,HEALTHY,benign,False,0,A2
1246.0,benign_sched,0.3046151970729806,0.25158702062003746,HEALTHY,benign,False,0,A2
1246.0,benign_kpm,0.20327515907502888,0.3253328920251122,HEALTHY,benign,False,0,A2
1246.0,mal_A2,0.7536753093960896,0.7060158525544709,QUARANTINE,A2,True,0,A2
1247.0,benign_ho,0.3480100181774071,0.3945218082722912,HEALTHY,benign,False,0,A2
1247.0,benign_sched,0.228396241320972,0.24694886476022437,HEALTHY,benign,False,0,A2
1247.0,benign_kpm,0.4416888877225303,0.3486040911645958,HEALTHY,benign,False,0,A2
1247.0,mal_A2,0.6861834939664668,0.7020493808368701,QUARANTINE,A2,True,0,A2
1248.0,benign_ho,0.30211773563272154,0.37604099374437727,HEALTHY,benign,False,0,A2
1248.0,benign_sched,0.24922408504146415,0.24740390881647234,HEALTHY,benign,False,0,A2
1248.0,benign_kpm,0.17422023434861023,0.3137273198013987,HEALTHY,benign,False,0,A2
1248.0,mal_A2,0.48559121077957423,0.6587577468254109,THROTTLE,A2,True,0,A2
1249.0,benign_ho,0.3558448779716549,0.37200177058983286,HEALTHY,benign,False,0,A2
1249.0,benign_sched,0.2989024955086671,0.2577036261549113,HEALTHY,benign,False,0,A2
1249.0,benign_kpm,0.3850735805025241,0.32799657194162374,HEALTHY,benign,False,0,A2
1249.0,mal_A2,0.7260457433559216,0.672215346131513,THROTTLE,A2,True,0,A2
1250.0,benign_ho,0.6198837878568775,0.42157817404324177,HEALTHY,benign,False,0,A2
1250.0,benign_sched,0.11085460110043932,0.22833382114401696,HEALTHY,benign,False,0,A2
1250.0,benign_kpm,0.3870794238161663,0.33981314231653226,HEALTHY,benign,False,0,A2
1250.0,mal_A2,0.7315114451603585,0.6840745659372822,THROTTLE,A2,True,0,A2
1251.0,benign_ho,0.29329466125149456,0.3959214714848923,HEALTHY,benign,False,0,A2
1251.0,benign_sched,0.3434899007667509,0.2513650370685637,HEALTHY,benign,False,0,A2
1251.0,benign_kpm,0.2892958823989316,0.3297096903330122,HEALTHY,benign,False,0,A2
1251.0,mal_A2,0.7980185371196012,0.7068633601737461,QUARANTINE,A2,True,0,A2
1252.0,benign_ho,0.44611086965979274,0.40595935111987247,HEALTHY,benign,False,0,A2
1252.0,benign_sched,0.25376364821249914,0.25184475929735084,HEALTHY,benign,False,0,A2
1252.0,benign_kpm,0.2909392323538993,0.3219555987371896,HEALTHY,benign,False,0,A2
1252.0,mal_A2,0.7268000461720476,0.7108506973734063,QUARANTINE,A2,True,0,A2
1253.0,benign_ho,0.5828098854408058,0.4413294579840592,HEALTHY,benign,False,0,A2
1253.0,benign_sched,0.35660282080070516,0.2727963715980217,HEALTHY,benign,False,0,A2
1253.0,benign_kpm,0.2232093293317865,0.30220634485610903,HEALTHY,benign,False,0,A2
1253.0,mal_A2,0.6453117745426187,0.6977429128072488,QUARANTINE,A2,True,0,A2
1254.0,benign_ho,0.3108133133079449,0.4152262290488364,HEALTHY,benign,False,0,A2
1254.0,benign_sched,0.41709068029644025,0.30165523333770544,HEALTHY,benign,False,0,A2
1254.0,benign_kpm,0.4182003700534607,0.3254051498955794,HEALTHY,benign,False,0,A2
1254.0,mal_A2,0.6837110474726528,0.6949365397403295,QUARANTINE,A2,True,0,A2
1255.0,benign_ho,0.3601230390364825,0.40420559104636566,HEALTHY,benign,False,0,A2
1255.0,benign_sched,0.1991581699686999,0.2811558206639043,HEALTHY,benign,False,0,A2
1255.0,benign_kpm,0.3295382523182725,0.326231770380118,HEALTHY,benign,False,0,A2
1255.0,mal_A2,0.7997248906843163,0.7158942099291269,QUARANTINE,A2,True,0,A2
1256.0,benign_ho,0.39857126002101445,0.4030787248412955,HEALTHY,benign,False,0,A2
1256.0,benign_sched,0.3721129211231519,0.29934724075575386,HEALTHY,benign,False,0,A2
1256.0,benign_kpm,0.4292615263326607,0.3468377215706266,HEALTHY,benign,False,0,A2
1256.0,mal_A2,0.7531322539214871,0.7233418187275991,QUARANTINE,A2,True,0,A2
1257.0,benign_ho,0.4060249034625149,0.4036679605655394,HEALTHY,benign,False,0,A2
1257.0,benign_sched,0.312971387606132,0.30207207012582954,HEALTHY,benign,False,0,A2
1257.0,benign_kpm,0.25248170683831256,0.3279665186241638,HEALTHY,benign,False,0,A2
1257.0,mal_A2,0.7367254704383631,0.7260185490697518,QUARANTINE,A2,True,0,A2
1258.0,benign_ho,0.5357715009556412,0.43008866864355977,HEALTHY,benign,False,0,A2
1258.0,benign_sched,0.051218823112937704,0.25190142072325117,HEALTHY,benign,False,0,A2
1258.0,benign_kpm,0.47651149742864907,0.3576755143850609,HEALTHY,benign,False,0,A2
1258.0,mal_A2,0.7093282027413489,0.7226804798040712,QUARANTINE,A2,True,0,A2
1259.0,benign_ho,0.316766582154436,0.40742425134573507,HEALTHY,benign,False,0,A2
1259.0,benign_sched,0.48222256791364665,0.29796565016133025,HEALTHY,benign,False,0,A2
1259.0,benign_kpm,0.17908365518428723,0.3219571425449062,HEALTHY,benign,False,0,A2
1259.0,mal_A2,0.7188015382497978,0.7219046914932166,QUARANTINE,A2,True,0,A2
1260.0,benign_ho,0.40512915257091814,0.4069652315907717,HEALTHY,benign,False,0,A2
1260.0,benign_sched,0.1585513791080666,0.2700827959506775,HEALTHY,benign,False,0,A2
1260.0,benign_kpm,0.19966219597960255,0.2974981532318455,HEALTHY,benign,False,0,A2
1260.0,mal_A2,0.7011131831179184,0.717746389818157,QUARANTINE,A2,True,0,A2
1261.0,benign_ho,0.2644686504631886,0.3784659153652551,HEALTHY,benign,False,0,A2
1261.0,benign_sched,0.5068618682897232,0.3174386104184867,HEALTHY,benign,False,0,A2
1261.0,benign_kpm,0.42259669047060594,0.3225178606795976,HEALTHY,benign,False,0,A2
1261.0,mal_A2,0.9029784090827732,0.7547927936710802,QUARANTINE,A2,True,0,A2
1262.0,benign_ho,0.3387565188552647,0.370524036063257,HEALTHY,benign,False,0,A2
1262.0,benign_sched,0.1926779588077404,0.29248648009633743,HEALTHY,benign,False,0,A2
1262.0,benign_kpm,0.43199653413254585,0.34441359537018723,HEALTHY,benign,False,0,A2
1262.0,mal_A2,0.6709374753998391,0.738021730016832,QUARANTINE,A2,True,0,A2
1263.0,benign_ho,0.4013603088725486,0.37669129062511536,HEALTHY,benign,False,0,A2
1263.0,benign_sched,0.19526557747487977,0.2730422995720459,HEALTHY,benign,False,0,A2
1263.0,benign_kpm,0.3203723619165238,0.3396053486794546,HEALTHY,benign,False,0,A2
1263.0,mal_A2,0.6153087342484745,0.7134791308631606,QUARANTINE,A2,True,0,A2
1264.0,benign_ho,0.3996040589478552,0.3812738442896634,HEALTHY,benign,False,0,A2
1264.0,benign_sched,0.2363036964607374,0.2656945789497842,HEALTHY,benign,False,0,A2
1264.0,benign_kpm,0.16133223635559207,0.3039507262146821,HEALTHY,benign,False,0,A2
1264.0,mal_A2,0.9120155980295352,0.7531864242964356,QUARANTINE,A2,True,0,A2
1265.0,benign_ho,0.4109923778453034,0.3872175510007914,HEALTHY,benign,False,0,A2
1265.0,benign_sched,0.36228144067315915,0.2850119512944592,HEALTHY,benign,False,0,A2
1265.0,benign_kpm,0.17267390751626524,0.27769536247499876,HEALTHY,benign,False,0,A2
1265.0,mal_A2,0.8892878303085237,0.7804067054988533,QUARANTINE,A2,True,0,A2
1266.0,benign_ho,0.2681318417892155,0.36340040915847627,HEALTHY,benign,False,0,A2
1266.0,benign_sched,0.11917274703642403,0.2518441104428522,HEALTHY,benign,False,0,A2
1266.0,benign_kpm,0.5366752656817897,0.32949134311635697,HEALTHY,benign,False,0,A2
1266.0,mal_A2,0.7497857528360051,0.7742825149662838,QUARANTINE,A2,True,0,A2
1267.0,benign_ho,0.4515310172121277,0.38102653076920656,HEALTHY,benign,False,0,A2
1267.0,benign_sched,0.22678279395966694,0.24683184714621517,HEALTHY,benign,False,0,A2
1267.0,benign_kpm,0.2654969844866587,0.31669247139041734,HEALTHY,benign,False,0,A2
1267.0,mal_A2,0.6786034724121011,0.7551467064554472,QUARANTINE,A2,True,0,A2
1268.0,benign_ho,0.2854033732636664,0.36190189926809857,HEALTHY,benign,False,0,A2
1268.0,benign_sched,0.37915974411943054,0.27329742654085826,HEALTHY,benign,False,0,A2
1268.0,benign_kpm,0.30068563639725493,0.31349110439178485,HEALTHY,benign,False,0,A2
1268.0,mal_A2,0.7545870177394883,0.7550347687122556,QUARANTINE,A2,True,0,A2
1269.0,benign_ho,0.37931421719205155,0.36538436285288917,HEALTHY,benign,False,0,A2
1269.0,benign_sched,0.24708590365839356,0.2680551219643653,HEALTHY,benign,False,0,A2
1269.0,benign_kpm,0.17016330799405727,0.28482554511223934,HEALTHY,benign,False,0,A2
1269.0,mal_A2,0.6580151702298793,0.7356308490157804,QUARANTINE,A2,True,0,A2
1270.0,benign_ho,0.28223219084351614,0.3487539284510146,HEALTHY,benign,False,0,A2
1270.0,benign_sched,0.15984482173544956,0.2464130619185822,HEALTHY,benign,False,0,A2
1270.0,benign_kpm,0.26631999034973547,0.2811244341597386,HEALTHY,benign,False,0,A2
1270.0,mal_A2,0.7432054267288374,0.7371457645583918,QUARANTINE,A2,True,0,A2
1271.0,benign_ho,0.2744526158787802,0.3338936659365677,HEALTHY,benign,False,0,A2
1271.0,benign_sched,0.4141744904630585,0.2799653476274775,HEALTHY,benign,False,0,A2
1271.0,benign_kpm,0.17762273327369824,0.2604240939825305,HEALTHY,benign,False,0,A2
1271.0,mal_A2,0.9303335885324269,0.7757833293531988,QUARANTINE,A2,True,0,A2
1272.0,benign_ho,0.5682376876276523,0.38076247027478466,HEALTHY,benign,False,0,A2
1272.0,benign_sched,0.1959943200327179,0.2631711421085256,HEALTHY,benign,False,0,A2
1272.0,benign_kpm,0.33065147838787934,0.2744695708636003,HEALTHY,benign,False,0,A2
1272.0,mal_A2,0.5485568107145564,0.7303380256254705,QUARANTINE,A2,True,0,A2
1273.0,benign_ho,0.2900356811219279,0.36261711244421335,HEALTHY,benign,False,0,A2
1273.0,benign_sched,0.43252650625047323,0.2970422149369151,HEALTHY,benign,False,0,A2
1273.0,benign_kpm,0.3333930197021103,0.2862542606313023,HEALTHY,benign,False,0,A2
1273.0,mal_A2,0.6764674826374605,0.7195639170278685,QUARANTINE,A2,True,0,A2
1274.0,benign_ho,0.35407605605669773,0.36090890116671026,HEALTHY,benign,False,0,A2
1274.0,benign_sched,0.20358102311458615,0.27834997657244936,HEALTHY,benign,False,0,A2
1274.0,benign_kpm,0.28236193041329727,0.28547579458770134,HEALTHY,benign,False,0,A2
1274.0,mal_A2,0.7968487947625924,0.7350208925748133,QUARANTINE,A2,True,0,A2
1275.0,benign_ho,0.43250506073053757,0.3752281330794757,HEALTHY,benign,False,0,A2
1275.0,benign_sched,0.23544882937281236,0.269769747132522,HEALTHY,benign,False,0,A2
1275.0,benign_kpm,0.2320150913822319,0.2747836539466075,HEALTHY,benign,False,0,A2
1275.0,mal_A2,0.6523184782222322,0.7184804097042972,QUARANTINE,A2,True,0,A2
1276.0,benign_ho,0.371223357830583,0.37442717802969716,HEALTHY,benign,False,0,A2
1276.0,benign_sched,0.0653450611816683,0.22888480994235127,HEALTHY,benign,False,0,A2
1276.0,benign_kpm,0.171928074602907,0.25421253807786737,HEALTHY,benign,False,0,A2
1276.0,mal_A2,0.7112849408207732,0.7170413159275925,QUARANTINE,A2,True,0,A2
1277.0,benign_ho,0.4542595098247743,0.3903936443887126,HEALTHY,benign,False,0,A2
1277.0,benign_sched,0.1902071948052079,0.2211492869149226,HEALTHY,benign,False,0,A2
1277.0,benign_kpm,0.1521273733424722,0.23379550513078834,HEALTHY,benign,False,0,A2
1277.0,mal_A2,0.9942462897288948,0.772482310687853,QUARANTINE,A2,True,0,A2
1278.0,benign_ho,0.5943054738976181,0.43117601029049374,HEALTHY,benign,False,0,A2
1278.0,benign_sched,0.17945751468130444,0.212810932468199,HEALTHY,benign,False,0,A2
1278.0,benign_kpm,0.5639016164135666,0.299816727387344,HEALTHY,benign,False,0,A2
1278.0,mal_A2,0.7801538882245086,0.7740166261951842,QUARANTINE,A2,True,0,A2
1279.0,benign_ho,0.3853905120316635,0.42201891063872776,HEALTHY,benign,False,0,A2
1279.0,benign_sched,0.07198834474270593,0.18464641492310038,HEALTHY,benign,False,0,A2
1279.0,benign_kpm,0.6604507809661481,0.3719435381031048,HEALTHY,benign,False,0,A2
1279.0,mal_A2,0.6082812208419803,0.7408695451245434,QUARANTINE,A2,True,0,A2
1280.0,benign_ho,0.41211136012838334,0.42003740053665894,HEALTHY,benign,False,0,A2
1280.0,benign_sched,0.27989796278114626,0.20369672449470957,HEALTHY,benign,False,0,A2
1280.0,benign_kpm,0.26879910965963183,0.35131465241441023,HEALTHY,benign,False,0,A2
1280.0,mal_A2,0.5780267570656324,0.7083009875127613,QUARANTINE,A2,True,0,A2
1281.0,benign_ho,0.2601780999810403,0.3880655404255352,HEALTHY,benign,False,0,A2
1281.0,benign_sched,0.4287102305049695,0.24869942569676157,HEALTHY,benign,False,0,A2
1281.0,benign_kpm,0.4577013169237968,0.37259198531628757,HEALTHY,benign,False,0,A2
1281.0,mal_A2,0.6279984965189764,0.6922404893140044,QUARANTINE,A2,True,0,A2
1282.0,benign_ho,0.3186050028565016,0.3741734329117285,HEALTHY,benign,False,0,A2
1282.0,benign_sched,0.19427711199797496,0.23781496295700427,HEALTHY,benign,False,0,A2
1282.0,benign_kpm,0.27316094496345306,0.35270577724572066,HEALTHY,benign,False,0,A2
1282.0,mal_A2,0.6600096852407376,0.6857943284993511,THROTTLE,A2,True,0,A2
1283.0,benign_ho,0.53161787123865,0.4056623205771128,HEALTHY,benign,False,0,A2
1283.0,benign_sched,0.16104626986398884,0.2224612243384012,HEALTHY,benign,False,0,A2
1283.0,benign_kpm,0.24194609001032852,0.3305538397986422,HEALTHY,benign,False,0,A2
1283.0,mal_A2,0.5854537585251649,0.6657262145045139,THROTTLE,A2,True,0,A2
1284.0,benign_ho,0.4283306371760614,0.4101959838969026,HEALTHY,benign,False,0,A2
1284.0,benign_sched,0.153487147946114,0.2086664090599438,HEALTHY,benign,False,0,A2
1284.0,benign_kpm,0.2578718290046373,0.31601743763984125,HEALTHY,benign,False,0,A2
1284.0,mal_A2,0.6618423651996022,0.6649494446435316,THROTTLE,A2,True,0,A2
1285.0,benign_ho,0.34394914493632384,0.3969466161047869,HEALTHY,benign,False,0,A2
1285.0,benign_sched,0.3807295665078968,0.24307904054953444,HEALTHY,benign,False,0,A2
1285.0,benign_kpm,0.21468841880848752,0.2957516338735705,HEALTHY,benign,False,0,A2
1285.0,mal_A2,0.6860846195248074,0.6691764796197868,THROTTLE,A2,True,0,A2
1286.0,benign_ho,0.4556235314825672,0.4086819991803429,HEALTHY,benign,False,0,A2
1286.0,benign_sched,0.3389460676175963,0.26225244596314684,HEALTHY,benign,False,0,A2
1286.0,benign_kpm,0.19963500816530474,0.27652830873191736,HEALTHY,benign,False,0,A2
1286.0,mal_A2,0.6760949757535437,0.6705601788465382,THROTTLE,A2,True,0,A2
1287.0,benign_ho,0.4809123024670013,0.42312805983767465,HEALTHY,benign,False,0,A2
1287.0,benign_sched,0.10959839504633682,0.23172163577978486,HEALTHY,benign,False,0,A2
1287.0,benign_kpm,0.2391170382806334,0.2690460546416606,HEALTHY,benign,False,0,A2
1287.0,mal_A2,0.5979866894137376,0.6560454809599781,THROTTLE,A2,True,0,A2
1288.0,benign_ho,0.36499937140247385,0.4115023221506345,HEALTHY,benign,False,0,A2
1288.0,benign_sched,0.2130809492683486,0.2279934984774976,HEALTHY,benign,False,0,A2
1288.0,benign_kpm,0.21735156493383592,0.2587071567000957,HEALTHY,benign,False,0,A2
1288.0,mal_A2,0.7128970772170272,0.6674158002113879,THROTTLE,A2,True,0,A2
1289.0,benign_ho,0.42885976115447916,0.4149738099514034,HEALTHY,benign,False,0,A2
1289.0,benign_sched,0.08016611105111342,0.1984280209922208,HEALTHY,benign,False,0,A2
1289.0,benign_kpm,0.2954953756267503,0.26606480048542663,HEALTHY,benign,False,0,A2
1289.0,mal_A2,0.7067986273951137,0.6752923656481331,THROTTLE,A2,True,0,A2
1290.0,benign_ho,0.2317650791375275,0.37833206378862827,HEALTHY,benign,False,0,A2
1290.0,benign_sched,0.32871394558894895,0.22448520591156645,HEALTHY,benign,False,0,A2
1290.0,benign_kpm,0.38666683948600156,0.2901852082855416,HEALTHY,benign,False,0,A2
1290.0,mal_A2,0.7237341033584361,0.6849807131901937,THROTTLE,A2,True,0,A2
1291.0,benign_ho,0.3673507633424362,0.3761358036993899,HEALTHY,benign,False,0,A2
1291.0,benign_sched,0.4251419063025737,0.2646165459897679,HEALTHY,benign,False,0,A2
1291.0,benign_kpm,0.3953320408831249,0.31121457480505826,HEALTHY,benign,False,0,A2
1291.0,mal_A2,0.620881667920446,0.6721609041362442,THROTTLE,A2,True,0,A2
1292.0,benign_ho,0.23728035397352407,0.3483647137542168,HEALTHY,benign,False,0,A2
1292.0,benign_sched,0.11888046790112883,0.2354693303720401,HEALTHY,benign,False,0,A2
1292.0,benign_kpm,0.2574377781549115,0.3004592154750289,HEALTHY,benign,False,0,A2
1292.0,mal_A2,0.7098872147555552,0.6797061662601064,THROTTLE,A2,True,0,A2
1293.0,benign_ho,0.3108285511199662,0.3408574812273667,HEALTHY,benign,False,0,A2
1293.0,benign_sched,0.35271298506358506,0.2589180613103491,HEALTHY,benign,False,0,A2
1293.0,benign_kpm,0.2867804171356904,0.29772345580716125,HEALTHY,benign,False,0,A2
1293.0,mal_A2,0.6468333696714881,0.6731316069423827,THROTTLE,A2,True,0,A2
1294.0,benign_ho,0.32513729553745796,0.337713444089385,HEALTHY,benign,False,0,A2
1294.0,benign_sched,0.4406324788806468,0.2952609448244087,HEALTHY,benign,False,0,A2
1294.0,benign_kpm,0.5145029040253011,0.3410793454507892,HEALTHY,benign,False,0,A2
1294.0,mal_A2,1.0,0.7385052855539063,QUARANTINE,A2,True,0,A2
1295.0,benign_ho,0.5387537997451823,0.37792151522054446,HEALTHY,benign,False,0,A2
1295.0,benign_sched,0.09631499991219114,0.2554717558419652,HEALTHY,benign,False,0,A2
1295.0,benign_kpm,0.29882024668068935,0.3326275256967693,HEALTHY,benign,False,0,A2
1295.0,mal_A2,0.6506317474435804,0.7209305779318411,QUARANTINE,A2,True,0,A2
1296.0,benign_ho,0.4036650887498179,0.38307022992639916,HEALTHY,benign,False,0,A2
1296.0,benign_sched,0.28802716352830215,0.26198283737923256,HEALTHY,benign,False,0,A2
1296.0,benign_kpm,0.23392333881849767,0.312886688321115,HEALTHY,benign,False,0,A2
1296.0,mal_A2,0.7171233961004633,0.7201691415655656,QUARANTINE,A2,True,0,A2
1297.0,benign_ho,0.430052653575529,0.3924667146562252,HEALTHY,benign,False,0,A2
1297.0,benign_sched,0.3343165010386222,0.2764495701111105,HEALTHY,benign,False,0,A2
1297.0,benign_kpm,0.44751501380206266,0.33981235341730454,HEALTHY,benign,False,0,A2
1297.0,mal_A2,0.6103255884215114,0.6982004309367548,QUARANTINE,A2,True,0,A2
1298.0,benign_ho,0.4200869545924623,0.39799076264347266,HEALTHY,benign,False,0,A2
1298.0,benign_sched,0.13840474567295408,0.24884060522347923,HEALTHY,benign,False,0,A2
1298.0,benign_kpm,0.15948599216047205,0.30374708116593807,HEALTHY,benign,False,0,A2
1298.0,mal_A2,0.7071680140409649,0.6999939475575968,QUARANTINE,A2,True,0,A2
1299.0,benign_ho,0.5303469156851917,0.4244619932518165,HEALTHY,benign,False,0,A2
1299.0,benign_sched,0.34427289777938747,0.2679270637346609,HEALTHY,benign,False,0,A2
1299.0,benign_kpm,0.11899955483857118,0.2667975759004647,HEALTHY,benign,False,0,A2
1299.0,mal_A2,0.6561110357425234,0.6912173651945821,QUARANTINE,A2,True,0,A2
1300.0,benign_ho,0.35180008497753795,0.4099296115969608,HEALTHY,benign,False,0,A2
1300.0,benign_sched,0.3676926011740998,0.2878801712225487,HEALTHY,benign,False,0,A2
1300.0,benign_kpm,0.5207405211168739,0.3175861649437466,HEALTHY,benign,False,0,A2
1300.0,mal_A2,0.6565141923213127,0.6842767306199282,THROTTLE,A2,True,0,A2
1301.0,benign_ho,0.2624816880863136,0.3804400268948314,HEALTHY,benign,False,0,A2
1301.0,benign_sched,0.5390961860092593,0.33812337417989086,HEALTHY,benign,False,0,A2
1301.0,benign_kpm,0.3237247615367393,0.31881388426234514,HEALTHY,benign,False,0,A2
1301.0,mal_A2,0.6480211306528524,0.6770256106265131,THROTTLE,A2,True,0,A2
1302.0,benign_ho,0.46845101274133905,0.398042224064133,HEALTHY,benign,False,0,A2
1302.0,benign_sched,0.10196161927140468,0.2908910231981936,HEALTHY,benign,False,0,A2
1302.0,benign_kpm,0.24267945505202562,0.30358699842028125,HEALTHY,benign,False,0,A2
1302.0,mal_A2,0.73331238761797,0.6882829660248044,QUARANTINE,A2,True,0,A2
1303.0,benign_ho,0.2795109069738216,0.3743359606460707,HEALTHY,benign,False,0,A2
1303.0,benign_sched,0.5384182480299414,0.34039646816454316,HEALTHY,benign,False,0,A2
1303.0,benign_kpm,0.19846374490969723,0.28256234771816446,HEALTHY,benign,False,0,A2
1303.0,mal_A2,0.8143469380244589,0.7134957604247354,QUARANTINE,A2,True,0,A2
1304.0,benign_ho,0.3524422094621241,0.3699572104092814,HEALTHY,benign,False,0,A2
1304.0,benign_sched,0.5470780276892683,0.38173278006948824,HEALTHY,benign,False,0,A2
1304.0,benign_kpm,0.1540332843729819,0.256856535049128,HEALTHY,benign,False,0,A2
1304.0,mal_A2,0.6848919275538671,0.7077749938505618,QUARANTINE,A2,True,0,A2
1305.0,benign_ho,0.5348970514291457,0.4029451786132543,HEALTHY,benign,False,0,A2
1305.0,benign_sched,0.31021853307170777,0.3674299306699322,HEALTHY,benign,False,0,A2
1305.0,benign_kpm,0.24453018760913092,0.25439126556112857,HEALTHY,benign,False,0,A2
1305.0,mal_A2,0.6657200712859381,0.699364009337637,QUARANTINE,A2,True,0,A2
1306.0,benign_ho,0.33140671086980866,0.3886374850645652,HEALTHY,benign,False,0,A2
1306.0,benign_sched,0.5043279871511391,0.39480954196617357,HEALTHY,benign,False,0,A2
1306.0,benign_kpm,0.12381955316137692,0.22827692308117825,HEALTHY,benign,False,0,A2
1306.0,mal_A2,0.6924960206726636,0.6979904116046424,QUARANTINE,A2,True,0,A2
1307.0,benign_ho,0.38143983715490487,0.38719795548263314,HEALTHY,benign,False,0,A2
1307.0,benign_sched,0.2962045755288257,0.375088548678704,HEALTHY,benign,False,0,A2
1307.0,benign_kpm,0.33561784871995654,0.24974510820893392,HEALTHY,benign,False,0,A2
1307.0,mal_A2,0.6999557671307768,0.6983834827098694,QUARANTINE,A2,True,0,A2
1308.0,benign_ho,0.21008842642087636,0.3517760496702818,HEALTHY,benign,False,0,A2
1308.0,benign_sched,0.34326908853112964,0.36872465664918913,HEALTHY,benign,False,0,A2
1308.0,benign_kpm,0.13913444059333263,0.22762297468581366,HEALTHY,benign,False,0,A2
1308.0,mal_A2,0.6762615086403428,0.693959087895964,QUARANTINE,A2,True,0,A2
1309.0,benign_ho,0.3309278967250277,0.347606419081231,HEALTHY,benign,False,0,A2
1309.0,benign_sched,0.309746077034818,0.35692894072631487,HEALTHY,benign,False,0,A2
1309.0,benign_kpm,0.48542570103731114,0.2791835199561132,HEALTHY,benign,False,0,A2
1309.0,mal_A2,0.6509470832219098,0.6853566869611533,THROTTLE,A2,True,0,A2
1310.0,benign_ho,0.6336043311111984,0.40480600148722456,HEALTHY,benign,False,0,A2
1310.0,benign_sched,0.2867016854516181,0.3428834896713755,HEALTHY,benign,False,0,A2
1310.0,benign_kpm,0.3120524853454628,0.2857573130339831,HEALTHY,benign,False,0,A2
1310.0,mal_A2,0.915904523604544,0.7314662542898314,QUARANTINE,A2,True,0,A2
1311.0,benign_ho,0.26804464017310764,0.3774537292244012,HEALTHY,benign,False,0,A2
1311.0,benign_sched,0.2284079960477389,0.3199883909466482,HEALTHY,benign,False,0,A2
1311.0,benign_kpm,0.40893640180926505,0.3103931307890395,HEALTHY,benign,False,0,A2
1311.0,mal_A2,0.6243190267963685,0.7100368087911388,QUARANTINE,A2,True,0,A2
1312.0,benign_ho,0.44643081282093977,0.39124914594370896,HEALTHY,benign,False,0,A2
1312.0,benign_sched,0.12658960920715384,0.2813086345987494,HEALTHY,benign,False,0,A2
1312.0,benign_kpm,0.2864682677473251,0.30560815818069664,HEALTHY,benign,False,0,A2
1312.0,mal_A2,0.7166569324816814,0.7113608335292474,QUARANTINE,A2,True,0,A2
1313.0,benign_ho,0.4171443365064665,0.39642818405626046,HEALTHY,benign,False,0,A2
1313.0,benign_sched,0.18943681412521338,0.26293427050404217,HEALTHY,benign,False,0,A2
1313.0,benign_kpm,0.23303517034514093,0.2910935606135855,HEALTHY,benign,False,0,A2
1313.0,mal_A2,0.7021683679628693,0.7095223404159718,QUARANTINE,A2,True,0,A2
1314.0,benign_ho,0.396752488778364,0.3964930450006812,HEALTHY,benign,False,0,A2
1314.0,benign_sched,0.24866040885161247,0.26007949817355624,HEALTHY,benign,False,0,A2
1314.0,benign_kpm,0.3690937974845866,0.3066936079877857,HEALTHY,benign,False,0,A2
1314.0,mal_A2,0.6329932707987531,0.6942165264925282,QUARANTINE,A2,True,0,A2
1315.0,benign_ho,0.2853829552873514,0.3742710270580153,HEALTHY,benign,False,0,A2
1315.0,benign_sched,0.13108201560756427,0.23428000166035787,HEALTHY,benign,False,0,A2
1315.0,benign_kpm,0.48877917942721816,0.34311072227567224,HEALTHY,benign,False,0,A2
1315.0,mal_A2,0.5775036551240711,0.6708739522188367,THROTTLE,A2,True,0,A2
1316.0,benign_ho,0.4956207263577026,0.39854096691795277,HEALTHY,benign,False,0,A2
1316.0,benign_sched,0.3719608968075421,0.26181618068979473,HEALTHY,benign,False,0,A2
1316.0,benign_kpm,0.31882664939343736,0.3382539076992253,HEALTHY,benign,False,0,A2
1316.0,mal_A2,0.595653612258315,0.6558298842267324,THROTTLE,A2,True,0,A2
1317.0,benign_ho,0.4451749119649228,0.4078677559273468,HEALTHY,benign,False,0,A2
1317.0,benign_sched,0.3087424503432117,0.27120143462047813,HEALTHY,benign,False,0,A2
1317.0,benign_kpm,0.7850474224709176,0.4276126106535638,HEALTHY,benign,False,0,A2
1317.0,mal_A2,0.6202715044407531,0.6487182082695365,THROTTLE,A2,True,0,A2
1318.0,benign_ho,0.3726809456500025,0.40083039387187797,HEALTHY,benign,False,0,A2
1318.0,benign_sched,0.21246244193760663,0.25945363608390387,HEALTHY,benign,False,0,A2
1318.0,benign_kpm,0.27416383212032125,0.3969228549469153,HEALTHY,benign,False,0,A2
1318.0,mal_A2,0.6834529812522095,0.6556651628660711,THROTTLE,A2,True,0,A2
1319.0,benign_ho,0.299055105227308,0.38047533614296397,HEALTHY,benign,False,0,A2
1319.0,benign_sched,0.00596510309666186,0.2087559294864555,HEALTHY,benign,False,0,A2
1319.0,benign_kpm,0.09920805410735181,0.3373798947790026,HEALTHY,benign,False,0,A2
1319.0,mal_A2,0.650865710539878,0.6547052724008325,THROTTLE,A2,True,0,A2
1320.0,benign_ho,0.9218562169522907,0.4887515123048294,WATCH,benign,False,0,A2
1320.0,benign_sched,0.3738285520891085,0.2417704540069861,HEALTHY,benign,False,0,A2
1320.0,benign_kpm,0.14855328560348915,0.2996145729438999,HEALTHY,benign,False,0,A2
1320.0,mal_A2,0.6486125580578999,0.6534867295322461,THROTTLE,A2,True,0,A2
1321.0,benign_ho,0.2554086133834535,0.44208293252055425,HEALTHY,benign,False,0,A2
1321.0,benign_sched,0.06991468280287894,0.20739929976616467,HEALTHY,benign,False,0,A2
1321.0,benign_kpm,0.11029569458161498,0.26175079727144296,HEALTHY,benign,False,0,A2
1321.0,mal_A2,0.8725388354585596,0.6972971507175088,QUARANTINE,A2,True,0,A2
1322.0,benign_ho,0.2776023591935053,0.4091868178551445,HEALTHY,benign,False,0,A2
1322.0,benign_sched,0.33637497338306366,0.23319443448954447,HEALTHY,benign,False,0,A2
1322.0,benign_kpm,0.23026316078561193,0.25545326997427675,HEALTHY,benign,False,0,A2
1322.0,mal_A2,0.8578269799793129,0.7294031165698697,QUARANTINE,A2,True,0,A2
1323.0,benign_ho,0.4593820617583688,0.41922586663578937,HEALTHY,benign,False,0,A2
1323.0,benign_sched,0.11376017107545651,0.2093075818067269,HEALTHY,benign,False,0,A2
1323.0,benign_kpm,0.4553618066492862,0.29543497730927865,HEALTHY,benign,False,0,A2
1323.0,mal_A2,0.6275553244233762,0.709033558140571,QUARANTINE,A2,True,0,A2
1324.0,benign_ho,0.5364024362198212,0.44266118055259573,HEALTHY,benign,False,0,A2
1324.0,benign_sched,0.2371481993731982,0.21487570532002118,HEALTHY,benign,False,0,A2
1324.0,benign_kpm,0.6639930514807394,0.3691465921435708,HEALTHY,benign,False,0,A2
1324.0,mal_A2,0.7527038213496431,0.7177676107823854,QUARANTINE,A2,True,0,A2
1325.0,benign_ho,0.2970276988050245,0.4135344842030815,HEALTHY,benign,False,0,A2
1325.0,benign_sched,0.2283481910459654,0.21757020246521006,HEALTHY,benign,False,0,A2
1325.0,benign_kpm,0.22080516740158002,0.3394783071951727,HEALTHY,benign,False,0,A2
1325.0,mal_A2,0.6767582687528169,0.7095657423764716,QUARANTINE,A2,True,0,A2
1326.0,benign_ho,0.4669965925426934,0.42422690587100387,HEALTHY,benign,False,0,A2
1326.0,benign_sched,0.35318970100459596,0.24469410217308724,HEALTHY,benign,False,0,A2
1326.0,benign_kpm,0.5752937294237304,0.38664139164088424,HEALTHY,benign,False,0,A2
1326.0,mal_A2,0.6177222093439125,0.6911970357699598,QUARANTINE,A2,True,0,A2
1327.0,benign_ho,0.38767361367154135,0.4169162474311114,HEALTHY,benign,False,0,A2
1327.0,benign_sched,0.15814144648073916,0.22738357103461762,HEALTHY,benign,False,0,A2
1327.0,benign_kpm,0.11033936491107244,0.33138098629492185,HEALTHY,benign,False,0,A2
1327.0,mal_A2,0.8064370492534823,0.7142450384666643,QUARANTINE,A2,True,0,A2
1328.0,benign_ho,0.4546251298576633,0.4244580239164218,HEALTHY,benign,False,0,A2
1328.0,benign_sched,0.30743226986633365,0.24339331080096085,HEALTHY,benign,False,0,A2
1328.0,benign_kpm,0.19161435011293879,0.30342765905852526,HEALTHY,benign,False,0,A2
1328.0,mal_A2,0.7276139591853632,0.7169188226104041,QUARANTINE,A2,True,0,A2
1329.0,benign_ho,0.3710807337980095,0.4137825658927394,HEALTHY,benign,False,0,A2
1329.0,benign_sched,0.3014720719571502,0.2550090630321987,HEALTHY,benign,False,0,A2
1329.0,benign_kpm,0.19589637074944502,0.2819214013967092,HEALTHY,benign,False,0,A2
1329.0,mal_A2,0.7463692023701256,0.7228088985623484,QUARANTINE,A2,True,0,A2
1330.0,benign_ho,0.30466411696882784,0.3919588761079571,HEALTHY,benign,False,0,A2
1330.0,benign_sched,0.32917340423897257,0.2698419312735535,HEALTHY,benign,False,0,A2
1330.0,benign_kpm,0.35328029876991995,0.2961931808713513,HEALTHY,benign,False,0,A2
1330.0,mal_A2,0.6571154763623639,0.7096702141223515,QUARANTINE,A2,True,0,A2
1331.0,benign_ho,0.36946281709098605,0.3874596643045629,HEALTHY,benign,False,0,A2
1331.0,benign_sched,0.2286372878086672,0.2616010025805763,HEALTHY,benign,False,0,A2
1331.0,benign_kpm,0.2415643330391695,0.28526741130491495,HEALTHY,benign,False,0,A2
1331.0,mal_A2,0.6716840099552442,0.7020729732889301,QUARANTINE,A2,True,0,A2
1332.0,benign_ho,0.4141747516543632,0.392802681774523,HEALTHY,benign,False,0,A2
1332.0,benign_sched,0.31398570866038367,0.27207794379653777,HEALTHY,benign,False,0,A2
1332.0,benign_kpm,0.17857113713031583,0.2639281564699951,HEALTHY,benign,False,0,A2
1332.0,mal_A2,0.723635847698726,0.7063855481708893,QUARANTINE,A2,True,0,A2
1333.0,benign_ho,0.381258691307886,0.39049388368119564,HEALTHY,benign,False,0,A2
1333.0,benign_sched,0.2653736150824227,0.2707370780537148,HEALTHY,benign,False,0,A2
1333.0,benign_kpm,0.26101018216480265,0.26334456160895664,HEALTHY,benign,False,0,A2
1333.0,mal_A2,1.0,0.7651084385367115,QUARANTINE,A2,True,0,A2
1334.0,benign_ho,0.4501162112388034,0.40241834919271724,HEALTHY,benign,False,0,A2
1334.0,benign_sched,0.1700460331430154,0.2505988690715749,HEALTHY,benign,False,0,A2
1334.0,benign_kpm,0.17728245724669875,0.24613214073650508,HEALTHY,benign,False,0,A2
1334.0,mal_A2,0.7996065075841583,0.772008052346201,QUARANTINE,A2,True,0,A2
1335.0,benign_ho,0.5733323997066605,0.4366011592955059,HEALTHY,benign,False,0,A2
1335.0,benign_sched,0.18848918977826384,0.2381769332129127,HEALTHY,benign,False,0,A2
1335.0,benign_kpm,0.45245489556352475,0.28739669170190907,HEALTHY,benign,False,0,A2
1335.0,mal_A2,0.6386259924328189,0.7453316403635246,QUARANTINE,A2,True,0,A2
1336.0,benign_ho,0.23960494096307708,0.3972019156290202,HEALTHY,benign,False,0,A2
1336.0,benign_sched,0.6741470077825107,0.3253709481268323,HEALTHY,benign,False,0,A2
1336.0,benign_kpm,0.2857666070089295,0.28707067476331316,HEALTHY,benign,False,0,A2
1336.0,mal_A2,0.720141746844669,0.7402936616597535,QUARANTINE,A2,True,0,A2
1337.0,benign_ho,0.48613538844972215,0.4149886101931606,HEALTHY,benign,False,0,A2
1337.0,benign_sched,0.23617500233788893,0.30753175896904367,HEALTHY,benign,False,0,A2
1337.0,benign_kpm,0.2298027679279786,0.2756170933962463,HEALTHY,benign,False,0,A2
1337.0,mal_A2,0.6008384688384484,0.7124026230954925,QUARANTINE,A2,True,0,A2
1338.0,benign_ho,0.502491181040399,0.4324891243626083,HEALTHY,benign,False,0,A2
1338.0,benign_sched,0.15207841676852565,0.27644109052894006,HEALTHY,benign,False,0,A2
1338.0,benign_kpm,0.32669066328030794,0.28583180737305863,HEALTHY,benign,False,0,A2
1338.0,mal_A2,0.6553096283376468,0.7009840241439235,QUARANTINE,A2,True,0,A2
1339.0,benign_ho,0.6809640985702586,0.4821841192041384,WATCH,benign,False,0,A2
1339.0,benign_sched,0.3728147097976568,0.29571581438268346,HEALTHY,benign,False,0,A2
1339.0,benign_kpm,0.21436105298934674,0.2715376564963163,HEALTHY,benign,False,0,A2
1339.0,mal_A2,0.7233842246362836,0.7054640642423955,QUARANTINE,A2,True,0,A2
1340.0,benign_ho,0.29097657069179167,0.4439426095016691,HEALTHY,benign,False,0,A2
1340.0,benign_sched,0.5281734097112963,0.34220733344840604,HEALTHY,benign,False,0,A2
1340.0,benign_kpm,0.2971248123596118,0.2766550876689754,HEALTHY,benign,False,0,A2
1340.0,mal_A2,0.7696158190862303,0.7182944152111626,QUARANTINE,A2,True,0,A2
1341.0,benign_ho,0.361904566132535,0.4275350008278423,HEALTHY,benign,False,0,A2
1341.0,benign_sched,0.158583028865216,0.305482472531768,HEALTHY,benign,False,0,A2
1341.0,benign_kpm,0.14324577114314807,0.24997322436380995,HEALTHY,benign,False,0,A2
1341.0,mal_A2,0.6836809129782164,0.7113717147645733,QUARANTINE,A2,True,0,A2
1342.0,benign_ho,0.3266648991218904,0.4073609804866519,HEALTHY,benign,False,0,A2
1342.0,benign_sched,0.022058098297723826,0.24879759768495918,HEALTHY,benign,False,0,A2
1342.0,benign_kpm,0.6788605823669175,0.33575069596443147,HEALTHY,benign,False,0,A2
1342.0,mal_A2,0.7378977308965756,0.7166769179909738,QUARANTINE,A2,True,0,A2
1343.0,benign_ho,0.5191101989619988,0.42971082418172135,HEALTHY,benign,False,0,A2
1343.0,benign_sched,0.13880876590037852,0.22679983132804307,HEALTHY,benign,False,0,A2
1343.0,benign_kpm,0.6244708848507668,0.3934947337416986,HEALTHY,benign,False,0,A2
1343.0,mal_A2,0.7128046073896372,0.7159024558707064,QUARANTINE,A2,True,0,A2
1344.0,benign_ho,0.34787831405417347,0.4133443221562118,HEALTHY,benign,False,0,A2
1344.0,benign_sched,0.2357293850161234,0.22858574206565915,HEALTHY,benign,False,0,A2
1344.0,benign_kpm,0.17534706164530028,0.34986519932241894,HEALTHY,benign,False,0,A2
1344.0,mal_A2,0.7261421111186327,0.7179503869202918,QUARANTINE,A2,True,0,A2
1345.0,benign_ho,0.28956206619403263,0.388587870963776,HEALTHY,benign,False,0,A2
1345.0,benign_sched,0.12038835001640978,0.2069462636558093,HEALTHY,benign,False,0,A2
1345.0,benign_kpm,0.15669874837570205,0.3112319091330756,HEALTHY,benign,False,0,A2
1345.0,mal_A2,0.7253906236116807,0.7194384342585696,QUARANTINE,A2,True,0,A2
1346.0,benign_ho,0.3701068373473274,0.3848916642404863,HEALTHY,benign,False,0,A2
1346.0,benign_sched,0.12730996335012984,0.19101900359467341,HEALTHY,benign,False,0,A2
1346.0,benign_kpm,0.3199913487593298,0.31298379705832646,HEALTHY,benign,False,0,A2
1346.0,mal_A2,0.6195743780021296,0.6994656230072815,QUARANTINE,A2,True,0,A2
1347.0,benign_ho,0.4770809500764351,0.4033295214076761,HEALTHY,benign,False,0,A2
1347.0,benign_sched,0.11047593815247905,0.17491039050623455,HEALTHY,benign,False,0,A2
1347.0,benign_kpm,0.4291017817841133,0.3362073940034839,HEALTHY,benign,False,0,A2
1347.0,mal_A2,0.8064644767445428,0.7208653937547338,QUARANTINE,A2,True,0,A2
1348.0,benign_ho,0.41892733882751915,0.4064490848916447,HEALTHY,benign,False,0,A2
1348.0,benign_sched,0.06926393710263085,0.15378109982551383,HEALTHY,benign,False,0,A2
1348.0,benign_kpm,0.2006198575177834,0.3090898867063438,HEALTHY,benign,False,0,A2
1348.0,mal_A2,0.760784302117573,0.7288491754273017,QUARANTINE,A2,True,0,A2
1349.0,benign_ho,0.6781289087168961,0.460785049656695,HEALTHY,benign,False,0,A2
1349.0,benign_sched,0.3336306390808499,0.18975100767658104,HEALTHY,benign,False,0,A2
1349.0,benign_kpm,0.20554420069041165,0.2883807495031574,HEALTHY,benign,False,0,A2
1349.0,mal_A2,0.7231041698159644,0.7277001743050343,QUARANTINE,A2,True,0,A2
1350.0,benign_ho,0.39348604907445517,0.44732524954024705,HEALTHY,benign,False,0,A2
1350.0,benign_sched,0.4272003526404501,0.23724087666935487,HEALTHY,benign,False,0,A2
1350.0,benign_kpm,0.6656361918120302,0.36383183796493196,HEALTHY,benign,False,0,A2
1350.0,mal_A2,0.6546458378299206,0.7130893070100116,QUARANTINE,A2,True,0,A2
1351.0,benign_ho,0.3369191192105188,0.42524402347430146,HEALTHY,benign,False,0,A2
1351.0,benign_sched,0.17053402358125214,0.22389950605173434,HEALTHY,benign,False,0,A2
1351.0,benign_kpm,0.4286134654871738,0.3767881634693803,HEALTHY,benign,False,0,A2
1351.0,mal_A2,0.6830168519277469,0.7070748159935587,QUARANTINE,A2,True,0,A2
1352.0,benign_ho,0.5296510612822614,0.44612543103589347,HEALTHY,benign,False,0,A2
1352.0,benign_sched,0.23871037923134114,0.22686168068765572,HEALTHY,benign,False,0,A2
1352.0,benign_kpm,0.39184164395774357,0.379798859567053,HEALTHY,benign,False,0,A2
1352.0,mal_A2,0.7280975165739971,0.7112793561096464,QUARANTINE,A2,True,0,A2
1353.0,benign_ho,0.3324131225844663,0.42338296934560804,HEALTHY,benign,False,0,A2
1353.0,benign_sched,0.3440091939242734,0.25029118333497924,HEALTHY,benign,False,0,A2
1353.0,benign_kpm,0.1457312861904848,0.33298534489173937,HEALTHY,benign,False,0,A2
1353.0,mal_A2,0.8104253212701641,0.7311085491417499,QUARANTINE,A2,True,0,A2
1354.0,benign_ho,0.41579105470119027,0.42186458641672453,HEALTHY,benign,False,0,A2
1354.0,benign_sched,0.3096428837707398,0.2621615234221314,HEALTHY,benign,False,0,A2
1354.0,benign_kpm,0.24608705828848365,0.3156056875710882,HEALTHY,benign,False,0,A2
1354.0,mal_A2,0.7092987011169489,0.7267465795367898,QUARANTINE,A2,True,0,A2
1355.0,benign_ho,0.3806002730962129,0.41361172375262223,HEALTHY,benign,False,0,A2
1355.0,benign_sched,0.16132053259219167,0.24199332525614345,HEALTHY,benign,False,0,A2
1355.0,benign_kpm,0.3046546568886326,0.31341548143459713,HEALTHY,benign,False,0,A2
1355.0,mal_A2,0.7967009184164457,0.7407374473127211,QUARANTINE,A2,True,0,A2
1356.0,benign_ho,0.3166908781717551,0.3942275546364488,HEALTHY,benign,False,0,A2
1356.0,benign_sched,0.36048421931197683,0.2656915040673101,HEALTHY,benign,False,0,A2
1356.0,benign_kpm,0.42351394031895206,0.3354351732114681,HEALTHY,benign,False,0,A2
1356.0,mal_A2,0.6789759999144178,0.7283851578330605,QUARANTINE,A2,True,0,A2
1357.0,benign_ho,0.4405314827864175,0.4034883402664426,HEALTHY,benign,False,0,A2
1357.0,benign_sched,0.3489066897867601,0.2823345412112001,HEALTHY,benign,False,0,A2
1357.0,benign_kpm,0.328087648936287,0.33396566835643193,HEALTHY,benign,False,0,A2
1357.0,mal_A2,0.6613251910303839,0.7149731644725252,QUARANTINE,A2,True,0,A2
1358.0,benign_ho,0.40267412740566677,0.4033254976942875,HEALTHY,benign,False,0,A2
1358.0,benign_sched,0.21873973516247097,0.2696155800014543,HEALTHY,benign,False,0,A2
1358.0,benign_kpm,0.28109148049622507,0.32339083078439057,HEALTHY,benign,False,0,A2
1358.0,mal_A2,0.6367111523605069,0.6993207620501216,QUARANTINE,A2,True,0,A2
1359.0,benign_ho,0.392099167844787,0.40108023172438745,HEALTHY,benign,False,0,A2
1359.0,benign_sched,0.1302290627915313,0.24173827655946972,HEALTHY,benign,False,0,A2
1359.0,benign_kpm,0.1410220753771838,0.2869170797029492,HEALTHY,benign,False,0,A2
1359.0,mal_A2,0.7679305950405788,0.7130427286482132,QUARANTINE,A2,True,0,A2
1360.0,benign_ho,0.34818082095815467,0.39050034957114094,HEALTHY,benign,False,0,A2
1360.0,benign_sched,0.17535714150566156,0.22846204954870808,HEALTHY,benign,False,0,A2
1360.0,benign_kpm,0.3028538242818904,0.2901044286187375,HEALTHY,benign,False,0,A2
1360.0,mal_A2,0.6393994953513985,0.6983140819888503,QUARANTINE,A2,True,0,A2
1361.0,benign_ho,0.3139525099507882,0.3751907816470704,HEALTHY,benign,False,0,A2
1361.0,benign_sched,0.24949368274278672,0.2326683761875238,HEALTHY,benign,False,0,A2
1361.0,benign_kpm,0.18936565521443854,0.2699566739378777,HEALTHY,benign,False,0,A2
1361.0,mal_A2,0.6221636914109508,0.6830840038732704,THROTTLE,A2,True,0,A2
1362.0,benign_ho,0.2946601214253316,0.3590846496027227,HEALTHY,benign,False,0,A2
1362.0,benign_sched,0.06211882761520262,0.19855846647305958,HEALTHY,benign,False,0,A2
1362.0,benign_kpm,0.2792110231424553,0.27180754377879324,HEALTHY,benign,False,0,A2
1362.0,mal_A2,0.6726430171883908,0.6809958065362944,THROTTLE,A2,True,0,A2
1363.0,benign_ho,0.24312683599323784,0.33589308688082575,HEALTHY,benign,False,0,A2
1363.0,benign_sched,0.2806393176627626,0.2149746367110002,HEALTHY,benign,False,0,A2
1363.0,benign_kpm,0.44374288297598097,0.3061946116182308,HEALTHY,benign,False,0,A2
1363.0,mal_A2,0.7233454937923206,0.6894657439874997,QUARANTINE,A2,True,0,A2
1364.0,benign_ho,0.6095872891142023,0.39063192732750107,HEALTHY,benign,False,0,A2
1364.0,benign_sched,0.18582268308523195,0.20914424598584655,HEALTHY,benign,False,0,A2
1364.0,benign_kpm,0.34656895596865006,0.3142694804883147,HEALTHY,benign,False,0,A2
1364.0,mal_A2,0.7004739902773205,0.6916673932454639,QUARANTINE,A2,True,0,A2
1365.0,benign_ho,0.48924417844221185,0.41035437755044324,HEALTHY,benign,False,0,A2
1365.0,benign_sched,0.3089330423648158,0.2291020052616404,HEALTHY,benign,False,0,A2
1365.0,benign_kpm,0.2608828164575259,0.3035921476821569,HEALTHY,benign,False,0,A2
1365.0,mal_A2,0.7943471115362113,0.7122033369036134,QUARANTINE,A2,True,0,A2
1366.0,benign_ho,0.29078048734601014,0.38643959950955664,HEALTHY,benign,False,0,A2
1366.0,benign_sched,0.0,0.18328160420931233,HEALTHY,benign,False,0,A2
1366.0,benign_kpm,0.5327705867384595,0.34942783549341744,HEALTHY,benign,False,0,A2
1366.0,mal_A2,0.652224494022634,0.7002075683274175,QUARANTINE,A2,True,0,A2
1367.0,benign_ho,0.13765369024329502,0.33668241765630436,HEALTHY,benign,False,0,A2
1367.0,benign_sched,0.05114702899908465,0.1568546891672668,HEALTHY,benign,False,0,A2
1367.0,benign_kpm,0.5441935016844789,0.38838096873162975,HEALTHY,benign,False,0,A2
1367.0,mal_A2,0.7459065404977399,0.709347362761482,QUARANTINE,A2,True,0,A2
1368.0,benign_ho,0.32924071938777466,0.33519407800259843,HEALTHY,benign,False,0,A2
1368.0,benign_sched,0.09198568300809486,0.1438808879354324,HEALTHY,benign,False,0,A2
1368.0,benign_kpm,0.3817914022743921,0.3870630554401822,HEALTHY,benign,False,0,A2
1368.0,mal_A2,0.7255918660573473,0.7125962634206551,QUARANTINE,A2,True,0,A2
1369.0,benign_ho,0.42523808579943395,0.35320287956196555,HEALTHY,benign,False,0,A2
1369.0,benign_sched,0.1947277050804043,0.1540502513644268,HEALTHY,benign,False,0,A2
1369.0,benign_kpm,0.3754434419188254,0.38473913273591087,HEALTHY,benign,False,0,A2
1369.0,mal_A2,0.8950362800890802,0.7490842667543401,QUARANTINE,A2,True,0,A2
1370.0,benign_ho,0.4620754035540849,0.37497738436038947,HEALTHY,benign,False,0,A2
1370.0,benign_sched,0.15915386076856397,0.15507097324525423,HEALTHY,benign,False,0,A2
1370.0,benign_kpm,0.5621525527297707,0.4202218167346829,HEALTHY,benign,False,0,A2
1370.0,mal_A2,0.5047054204833551,0.7002084975001431,QUARANTINE,A2,True,0,A2
1371.0,benign_ho,0.39937815199456067,0.37985753788722376,HEALTHY,benign,False,0,A2
1371.0,benign_sched,0.2457412848071455,0.1732050355576325,HEALTHY,benign,False,0,A2
1371.0,benign_kpm,0.47788364549273804,0.43175418248629394,HEALTHY,benign,False,0,A2
1371.0,mal_A2,0.7148188312295048,0.7031305642460155,QUARANTINE,A2,True,0,A2
1372.0,benign_ho,0.3613723471964938,0.3761604997490778,HEALTHY,benign,False,0,A2
1372.0,benign_sched,0.10514017196625482,0.15959206283935698,HEALTHY,benign,False,0,A2
1372.0,benign_kpm,0.22606896337703616,0.39061713866444236,HEALTHY,benign,False,0,A2
1372.0,mal_A2,0.726275842810264,0.7077596199588652,QUARANTINE,A2,True,0,A2
1373.0,benign_ho,0.33172813733468315,0.36727402726619884,HEALTHY,benign,False,0,A2
1373.0,benign_sched,0.43843642275017514,0.21536093482152063,HEALTHY,benign,False,0,A2
1373.0,benign_kpm,0.27263634566653844,0.3670209800648616,HEALTHY,benign,False,0,A2
1373.0,mal_A2,0.8339200104041641,0.732991698047925,QUARANTINE,A2,True,0,A2
1374.0,benign_ho,0.3415047590898541,0.36212017363092996,HEALTHY,benign,False,0,A2
1374.0,benign_sched,0.12910566721678354,0.19810988130057322,HEALTHY,benign,False,0,A2
1374.0,benign_kpm,0.1287068653045856,0.3193581571128064,HEALTHY,benign,False,0,A2
1374.0,mal_A2,0.6853081282252677,0.7234549840833935,QUARANTINE,A2,True,0,A2
1375.0,benign_ho,0.29809603270685703,0.3493153454461154,HEALTHY,benign,False,0,A2
1375.0,benign_sched,0.26277772532478527,0.21104345010541564,HEALTHY,benign,False,0,A2
1375.0,benign_kpm,0.2855347356156152,0.3125934728133682,HEALTHY,benign,False,0,A2
1375.0,mal_A2,0.6333441896477836,0.7054328251962716,QUARANTINE,A2,True,0,A2
1376.0,benign_ho,0.3975441908154408,0.35896111451998053,HEALTHY,benign,False,0,A2
1376.0,benign_sched,0.4673570915090933,0.26230617838615117,HEALTHY,benign,False,0,A2
1376.0,benign_kpm,0.3888136083495813,0.32783749992061084,HEALTHY,benign,False,0,A2
1376.0,mal_A2,0.8627271600245564,0.7368916921619286,QUARANTINE,A2,True,0,A2
1377.0,benign_ho,0.34115165008927684,0.3553992216338398,HEALTHY,benign,False,0,A2
1377.0,benign_sched,0.503924286871859,0.3106298000832928,HEALTHY,benign,False,0,A2
1377.0,benign_kpm,0.2274021969964677,0.3077504393357822,HEALTHY,benign,False,0,A2
1377.0,mal_A2,0.6194919217618272,0.7134117380819084,QUARANTINE,A2,True,0,A2
1378.0,benign_ho,0.44894980159916054,0.37410933762690396,HEALTHY,benign,False,0,A2
1378.0,benign_sched,0.08565284121087567,0.26563440830880936,HEALTHY,benign,False,0,A2
1378.0,benign_kpm,0.28541893058187323,0.30328413758500045,HEALTHY,benign,False,0,A2
1378.0,mal_A2,0.7264803901638739,0.7160254684983015,QUARANTINE,A2,True,0,A2
1379.0,benign_ho,0.377842147815951,0.3748558996647134,HEALTHY,benign,False,0,A2
1379.0,benign_sched,0.2534694516603395,0.2632014169791154,HEALTHY,benign,False,0,A2
1379.0,benign_kpm,0.31455896978880743,0.30553910402576184,HEALTHY,benign,False,0,A2
1379.0,mal_A2,0.697370062031694,0.7122943872049801,QUARANTINE,A2,True,0,A2
1380.0,benign_ho,0.33176225240066604,0.36623717021190394,HEALTHY,benign,False,0,A2
1380.0,benign_sched,0.1811091970684498,0.24678297299698232,HEALTHY,benign,False,0,A2
1380.0,benign_kpm,0.2537587047691004,0.29518302417442954,HEALTHY,benign,False,0,A2
1380.0,mal_A2,0.8428882953803719,0.7384131688400585,QUARANTINE,A2,True,0,A2
1381.0,benign_ho,0.39579076387534007,0.37214788894459117,HEALTHY,benign,False,0,A2
1381.0,benign_sched,0.33945684293369466,0.2653177469843248,HEALTHY,benign,False,0,A2
1381.0,benign_kpm,0.21439047865879798,0.2790245150713032,HEALTHY,benign,False,0,A2
1381.0,mal_A2,0.6008391270059025,0.7108983604732273,QUARANTINE,A2,True,0,A2
1382.0,benign_ho,0.3027912690693825,0.3582765649695494,HEALTHY,benign,False,0,A2
1382.0,benign_sched,0.262479009346535,0.26474999945676686,HEALTHY,benign,False,0,A2
1382.0,benign_kpm,0.4549961999892698,0.3142188520548965,HEALTHY,benign,False,0,A2
1382.0,mal_A2,0.6235246158735962,0.6934236115533011,QUARANTINE,A2,True,0,A2
1383.0,benign_ho,0.4164056941098297,0.36990239079760545,HEALTHY,benign,False,0,A2
1383.0,benign_sched,0.7029932760440011,0.3523986547742137,HEALTHY,benign,False,0,A2
1383.0,benign_kpm,0.5439731012499337,0.360169701893904,HEALTHY,benign,False,0,A2
1383.0,mal_A2,0.7563895674606472,0.7060168027347704,QUARANTINE,A2,True,0,A2
1384.0,benign_ho,0.25941403474627966,0.3478047195873403,HEALTHY,benign,False,0,A2
1384.0,benign_sched,0.22255568971835846,0.3264300617630427,HEALTHY,benign,False,0,A2
1384.0,benign_kpm,0.21916466757278047,0.3319686950296793,HEALTHY,benign,False,0,A2
1384.0,mal_A2,0.6230644204775633,0.689426326283329,QUARANTINE,A2,True,0,A2
1385.0,benign_ho,0.4878681287657473,0.3758174014230218,HEALTHY,benign,False,0,A2
1385.0,benign_sched,0.2830706295597194,0.31775817532237804,HEALTHY,benign,False,0,A2
1385.0,benign_kpm,0.4389165513258626,0.353358266288916,HEALTHY,benign,False,0,A2
1385.0,mal_A2,0.6609288751645683,0.683726836059577,THROTTLE,A2,True,0,A2
1386.0,benign_ho,0.4039616683334267,0.3814462548051028,HEALTHY,benign,False,0,A2
1386.0,benign_sched,0.19074235761941652,0.29235501178178575,HEALTHY,benign,False,0,A2
1386.0,benign_kpm,0.3372391246587448,0.35013443796288174,HEALTHY,benign,False,0,A2
1386.0,mal_A2,0.6629104182161508,0.6795635524908918,THROTTLE,A2,True,0,A2
1387.0,benign_ho,0.43145151982149327,0.39144730780838094,HEALTHY,benign,False,0,A2
1387.0,benign_sched,0.13239032256864613,0.26036207393915783,HEALTHY,benign,False,0,A2
1387.0,benign_kpm,0.3738506812234296,0.3548776866149913,HEALTHY,benign,False,0,A2
1387.0,mal_A2,0.6719754754271822,0.67804593707815,THROTTLE,A2,True,0,A2
1388.0,benign_ho,0.407487525401889,0.39465535132708257,HEALTHY,benign,False,0,A2
1388.0,benign_sched,0.11678891273595012,0.2316474416985163,HEALTHY,benign,False,0,A2
1388.0,benign_kpm,0.40603192693057105,0.3651085346781072,HEALTHY,benign,False,0,A2
1388.0,mal_A2,0.6602497706558234,0.6744867037936847,THROTTLE,A2,True,0,A2
1389.0,benign_ho,0.3926615260202992,0.3942565862657259,HEALTHY,benign,False,0,A2
1389.0,benign_sched,0.15752251385768648,0.21682245613035037,HEALTHY,benign,False,0,A2
1389.0,benign_kpm,0.25168786053497294,0.34242439984948037,HEALTHY,benign,False,0,A2
1389.0,mal_A2,0.7025859338403363,0.680106549803015,THROTTLE,A2,True,0,A2
1390.0,benign_ho,0.1913038852479493,0.3536660460621706,HEALTHY,benign,False,0,A2
1390.0,benign_sched,0.3060080574207126,0.23465957638842283,HEALTHY,benign,False,0,A2
1390.0,benign_kpm,0.21235275206096482,0.31641007029177726,HEALTHY,benign,False,0,A2
1390.0,mal_A2,0.6386471957553341,0.6718146789934788,THROTTLE,A2,True,0,A2
1391.0,benign_ho,0.4999656944264659,0.38292597573502973,HEALTHY,benign,False,0,A2
1391.0,benign_sched,0.21377452844602157,0.23048256679994258,HEALTHY,benign,False,0,A2
1391.0,benign_kpm,0.3766645464092075,0.3284609655152633,HEALTHY,benign,False,0,A2
1391.0,mal_A2,0.8643574336160935,0.7103232299180018,QUARANTINE,A2,True,0,A2
1392.0,benign_ho,0.4059255453754403,0.3875258896631119,HEALTHY,benign,False,0,A2
1392.0,benign_sched,0.045373503386790866,0.19346075411731223,HEALTHY,benign,False,0,A2
1392.0,benign_kpm,0.5723193007571553,0.37723263256364176,HEALTHY,benign,False,0,A2
1392.0,mal_A2,0.6466637461903528,0.697591333172472,QUARANTINE,A2,True,0,A2
1393.0,benign_ho,0.4511248697267633,0.40024568567584223,HEALTHY,benign,False,0,A2
1393.0,benign_sched,0.2067603947451951,0.1961206822428888,HEALTHY,benign,False,0,A2
1393.0,benign_kpm,0.2910053880055586,0.35998718365202514,HEALTHY,benign,False,0,A2
1393.0,mal_A2,0.6467758826929477,0.6874282430765671,THROTTLE,A2,True,0,A2
1394.0,benign_ho,0.2806645038340451,0.37632944930748286,HEALTHY,benign,False,0,A2
1394.0,benign_sched,0.20906749871632768,0.1987100455375766,HEALTHY,benign,False,0,A2
1394.0,benign_kpm,0.6946530486280094,0.42692035664722194,HEALTHY,benign,False,0,A2
1394.0,mal_A2,0.6839347915221256,0.6867295527656788,THROTTLE,A2,True,0,A2
1395.0,benign_ho,0.5276390636073266,0.4065913721674516,HEALTHY,benign,False,0,A2
1395.0,benign_sched,0.3535405786551533,0.22967615216109197,HEALTHY,benign,False,0,A2
1395.0,benign_kpm,0.29472866085452026,0.4004820174886816,HEALTHY,benign,False,0,A2
1395.0,mal_A2,0.8221632518011381,0.7138162925727707,QUARANTINE,A2,True,0,A2
1396.0,benign_ho,0.36765597142672035,0.39880429201930534,HEALTHY,benign,False,0,A2
1396.0,benign_sched,0.3117318422407126,0.24608729017701608,HEALTHY,benign,False,0,A2
1396.0,benign_kpm,0.39022005454309466,0.3984296248995643,HEALTHY,benign,False,0,A2
1396.0,mal_A2,0.6910517611414894,0.7092633862865145,QUARANTINE,A2,True,0,A2
1397.0,benign_ho,0.5742760640741931,0.4338986464302829,HEALTHY,benign,False,0,A2
1397.0,benign_sched,0.21070745556828982,0.23901132325527086,HEALTHY,benign,False,0,A2
1397.0,benign_kpm,0.3537199605272232,0.3894876920250961,HEALTHY,benign,False,0,A2
1397.0,mal_A2,0.6818480458901529,0.7037803182072422,QUARANTINE,A2,True,0,A2
1398.0,benign_ho,0.34675014044873387,0.41646894523397315,HEALTHY,benign,False,0,A2
1398.0,benign_sched,0.6936753177208078,0.32994412214837826,HEALTHY,benign,False,0,A2
1398.0,benign_kpm,0.2487424217989082,0.36133863797985855,HEALTHY,benign,False,0,A2
1398.0,mal_A2,0.662567442756532,0.6955377431171001,QUARANTINE,A2,True,0,A2
1399.0,benign_ho,0.397492905193954,0.41267373722596934,HEALTHY,benign,False,0,A2
1399.0,benign_sched,0.8501322639323754,0.43398175050517773,HEALTHY,benign,False,0,A2
1399.0,benign_kpm,0.5311428009797748,0.3952994705798418,HEALTHY,benign,False,0,A2
1399.0,mal_A2,0.6888145284837102,0.6941931001904222,QUARANTINE,A2,True,0,A2
1400.0,benign_ho,0.4673216203051761,0.4236033138418107,HEALTHY,benign,False,0,A2
1400.0,benign_sched,0.22253809816994452,0.3916930200381311,HEALTHY,benign,False,0,A2
1400.0,benign_kpm,0.2309509498054418,0.36242976642496183,HEALTHY,benign,False,0,A2
1400.0,mal_A2,0.6981124449417058,0.694976969140679,QUARANTINE,A2,True,0,A2
1401.0,benign_ho,0.35094039979970254,0.40907073103338915,HEALTHY,benign,False,0,A2
1401.0,benign_sched,0.32656979018874177,0.37866837406825327,HEALTHY,benign,False,0,A2
1401.0,benign_kpm,0.3162697494593166,0.3531977630318328,HEALTHY,benign,False,0,A2
1401.0,mal_A2,0.7848011410841526,0.7129418035293738,QUARANTINE,A2,True,0,A2
1402.0,benign_ho,0.20715398928580617,0.3686873826838726,HEALTHY,benign,False,0,A2
1402.0,benign_sched,0.2653325363773488,0.3560012065300724,HEALTHY,benign,False,0,A2
1402.0,benign_kpm,0.42707496667572153,0.36797320376061055,HEALTHY,benign,False,0,A2
1402.0,mal_A2,0.9246122863432884,0.7552759000921567,QUARANTINE,A2,True,0,A2
1403.0,benign_ho,0.4894668269889929,0.3928432715448967,HEALTHY,benign,False,0,A2
1403.0,benign_sched,0.23545693739983403,0.33189235270402473,HEALTHY,benign,False,0,A2
1403.0,benign_kpm,0.316180684837892,0.3576146999760669,HEALTHY,benign,False,0,A2
1403.0,mal_A2,0.6153003382394754,0.7272807877216205,QUARANTINE,A2,True,0,A2
1404.0,benign_ho,0.4612223124015668,0.40651907971623075,HEALTHY,benign,False,0,A2
1404.0,benign_sched,0.4314411560985103,0.3518021133829219,HEALTHY,benign,False,0,A2
1404.0,benign_kpm,0.21263979247785753,0.328619718476425,HEALTHY,benign,False,0,A2
1404.0,mal_A2,0.8136547158782779,0.7445555733529521,QUARANTINE,A2,True,0,A2
1405.0,benign_ho,0.4854483575266194,0.4223049352783085,HEALTHY,benign,False,0,A2
1405.0,benign_sched,0.26713747319951864,0.3348691853462412,HEALTHY,benign,False,0,A2
1405.0,benign_kpm,0.47597924821909016,0.35809162442495807,HEALTHY,benign,False,0,A2
1405.0,mal_A2,0.760551393809545,0.7477547374442707,QUARANTINE,A2,True,0,A2
1406.0,benign_ho,0.3442541816465694,0.4066947845519607,HEALTHY,benign,False,0,A2
1406.0,benign_sched,0.2933368851467701,0.326562725306347,HEALTHY,benign,False,0,A2
1406.0,benign_kpm,0.2577679425397849,0.33802688804792347,HEALTHY,benign,False,0,A2
1406.0,mal_A2,0.6503610161971785,0.7282759931948523,QUARANTINE,A2,True,0,A2
1407.0,benign_ho,0.3079834523592054,0.38695251811340964,HEALTHY,benign,False,0,A2
1407.0,benign_sched,0.4132480708536521,0.34389979441580804,HEALTHY,benign,False,0,A2
1407.0,benign_kpm,0.8066138509603076,0.4317442806304003,HEALTHY,benign,False,0,A2
1407.0,mal_A2,0.723562538652155,0.7273333022863128,QUARANTINE,A2,True,0,A2
1408.0,benign_ho,0.30464269213285566,0.3704905529172989,HEALTHY,benign,False,0,A2
1408.0,benign_sched,0.4346504223348167,0.3620499199996098,HEALTHY,benign,False,0,A2
1408.0,benign_kpm,0.2617144301332453,0.3977383105309693,HEALTHY,benign,False,0,A2
1408.0,mal_A2,0.6470801411619289,0.7112826700614361,QUARANTINE,A2,True,0,A2
1409.0,benign_ho,0.180669675605531,0.3325263774549453,HEALTHY,benign,False,0,A2
1409.0,benign_sched,0.12320185991841193,0.31428030798337026,HEALTHY,benign,False,0,A2
1409.0,benign_kpm,0.6574456139525997,0.4496797712152954,HEALTHY,benign,False,0,A2
1409.0,mal_A2,0.7883419313474811,0.7266945223186451,QUARANTINE,A2,True,0,A2
1410.0,benign_ho,0.32078682150977084,0.3301784662659104,HEALTHY,benign,False,0,A2
1410.0,benign_sched,0.1756031359865731,0.2865448735840108,HEALTHY,benign,False,0,A2
1410.0,benign_kpm,0.2753219868782306,0.41480821434788245,HEALTHY,benign,False,0,A2
1410.0,mal_A2,0.7934431379199122,0.7400442454388985,QUARANTINE,A2,True,0,A2
1411.0,benign_ho,0.42399797627725333,0.348942368268179,HEALTHY,benign,False,0,A2
1411.0,benign_sched,0.3418129581775246,0.2975984905027136,HEALTHY,benign,False,0,A2
1411.0,benign_kpm,0.13055705136886975,0.35795798175207993,HEALTHY,benign,False,0,A2
1411.0,mal_A2,0.5908382778978982,0.7102030519306984,QUARANTINE,A2,True,0,A2
1412.0,benign_ho,0.27384835779480254,0.3339235661735037,HEALTHY,benign,False,0,A2
1412.0,benign_sched,0.3273714274584031,0.3035530778938515,HEALTHY,benign,False,0,A2
1412.0,benign_kpm,0.499392704624713,0.38624492632660656,HEALTHY,benign,False,0,A2
1412.0,mal_A2,0.7919222919588212,0.726546899936323,QUARANTINE,A2,True,0,A2
1413.0,benign_ho,0.34664970405267265,0.33646879374933747,HEALTHY,benign,False,0,A2
1413.0,benign_sched,0.2091980481139957,0.28468207193788037,HEALTHY,benign,False,0,A2
1413.0,benign_kpm,0.31786713922178306,0.37256936890564185,HEALTHY,benign,False,0,A2
1413.0,mal_A2,0.8175872367568978,0.7447549673004381,QUARANTINE,A2,True,0,A2
1414.0,benign_ho,0.3185970838248331,0.3328944517644366,HEALTHY,benign,False,0,A2
1414.0,benign_sched,0.2729410860339174,0.28233387475708777,HEALTHY,benign,False,0,A2
1414.0,benign_kpm,0.16753224948223888,0.3315619450209613,HEALTHY,benign,False,0,A2
1414.0,mal_A2,0.9386560243062457,0.7835351787015997,QUARANTINE,A2,True,0,A2
1415.0,benign_ho,0.4243255807433195,0.3511806775602132,HEALTHY,benign,False,0,A2
1415.0,benign_sched,0.17850506572923097,0.2615681129515164,HEALTHY,benign,False,0,A2
1415.0,benign_kpm,0.4875040213481417,0.3627503602863974,HEALTHY,benign,False,0,A2
1415.0,mal_A2,0.8767323368233415,0.8021746103259482,QUARANTINE,A2,True,0,A2
1416.0,benign_ho,0.5512004309770764,0.3911846282435859,HEALTHY,benign,False,0,A2
1416.0,benign_sched,0.11871943801696606,0.23299837796460635,HEALTHY,benign,False,0,A2
1416.0,benign_kpm,0.20692672681562252,0.3315856335922424,HEALTHY,benign,False,0,A2
1416.0,mal_A2,0.64303730596607,0.7703471494539725,QUARANTINE,A2,True,0,A2
1417.0,benign_ho,0.2074263646986704,0.35443297553460285,HEALTHY,benign,False,0,A2
1417.0,benign_sched,0.3226828298480281,0.2509352683412907,HEALTHY,benign,False,0,A2
1417.0,benign_kpm,0.24137495289512467,0.3135434974528189,HEALTHY,benign,False,0,A2
1417.0,mal_A2,0.7254208733830054,0.7613618942397792,QUARANTINE,A2,True,0,A2
1418.0,benign_ho,0.5486701147004905,0.39328040336778036,HEALTHY,benign,False,0,A2
1418.0,benign_sched,0.08895195932866853,0.21853860653876628,HEALTHY,benign,False,0,A2
1418.0,benign_kpm,0.5110642972349331,0.3530476574092417,HEALTHY,benign,False,0,A2
1418.0,mal_A2,0.794024216321922,0.7678943586562078,QUARANTINE,A2,True,0,A2
1419.0,benign_ho,0.34026701837734635,0.38267772636969355,HEALTHY,benign,False,0,A2
1419.0,benign_sched,0.10431591156398001,0.19569406754380902,HEALTHY,benign,False,0,A2
1419.0,benign_kpm,0.2562170206934803,0.3336815300660894,HEALTHY,benign,False,0,A2
1419.0,mal_A2,0.6015055050210298,0.7346165879291723,QUARANTINE,A2,True,0,A2
1420.0,benign_ho,0.34176276554064766,0.3744947342038844,HEALTHY,benign,False,0,A2
1420.0,benign_sched,0.05339906688873593,0.1672350674127944,HEALTHY,benign,False,0,A2
1420.0,benign_kpm,0.3038718451464782,0.32771959308216714,HEALTHY,benign,False,0,A2
1420.0,mal_A2,0.8677429525431546,0.7612418608519688,QUARANTINE,A2,True,0,A2
1421.0,benign_ho,0.3600167117359502,0.37159912971029757,HEALTHY,benign,False,0,A2
1421.0,benign_sched,0.16849891927900873,0.16748783778603726,HEALTHY,benign,False,0,A2
1421.0,benign_kpm,0.1761792500781853,0.29741152448137076,HEALTHY,benign,False,0,A2
1421.0,mal_A2,0.698462981192968,0.7486860849201687,QUARANTINE,A2,True,0,A2
1422.0,benign_ho,0.6576301978589411,0.4288053433400263,HEALTHY,benign,False,0,A2
1422.0,benign_sched,0.24903288246287686,0.18379684672140517,HEALTHY,benign,False,0,A2
1422.0,benign_kpm,0.17400245181748775,0.27272970994859413,HEALTHY,benign,False,0,A2
1422.0,mal_A2,0.6696215633612802,0.732873180608391,QUARANTINE,A2,True,0,A2
1423.0,benign_ho,0.28897326400869433,0.40083892747375993,HEALTHY,benign,False,0,A2
1423.0,benign_sched,0.2960429487165795,0.20624606712044002,HEALTHY,benign,False,0,A2
1423.0,benign_kpm,0.24418158921925456,0.26702008580272624,HEALTHY,benign,False,0,A2
1423.0,mal_A2,0.75211693455702,0.7367219313981168,QUARANTINE,A2,True,0,A2
1424.0,benign_ho,0.432590655121345,0.407189273003277,HEALTHY,benign,False,0,A2
1424.0,benign_sched,0.3425648312051514,0.23350981993738232,HEALTHY,benign,False,0,A2
1424.0,benign_kpm,0.20981314142784752,0.2555786969277505,HEALTHY,benign,False,0,A2
1424.0,mal_A2,0.7673937297823963,0.7428562910749728,QUARANTINE,A2,True,0,A2
1425.0,benign_ho,0.18844691775679462,0.36344080195398054,HEALTHY,benign,False,0,A2
1425.0,benign_sched,0.1599136368541497,0.2187905833207358,HEALTHY,benign,False,0,A2
1425.0,benign_kpm,0.4638571037377943,0.2972343782897593,HEALTHY,benign,False,0,A2
1425.0,mal_A2,0.7091627184488316,0.7361175765497445,QUARANTINE,A2,True,0,A2
1426.0,benign_ho,0.4771204354978859,0.3861767286627616,HEALTHY,benign,False,0,A2
1426.0,benign_sched,0.10295370450507417,0.1956232075576035,HEALTHY,benign,False,0,A2
1426.0,benign_kpm,0.32518856380596484,0.30282521539300045,HEALTHY,benign,False,0,A2
1426.0,mal_A2,0.8178336760813425,0.7524607964560641,QUARANTINE,A2,True,0,A2
1427.0,benign_ho,0.3268143232066654,0.37430424757154235,HEALTHY,benign,False,0,A2
1427.0,benign_sched,0.498081073725156,0.256114780791114,HEALTHY,benign,False,0,A2
1427.0,benign_kpm,0.44301555597871595,0.33086328351014355,HEALTHY,benign,False,0,A2
1427.0,mal_A2,0.7058143134398374,0.7431314998528189,QUARANTINE,A2,True,0,A2
1428.0,benign_ho,0.3639389787416294,0.3722311938055598,HEALTHY,benign,False,0,A2
1428.0,benign_sched,0.4471079972387605,0.2943134240806433,HEALTHY,benign,False,0,A2
1428.0,benign_kpm,0.27703065535503174,0.3200967578791212,HEALTHY,benign,False,0,A2
1428.0,mal_A2,0.6651222005881317,0.7275296399998815,QUARANTINE,A2,True,0,A2
1429.0,benign_ho,0.18964305008072457,0.3357135650605928,HEALTHY,benign,False,0,A2
1429.0,benign_sched,0.41855267241027133,0.31916127374656894,HEALTHY,benign,False,0,A2
1429.0,benign_kpm,0.23181204336625993,0.3024398149765489,HEALTHY,benign,False,0,A2
1429.0,mal_A2,0.7153626927134564,0.7250962505425965,QUARANTINE,A2,True,0,A2
1430.0,benign_ho,0.6513137093074297,0.3988335939099602,HEALTHY,benign,False,0,A2
1430.0,benign_sched,0.1684243484505283,0.28901388868736083,HEALTHY,benign,False,0,A2
1430.0,benign_kpm,0.3529493102367773,0.3125417140285946,HEALTHY,benign,False,0,A2
1430.0,mal_A2,0.6137145929013965,0.7028199190143566,QUARANTINE,A2,True,0,A2
1431.0,benign_ho,0.41480261765869864,0.4020273986597079,HEALTHY,benign,False,0,A2
1431.0,benign_sched,0.46802596850230926,0.3248163046503505,HEALTHY,benign,False,0,A2
1431.0,benign_kpm,0.3432720381265499,0.31868777884818567,HEALTHY,benign,False,0,A2
1431.0,mal_A2,0.6583889223189401,0.6939337196752733,QUARANTINE,A2,True,0,A2
1432.0,benign_ho,0.4646532579598183,0.41455257051973,HEALTHY,benign,False,0,A2
1432.0,benign_sched,0.3038779158246198,0.3206286268852044,HEALTHY,benign,False,0,A2
1432.0,benign_kpm,0.6892947853571421,0.39280918014997696,HEALTHY,benign,False,0,A2
1432.0,mal_A2,0.7791968221138122,0.7109863401629811,QUARANTINE,A2,True,0,A2
1433.0,benign_ho,0.2529401249690328,0.3822300814095906,HEALTHY,benign,False,0,A2
1433.0,benign_sched,0.06377881228175018,0.26925866396451353,HEALTHY,benign,False,0,A2
1433.0,benign_kpm,0.2210490919371769,0.35845716250741694,HEALTHY,benign,False,0,A2
1433.0,mal_A2,0.6029017605646663,0.6893694242433182,QUARANTINE,A2,True,0,A2
1434.0,benign_ho,0.16684330636520148,0.33915272640071276,HEALTHY,benign,False,0,A2
1434.0,benign_sched,0.14843109954958722,0.2450931510815283,HEALTHY,benign,False,0,A2
1434.0,benign_kpm,0.5268077675509859,0.3921272835161308,HEALTHY,benign,False,0,A2
1434.0,mal_A2,0.8627288310599135,0.7240413056066373,QUARANTINE,A2,True,0,A2
1435.0,benign_ho,0.42774017563639727,0.35687021624784965,HEALTHY,benign,False,0,A2
1435.0,benign_sched,0.12134612731611343,0.22034374632844533,HEALTHY,benign,False,0,A2
1435.0,benign_kpm,0.2010216332091467,0.353906153454734,HEALTHY,benign,False,0,A2
1435.0,mal_A2,0.739896931953578,0.7272124308760255,QUARANTINE,A2,True,0,A2
1436.0,benign_ho,0.40201997035124015,0.3659001670685278,HEALTHY,benign,False,0,A2
1436.0,benign_sched,0.31499772400231824,0.23927454186321995,HEALTHY,benign,False,0,A2
1436.0,benign_kpm,0.3812431745221647,0.35937355766822016,HEALTHY,benign,False,0,A2
1436.0,mal_A2,0.7073553481825923,0.7232410143373389,QUARANTINE,A2,True,0,A2
1437.0,benign_ho,0.3828061252674992,0.36928135870832207,HEALTHY,benign,False,0,A2
1437.0,benign_sched,0.34124808597172684,0.25966925068492136,HEALTHY,benign,False,0,A2
1437.0,benign_kpm,0.7839253070172121,0.4442839075380186,HEALTHY,benign,False,0,A2
1437.0,mal_A2,0.6164644668616834,0.7018857048422079,QUARANTINE,A2,True,0,A2
1438.0,benign_ho,0.36473611408325485,0.3683723097833086,HEALTHY,benign,False,0,A2
1438.0,benign_sched,0.3234099373643782,0.2724173880208127,HEALTHY,benign,False,0,A2
1438.0,benign_kpm,0.2725602252027287,0.4099391710709607,HEALTHY,benign,False,0,A2
1438.0,mal_A2,0.7037787672533374,0.7022643173244338,QUARANTINE,A2,True,0,A2
1439.0,benign_ho,0.34169120902860783,0.36303608963236844,HEALTHY,benign,False,0,A2
1439.0,benign_sched,0.1746217433941488,0.25285825909547993,HEALTHY,benign,False,0,A2
1439.0,benign_kpm,0.5010326065990309,0.42815785817657476,HEALTHY,benign,False,0,A2
1439.0,mal_A2,0.7396374302696611,0.7097389399134794,QUARANTINE,A2,True,0,A2
1440.0,benign_ho,0.42893635553927983,0.3762161428137507,HEALTHY,benign,False,0,A2
1440.0,benign_sched,0.18867604355664067,0.24002181598771208,HEALTHY,benign,False,0,A2
1440.0,benign_kpm,0.27152218652252513,0.39683072384576484,HEALTHY,benign,False,0,A2
1440.0,mal_A2,0.695692791888887,0.706929710308561,QUARANTINE,A2,True,0,A2
1441.0,benign_ho,0.32490350390452705,0.365953615031906,HEALTHY,benign,False,0,A2
1441.0,benign_sched,0.5675058067616133,0.3055186141424924,HEALTHY,benign,False,0,A2
1441.0,benign_kpm,0.2502677143598942,0.36751812194859074,HEALTHY,benign,False,0,A2
1441.0,mal_A2,0.6716902132236623,0.6998818108915813,QUARANTINE,A2,True,0,A2
1442.0,benign_ho,0.24438112046412708,0.34163911611835024,HEALTHY,benign,False,0,A2
1442.0,benign_sched,0.04680275933594806,0.2537754431811835,HEALTHY,benign,False,0,A2
1442.0,benign_kpm,0.14943479630753953,0.3239014568203805,HEALTHY,benign,False,0,A2
1442.0,mal_A2,0.7663964399321842,0.713184736699702,QUARANTINE,A2,True,0,A2
1443.0,benign_ho,0.6856700492991712,0.4104453027545144,HEALTHY,benign,False,0,A2
1443.0,benign_sched,0.27633739370203214,0.25828783328535326,HEALTHY,benign,False,0,A2
1443.0,benign_kpm,0.4174875381371508,0.3426186730837346,HEALTHY,benign,False,0,A2
1443.0,mal_A2,0.640658634001747,0.698679516160111,QUARANTINE,A2,True,0,A2
1444.0,benign_ho,0.5684775749192553,0.4420517571874626,HEALTHY,benign,False,0,A2
1444.0,benign_sched,0.18447000526892793,0.24352426768206822,HEALTHY,benign,False,0,A2
1444.0,benign_kpm,0.4767040670049037,0.3694357518679684,HEALTHY,benign,False,0,A2
1444.0,mal_A2,0.7043345790766788,0.6998105287434246,QUARANTINE,A2,True,0,A2
1445.0,benign_ho,0.41784431120439314,0.4372102679908487,HEALTHY,benign,False,0,A2
1445.0,benign_sched,0.6786052568804554,0.33054046552174565,HEALTHY,benign,False,0,A2
1445.0,benign_kpm,0.4257875028177998,0.3807061020579347,HEALTHY,benign,False,0,A2
1445.0,mal_A2,0.7091821713938866,0.701684857273517,QUARANTINE,A2,True,0,A2
1446.0,benign_ho,0.3625633936179258,0.42228089311626416,HEALTHY,benign,False,0,A2
1446.0,benign_sched,0.3288372656628428,0.3301998255499651,HEALTHY,benign,False,0,A2
1446.0,benign_kpm,0.27263609999377225,0.3590921016451022,HEALTHY,benign,False,0,A2
1446.0,mal_A2,0.6681930213052898,0.6949864900798717,QUARANTINE,A2,True,0,A2
1447.0,benign_ho,0.3519699789968386,0.40821871029237905,HEALTHY,benign,False,0,A2
1447.0,benign_sched,0.4207076761833527,0.34830139567664264,HEALTHY,benign,False,0,A2
1447.0,benign_kpm,0.3199945648812539,0.35127259429233254,HEALTHY,benign,False,0,A2
1447.0,mal_A2,0.8944893417844645,0.7348870604207903,QUARANTINE,A2,True,0,A2
1448.0,benign_ho,0.4265667283166508,0.4118883138972334,HEALTHY,benign,False,0,A2
1448.0,benign_sched,0.5903558488554137,0.39671228631239686,HEALTHY,benign,False,0,A2
1448.0,benign_kpm,0.36863289901233437,0.3547446552363329,HEALTHY,benign,False,0,A2
1448.0,mal_A2,0.6443049325115147,0.7167706348389352,QUARANTINE,A2,True,0,A2
1449.0,benign_ho,0.25454330360473604,0.380419311838734,HEALTHY,benign,False,0,A2
1449.0,benign_sched,0.13242209340539757,0.34385424773099704,HEALTHY,benign,False,0,A2
1449.0,benign_kpm,0.45429879459105804,0.374655483107278,HEALTHY,benign,False,0,A2
1449.0,mal_A2,0.6142545898252121,0.6962674258361906,QUARANTINE,A2,True,0,A2
1450.0,benign_ho,0.7093994469939663,0.4462153388697805,HEALTHY,benign,False,0,A2
1450.0,benign_sched,0.09659069468653968,0.2944015371221056,HEALTHY,benign,False,0,A2
1450.0,benign_kpm,0.32188024809183274,0.36410043610418896,HEALTHY,benign,False,0,A2
1450.0,mal_A2,0.8652703165901451,0.7300680039869816,QUARANTINE,A2,True,0,A2
1451.0,benign_ho,0.20341845074255732,0.3976559612443359,HEALTHY,benign,False,0,A2
1451.0,benign_sched,0.5856946142053396,0.35266015253875244,HEALTHY,benign,False,0,A2
1451.0,benign_kpm,0.3900933582270876,0.36929902052876873,HEALTHY,benign,False,0,A2
1451.0,mal_A2,0.7467466928953715,0.7334037417686595,QUARANTINE,A2,True,0,A2
1452.0,benign_ho,0.2816084952436181,0.37444646804419235,HEALTHY,benign,False,0,A2
1452.0,benign_sched,0.24762591526964794,0.33165330508493157,HEALTHY,benign,False,0,A2
1452.0,benign_kpm,0.21496724378071155,0.3384326651791573,HEALTHY,benign,False,0,A2
1452.0,mal_A2,0.817769169797343,0.7502768273743963,QUARANTINE,A2,True,0,A2
1453.0,benign_ho,0.40480598522698574,0.38051837148075107,HEALTHY,benign,False,0,A2
1453.0,benign_sched,0.40520936992621825,0.3463645180531889,HEALTHY,benign,False,0,A2
1453.0,benign_kpm,0.22675319719812162,0.3160967715829502,HEALTHY,benign,False,0,A2
1453.0,mal_A2,0.9743327478229626,0.7950880114641097,QUARANTINE,A2,True,0,A2
1454.0,benign_ho,0.5177350440597007,0.407961705996541,HEALTHY,benign,False,0,A2
1454.0,benign_sched,0.23001158853948195,0.32309393215044757,HEALTHY,benign,False,0,A2
1454.0,benign_kpm,0.3489428433890428,0.32266598594416873,HEALTHY,benign,False,0,A2
1454.0,mal_A2,0.6487751180600001,0.7658254327832879,QUARANTINE,A2,True,0,A2
1455.0,benign_ho,0.4379406200970372,0.4139574888166403,HEALTHY,benign,False,0,A2
1455.0,benign_sched,0.18917604350280173,0.2963103544209184,HEALTHY,benign,False,0,A2
1455.0,benign_kpm,0.17268504345804736,0.2926697974469445,HEALTHY,benign,False,0,A2
1455.0,mal_A2,0.6582340687956465,0.7443071599857597,QUARANTINE,A2,True,0,A2
1456.0,benign_ho,0.5504406916865167,0.4412541293906156,HEALTHY,benign,False,0,A2
1456.0,benign_sched,0.40505504849369695,0.3180592932354741,HEALTHY,benign,False,0,A2
1456.0,benign_kpm,0.19294942227948994,0.2727257224134536,HEALTHY,benign,False,0,A2
1456.0,mal_A2,1.0,0.7954457279886078,QUARANTINE,A2,True,0,A2
1457.0,benign_ho,0.23686941227188663,0.40037718596686983,HEALTHY,benign,False,0,A2
1457.0,benign_sched,0.24834582585511794,0.3041165997594029,HEALTHY,benign,False,0,A2
1457.0,benign_kpm,0.2332762229136102,0.2648358225134849,HEALTHY,benign,False,0,A2
1457.0,mal_A2,0.5925640993293357,0.7548694022567535,QUARANTINE,A2,True,0,A2
1458.0,benign_ho,0.4621624274239749,0.41273423425829087,HEALTHY,benign,False,0,A2
1458.0,benign_sched,0.5037476156042305,0.3440428029283685,HEALTHY,benign,False,0,A2
1458.0,benign_kpm,0.4698610554519478,0.30584086910117747,HEALTHY,benign,False,0,A2
1458.0,mal_A2,0.7684298698109033,0.7575814957675835,QUARANTINE,A2,True,0,A2
1459.0,benign_ho,0.2715821706924379,0.3845038215451203,HEALTHY,benign,False,0,A2
1459.0,benign_sched,0.11111745841402325,0.2974577340254994,HEALTHY,benign,False,0,A2
1459.0,benign_kpm,0.24440072445096292,0.2935528401711346,HEALTHY,benign,False,0,A2
1459.0,mal_A2,0.5992044726640742,0.7259060911468818,QUARANTINE,A2,True,0,A2
1460.0,benign_ho,0.3151675263961354,0.37063656251532334,HEALTHY,benign,False,0,A2
1460.0,benign_sched,0.23236146470422378,0.2844384801612443,HEALTHY,benign,False,0,A2
1460.0,benign_kpm,0.2042610887392512,0.2756944898847579,HEALTHY,benign,False,0,A2
1460.0,mal_A2,0.7921051050876468,0.7391458939350348,QUARANTINE,A2,True,0,A2
1461.0,benign_ho,0.36845124752124053,0.3701994995165068,HEALTHY,benign,False,0,A2
1461.0,benign_sched,0.39488720913551717,0.30652822595609885,HEALTHY,benign,False,0,A2
1461.0,benign_kpm,0.2902715741434382,0.278609906736494,HEALTHY,benign,False,0,A2
1461.0,mal_A2,0.5963967933792247,0.7105960738238728,QUARANTINE,A2,True,0,A2
1462.0,benign_ho,0.4134743841644825,0.378854476446102,HEALTHY,benign,False,0,A2
1462.0,benign_sched,0.24631551029392182,0.2944856828236635,HEALTHY,benign,False,0,A2
1462.0,benign_kpm,0.4433725992320229,0.3115624452355998,HEALTHY,benign,False,0,A2
1462.0,mal_A2,0.6795127411425489,0.7043794072876081,QUARANTINE,A2,True,0,A2
1463.0,benign_ho,0.5423882075589214,0.4115612226686659,HEALTHY,benign,False,0,A2
1463.0,benign_sched,0.1545381580496506,0.26649617786886093,HEALTHY,benign,False,0,A2
1463.0,benign_kpm,0.24685785658456674,0.29862152750539317,HEALTHY,benign,False,0,A2
1463.0,mal_A2,0.8519568551874156,0.7338948968675696,QUARANTINE,A2,True,0,A2
1464.0,benign_ho,0.4415490028969891,0.41755877871433056,HEALTHY,benign,False,0,A2
1464.0,benign_sched,0.29544344941679895,0.27228563217844853,HEALTHY,benign,False,0,A2
1464.0,benign_kpm,0.21340861201709577,0.2815789444077337,HEALTHY,benign,False,0,A2
1464.0,mal_A2,0.7365842818446757,0.7344327738629908,QUARANTINE,A2,True,0,A2
1465.0,benign_ho,0.35603749943911517,0.40525452285928754,HEALTHY,benign,False,0,A2
1465.0,benign_sched,0.07706843904099629,0.2332421935509581,HEALTHY,benign,False,0,A2
1465.0,benign_kpm,0.19873276750577662,0.2650097090273423,HEALTHY,benign,False,0,A2
1465.0,mal_A2,1.0,0.7875462190903926,QUARANTINE,A2,True,0,A2
1466.0,benign_ho,0.21548634152610127,0.3673008865926503,HEALTHY,benign,False,0,A2
1466.0,benign_sched,0.2505727087997037,0.23670829660070725,HEALTHY,benign,False,0,A2
1466.0,benign_kpm,0.1475699844844044,0.24152176411875473,HEALTHY,benign,False,0,A2
1466.0,mal_A2,0.6805375166726196,0.766144478606838,QUARANTINE,A2,True,0,A2
1467.0,benign_ho,0.44323327773655197,0.38248736482143064,HEALTHY,benign,False,0,A2
1467.0,benign_sched,0.5536474359690761,0.300096124474381,HEALTHY,benign,False,0,A2
1467.0,benign_kpm,0.21884956472632208,0.23698732424026822,HEALTHY,benign,False,0,A2
1467.0,mal_A2,0.6861921583281336,0.7501540145510972,QUARANTINE,A2,True,0,A2
1468.0,benign_ho,0.5887855250399825,0.42374699686514106,HEALTHY,benign,False,0,A2
1468.0,benign_sched,0.2085283514550113,0.2817825698705071,HEALTHY,benign,False,0,A2
1468.0,benign_kpm,0.25631396126529166,0.24085265164527292,HEALTHY,benign,False,0,A2
1468.0,mal_A2,0.6999612733050687,0.7401154663018915,QUARANTINE,A2,True,0,A2
1469.0,benign_ho,0.36244594311490624,0.41148678611509415,HEALTHY,benign,False,0,A2
1469.0,benign_sched,0.17401961589592121,0.2602299790755899,HEALTHY,benign,False,0,A2
1469.0,benign_kpm,0.2192557332748961,0.23653326797119756,HEALTHY,benign,False,0,A2
1469.0,mal_A2,0.6114193774836137,0.7143762485382359,QUARANTINE,A2,True,0,A2
1470.0,benign_ho,0.5026938880670815,0.42972820650549165,HEALTHY,benign,False,0,A2
1470.0,benign_sched,0.10510706431029503,0.22920539612253094,HEALTHY,benign,False,0,A2
1470.0,benign_kpm,0.21966187058045938,0.23315898849304995,HEALTHY,benign,False,0,A2
1470.0,mal_A2,0.6930029287176128,0.7101015845741112,QUARANTINE,A2,True,0,A2
1471.0,benign_ho,0.40963672857678046,0.4257099109197494,HEALTHY,benign,False,0,A2
1471.0,benign_sched,0.40940943681443814,0.2652462042609124,HEALTHY,benign,False,0,A2
1471.0,benign_kpm,0.22112358172898633,0.23075190714023724,HEALTHY,benign,False,0,A2
1471.0,mal_A2,0.7428999391253631,0.7166612554843617,QUARANTINE,A2,True,0,A2
1472.0,benign_ho,0.38270297607534076,0.4171085239508677,HEALTHY,benign,False,0,A2
1472.0,benign_sched,0.25409341784836087,0.2630156469784021,HEALTHY,benign,False,0,A2
1472.0,benign_kpm,0.3436472782145253,0.25333098135509485,HEALTHY,benign,False,0,A2
1472.0,mal_A2,0.7793915606653163,0.7292073165205526,QUARANTINE,A2,True,0,A2
1473.0,benign_ho,0.2711090766386543,0.38790863448842505,HEALTHY,benign,False,0,A2
1473.0,benign_sched,0.16226786331492565,0.2428660902457068,HEALTHY,benign,False,0,A2
1473.0,benign_kpm,0.3941339337057929,0.2814915718252345,HEALTHY,benign,False,0,A2
1473.0,mal_A2,0.7985539160196943,0.7430766364203809,QUARANTINE,A2,True,0,A2
1474.0,benign_ho,0.4280588330393551,0.39593867419861106,HEALTHY,benign,False,0,A2
1474.0,benign_sched,0.30171348127263187,0.2546355684510918,HEALTHY,benign,False,0,A2
1474.0,benign_kpm,0.553715766600919,0.3359364107803714,HEALTHY,benign,False,0,A2
1474.0,mal_A2,0.7210324789606267,0.7386678049284301,QUARANTINE,A2,True,0,A2
1475.0,benign_ho,0.3040131316573725,0.37755356569036336,HEALTHY,benign,False,0,A2
1475.0,benign_sched,0.2741062399291914,0.2585297027467117,HEALTHY,benign,False,0,A2
1475.0,benign_kpm,0.30110109123390866,0.32896934687107887,HEALTHY,benign,False,0,A2
1475.0,mal_A2,0.6356544701016544,0.7180651379630749,QUARANTINE,A2,True,0,A2
1476.0,benign_ho,0.25577305253749233,0.35319746305978916,HEALTHY,benign,False,0,A2
1476.0,benign_sched,0.27029174058706396,0.2608821103147822,HEALTHY,benign,False,0,A2
1476.0,benign_kpm,0.36157873982646754,0.3354912254621566,HEALTHY,benign,False,0,A2
1476.0,mal_A2,0.6330396146394677,0.7010600332983535,QUARANTINE,A2,True,0,A2
1477.0,benign_ho,0.5374560457161682,0.390049179591065,HEALTHY,benign,False,0,A2
1477.0,benign_sched,0.169514945300694,0.2426086773119646,HEALTHY,benign,False,0,A2
1477.0,benign_kpm,0.49177213960175814,0.36674740829007696,HEALTHY,benign,False,0,A2
1477.0,mal_A2,0.705948545281529,0.7020377356949886,QUARANTINE,A2,True,0,A2
1478.0,benign_ho,0.6369119520358975,0.4394217340800315,HEALTHY,benign,False,0,A2
1478.0,benign_sched,0.2359235829643916,0.24127165844245,HEALTHY,benign,False,0,A2
1478.0,benign_kpm,0.3294683173838194,0.3592915901088255,HEALTHY,benign,False,0,A2
1478.0,mal_A2,0.7750724633803373,0.7166446812320584,QUARANTINE,A2,True,0,A2
1479.0,benign_ho,0.2808361893039996,0.40770462512482514,HEALTHY,benign,False,0,A2
1479.0,benign_sched,0.38347806618850894,0.2697129399916618,HEALTHY,benign,False,0,A2
1479.0,benign_kpm,0.2412183538159851,0.33567694285025745,HEALTHY,benign,False,0,A2
1479.0,mal_A2,0.6958095995788212,0.712477664901411,QUARANTINE,A2,True,0,A2
1480.0,benign_ho,0.5327692569291512,0.43271755148569035,HEALTHY,benign,False,0,A2
1480.0,benign_sched,0.23522337825444053,0.26281502764421755,HEALTHY,benign,False,0,A2
1480.0,benign_kpm,0.2849263233290918,0.32552681894602437,HEALTHY,benign,False,0,A2
1480.0,mal_A2,0.6122517181606568,0.6924324755532602,QUARANTINE,A2,True,0,A2
1481.0,benign_ho,0.42653901251573745,0.43148184369169984,HEALTHY,benign,False,0,A2
1481.0,benign_sched,0.40398300068430926,0.29104862225223593,HEALTHY,benign,False,0,A2
1481.0,benign_kpm,0.4026314783955761,0.34094775083593476,HEALTHY,benign,False,0,A2
1481.0,mal_A2,1.0,0.7539459804426081,QUARANTINE,A2,True,0,A2
1482.0,benign_ho,0.5255844098623726,0.4503023569258344,HEALTHY,benign,False,0,A2
1482.0,benign_sched,0.2996196132738364,0.29276282045655605,HEALTHY,benign,False,0,A2
1482.0,benign_kpm,0.2948517086802563,0.3317285424047991,HEALTHY,benign,False,0,A2
1482.0,mal_A2,0.6961918797611718,0.7423951603063208,QUARANTINE,A2,True,0,A2
1483.0,benign_ho,0.19913520833287618,0.4000689272072428,HEALTHY,benign,False,0,A2
1483.0,benign_sched,0.39773801711323303,0.31375785978789145,HEALTHY,benign,False,0,A2
1483.0,benign_kpm,0.1970472056297878,0.30479227504979683,HEALTHY,benign,False,0,A2
1483.0,mal_A2,0.8615597190070463,0.7662280720464659,QUARANTINE,A2,True,0,A2
1484.0,benign_ho,0.3527309909192602,0.3906013399496463,HEALTHY,benign,False,0,A2
1484.0,benign_sched,0.08028870142906855,0.26706402811612684,HEALTHY,benign,False,0,A2
1484.0,benign_kpm,0.41815828595852317,0.3274654772315421,HEALTHY,benign,False,0,A2
1484.0,mal_A2,0.6766305544930116,0.7483085685357751,QUARANTINE,A2,True,0,A2
1485.0,benign_ho,0.4475416000187025,0.4019893919634576,HEALTHY,benign,False,0,A2
1485.0,benign_sched,0.27613752800298724,0.26887872809349894,HEALTHY,benign,False,0,A2
1485.0,benign_kpm,0.490121102681572,0.35999660232154806,HEALTHY,benign,False,0,A2
1485.0,mal_A2,0.7204749010330478,0.7427418350352297,QUARANTINE,A2,True,0,A2
1486.0,benign_ho,0.4341884458881917,0.40842920274840444,HEALTHY,benign,False,0,A2
1486.0,benign_sched,0.37274140191174715,0.2896512628571486,HEALTHY,benign,False,0,A2
1486.0,benign_kpm,0.303390294733522,0.34867534080394286,HEALTHY,benign,False,0,A2
1486.0,mal_A2,0.6426543323065236,0.7227243344894886,QUARANTINE,A2,True,0,A2
1487.0,benign_ho,0.29611504487979146,0.38596637117468185,HEALTHY,benign,False,0,A2
1487.0,benign_sched,0.28282499464446614,0.2882860092146121,HEALTHY,benign,False,0,A2
1487.0,benign_kpm,0.5411413048887306,0.3871685336209004,HEALTHY,benign,False,0,A2
1487.0,mal_A2,0.9066507616694235,0.7595096199254756,QUARANTINE,A2,True,0,A2
1488.0,benign_ho,0.3629445535341536,0.38136200764657624,HEALTHY,benign,False,0,A2
1488.0,benign_sched,0.27053306022108936,0.2847354194159076,HEALTHY,benign,False,0,A2
1488.0,benign_kpm,0.5283347060428347,0.41540176810528734,HEALTHY,benign,False,0,A2
1488.0,mal_A2,0.6306208632196626,0.733731868584313,QUARANTINE,A2,True,0,A2
1489.0,benign_ho,0.24371026460513504,0.353831659038288,HEALTHY,benign,False,0,A2
1489.0,benign_sched,0.07586243961455173,0.2429608234556364,HEALTHY,benign,False,0,A2
1489.0,benign_kpm,0.1823862947533718,0.3687986734349043,HEALTHY,benign,False,0,A2
1489.0,mal_A2,0.7231245027286501,0.7316103954131805,QUARANTINE,A2,True,0,A2
1490.0,benign_ho,0.4499824893829564,0.37306182510722175,HEALTHY,benign,False,0,A2
1490.0,benign_sched,0.2052016135962686,0.23540898148376288,HEALTHY,benign,False,0,A2
1490.0,benign_kpm,0.18659582863087906,0.3323581044740993,HEALTHY,benign,False,0,A2
1490.0,mal_A2,0.749335887963468,0.7351554939232381,QUARANTINE,A2,True,0,A2
1491.0,benign_ho,0.5293987270394502,0.40432920549366747,HEALTHY,benign,False,0,A2
1491.0,benign_sched,0.6449462801018349,0.3173164412073773,HEALTHY,benign,False,0,A2
1491.0,benign_kpm,0.45539640268606835,0.35696576411649317,HEALTHY,benign,False,0,A2
1491.0,mal_A2,0.697576302016106,0.7276396555418116,QUARANTINE,A2,True,0,A2
1492.0,benign_ho,0.2663891438625286,0.3767411931674397,HEALTHY,benign,False,0,A2
1492.0,benign_sched,0.12666847532842024,0.2791868480315859,HEALTHY,benign,False,0,A2
1492.0,benign_kpm,0.38646794324057804,0.3628661999413102,HEALTHY,benign,False,0,A2
1492.0,mal_A2,1.0,0.7821117244334495,QUARANTINE,A2,True,0,A2
1493.0,benign_ho,0.3339592396018271,0.3681848024543172,HEALTHY,benign,False,0,A2
1493.0,benign_sched,0.5047754782880729,0.3243045740828833,HEALTHY,benign,False,0,A2
1493.0,benign_kpm,0.3975749949800788,0.36980795894906393,HEALTHY,benign,False,0,A2
1493.0,mal_A2,0.669399905189454,0.7595693605846504,QUARANTINE,A2,True,0,A2
1494.0,benign_ho,0.5062931785480483,0.39580647767306343,HEALTHY,benign,False,0,A2
1494.0,benign_sched,0.41560197615579403,0.3425640544974655,HEALTHY,benign,False,0,A2
1494.0,benign_kpm,0.2225337654094194,0.34035312024113507,HEALTHY,benign,False,0,A2
1494.0,mal_A2,0.6869227313042962,0.7450400347285796,QUARANTINE,A2,True,0,A2
1495.0,benign_ho,0.4249777057699204,0.40164072329243483,HEALTHY,benign,False,0,A2
1495.0,benign_sched,0.23776972296172635,0.3216051881903177,HEALTHY,benign,False,0,A2
1495.0,benign_kpm,0.2656658657872158,0.3254156693503512,HEALTHY,benign,False,0,A2
1495.0,mal_A2,0.6418824585927065,0.724408519501405,QUARANTINE,A2,True,0,A2
1496.0,benign_ho,0.26296080307765596,0.3739047392494791,HEALTHY,benign,False,0,A2
1496.0,benign_sched,0.2386390227688407,0.3050119551060223,HEALTHY,benign,False,0,A2
1496.0,benign_kpm,0.17131441593412802,0.2945954186671066,HEALTHY,benign,False,0,A2
1496.0,mal_A2,0.7261300731755087,0.7247528302362257,QUARANTINE,A2,True,0,A2
1497.0,benign_ho,0.24346505846393576,0.34781680309237045,HEALTHY,benign,False,0,A2
1497.0,benign_sched,0.1762320237692192,0.2792559688386617,HEALTHY,benign,False,0,A2
1497.0,benign_kpm,0.39132053601955397,0.3139404421375961,HEALTHY,benign,False,0,A2
1497.0,mal_A2,0.6338371192181032,0.7065696880326012,QUARANTINE,A2,True,0,A2
1498.0,benign_ho,0.44728786444160046,0.3677110153622165,HEALTHY,benign,False,0,A2
1498.0,benign_sched,0.1505859120123498,0.25352195747339934,HEALTHY,benign,False,0,A2
1498.0,benign_kpm,0.23007067989974256,0.2971664896900254,HEALTHY,benign,False,0,A2
1498.0,mal_A2,0.6286848276902713,0.6909927159641353,QUARANTINE,A2,True,0,A2
1499.0,benign_ho,0.1943775165040559,0.3330443155905844,HEALTHY,benign,False,0,A2
1499.0,benign_sched,0.1815322376157426,0.239124013501868,HEALTHY,benign,False,0,A2
1499.0,benign_kpm,0.20258939188835223,0.2782510701296908,HEALTHY,benign,False,0,A2
1499.0,mal_A2,0.804411830941511,0.7136765389596105,QUARANTINE,A2,True,0,A2
1500.0,benign_ho,0.5631094746606059,0.37905734740458874,HEALTHY,benign,False,0,A2
1500.0,benign_sched,0.3695884935556592,0.2652169095126262,HEALTHY,benign,False,0,A2
1500.0,benign_kpm,0.1596357283796742,0.2545280017796875,HEALTHY,benign,False,0,A2
1500.0,mal_A2,0.2151599249633488,0.6139732161603582,THROTTLE,A2,False,0,A2
1501.0,benign_ho,0.4383705644058025,0.39091999080483153,HEALTHY,benign,False,0,A2
1501.0,benign_sched,0.027273824712007004,0.2176282925525024,HEALTHY,benign,False,0,A2
1501.0,benign_kpm,0.5850825032273084,0.32063890206921164,HEALTHY,benign,False,0,A2
1501.0,mal_A2,0.16672251002157285,0.5245230749326011,WATCH,A2,False,0,A2
1502.0,benign_ho,0.31672632760206276,0.37608125816427784,HEALTHY,benign,False,0,A2
1502.0,benign_sched,0.43520808670169586,0.2611442513823411,HEALTHY,benign,False,0,A2
1502.0,benign_kpm,0.21678646634358673,0.29986841492408667,HEALTHY,benign,False,0,A2
1502.0,mal_A2,0.2563921172539911,0.4708968833968791,HEALTHY,A2,False,0,A2
1503.0,benign_ho,0.4570436145290225,0.39227372943722677,HEALTHY,benign,False,0,A2
1503.0,benign_sched,0.4999603440486021,0.3089074699155933,HEALTHY,benign,False,0,A2
1503.0,benign_kpm,0.2782597033696233,0.295546672613194,HEALTHY,benign,False,0,A2
1503.0,mal_A2,0.4431481648288094,0.46534713968326513,HEALTHY,A2,False,0,A2
1504.0,benign_ho,0.2815386665760812,0.37012671686499765,HEALTHY,benign,False,0,A2
1504.0,benign_sched,0.3271493763886244,0.3125558512101995,HEALTHY,benign,False,0,A2
1504.0,benign_kpm,0.18932150564435885,0.274301639219427,HEALTHY,benign,False,0,A2
1504.0,mal_A2,0.33569986847782207,0.4394176854421765,HEALTHY,A2,False,0,A2
1505.0,benign_ho,0.4566769128620844,0.38743675606441497,HEALTHY,benign,False,0,A2
1505.0,benign_sched,0.10830886450863587,0.2717064538698868,HEALTHY,benign,False,0,A2
1505.0,benign_kpm,0.2210520639794888,0.2636517241714394,HEALTHY,benign,False,0,A2
1505.0,mal_A2,0.33816899790233856,0.419167947934209,HEALTHY,A2,False,0,A2
1506.0,benign_ho,0.4721759185935727,0.40438458857024656,HEALTHY,benign,False,0,A2
1506.0,benign_sched,0.26282655441125335,0.2699304739781601,HEALTHY,benign,False,0,A2
1506.0,benign_kpm,0.21985541359292177,0.2548924620557359,HEALTHY,benign,False,0,A2
1506.0,mal_A2,0.03590103974345633,0.3425145662960585,HEALTHY,A2,False,0,A2
1507.0,benign_ho,0.15273245225251797,0.35405416130670087,HEALTHY,benign,False,0,A2
1507.0,benign_sched,0.31808529316545087,0.27956143781561826,HEALTHY,benign,False,0,A2
1507.0,benign_kpm,0.21184565149796242,0.24628309994418124,HEALTHY,benign,False,0,A2
1507.0,mal_A2,0.10810022717526298,0.29563169847189935,HEALTHY,A2,False,0,A2
1508.0,benign_ho,0.41720639249736463,0.3666846075448336,HEALTHY,benign,False,0,A2
1508.0,benign_sched,0.16815211320050139,0.2572795728925949,HEALTHY,benign,False,0,A2
1508.0,benign_kpm,0.37135608248250934,0.27129769645184687,HEALTHY,benign,False,0,A2
1508.0,mal_A2,0.24640407985383664,0.2857861747482868,HEALTHY,A2,False,0,A2
1509.0,benign_ho,0.2639579961356329,0.34613928526299353,HEALTHY,benign,False,0,A2
1509.0,benign_sched,0.17868710391398937,0.2415610790968738,HEALTHY,benign,False,0,A2
1509.0,benign_kpm,0.4143378243419874,0.299905722029875,HEALTHY,benign,False,0,A2
1509.0,mal_A2,0.3256971561363968,0.29376837102590886,HEALTHY,A2,False,0,A2
1510.0,benign_ho,0.5203194979057498,0.3809753277915448,HEALTHY,benign,False,0,A2
1510.0,benign_sched,0.19410088527923874,0.2320690403333468,HEALTHY,benign,False,0,A2
1510.0,benign_kpm,0.5332483529094518,0.34657424820579036,HEALTHY,benign,False,0,A2
1510.0,mal_A2,0.2605928562027759,0.28713326806128225,HEALTHY,A2,False,0,A2
1511.0,benign_ho,0.49583846201106035,0.4039479546354479,HEALTHY,benign,False,0,A2
1511.0,benign_sched,0.3594639291299092,0.2575480180926593,HEALTHY,benign,False,0,A2
1511.0,benign_kpm,0.24216607055211611,0.3256926126750555,HEALTHY,benign,False,0,A2
1511.0,mal_A2,0.22252743183115636,0.2742121008152571,HEALTHY,A2,False,0,A2
1512.0,benign_ho,0.4615005199429754,0.4154584676969535,HEALTHY,benign,False,0,A2
1512.0,benign_sched,0.1808945562796496,0.2422173257300574,HEALTHY,benign,False,0,A2
1512.0,benign_kpm,0.17499472689117052,0.29555303551827855,HEALTHY,benign,False,0,A2
1512.0,mal_A2,0.31625999335556143,0.282621679323318,HEALTHY,A2,False,0,A2
1513.0,benign_ho,0.31988111262387686,0.3963429966823382,HEALTHY,benign,False,0,A2
1513.0,benign_sched,0.5735199233927941,0.30847784526260474,HEALTHY,benign,False,0,A2
1513.0,benign_kpm,0.3130483472280952,0.2990520978602419,HEALTHY,benign,False,0,A2
1513.0,mal_A2,0.32754771553462486,0.29160688656557937,HEALTHY,A2,False,0,A2
1514.0,benign_ho,0.47719518398848176,0.4125134341435669,HEALTHY,benign,False,0,A2
1514.0,benign_sched,0.18632007596278838,0.2840462914026415,HEALTHY,benign,False,0,A2
1514.0,benign_kpm,0.4473682889534396,0.3287153360788815,HEALTHY,benign,False,0,A2
1514.0,mal_A2,0.14312100557645172,0.26190971036775385,HEALTHY,A2,False,0,A2
1515.0,benign_ho,0.3882112515351987,0.4076529976218933,HEALTHY,benign,False,0,A2
1515.0,benign_sched,0.18947302564193602,0.2651316382505004,HEALTHY,benign,False,0,A2
1515.0,benign_kpm,0.20835578547700354,0.3046434259585059,HEALTHY,benign,False,0,A2
1515.0,mal_A2,0.2687839527869539,0.26328455885159385,HEALTHY,A2,False,0,A2
1516.0,benign_ho,0.4761883415246307,0.4213600664024408,HEALTHY,benign,False,0,A2
1516.0,benign_sched,0.1935423071069663,0.2508137720217936,HEALTHY,benign,False,0,A2
1516.0,benign_kpm,0.16201321645548383,0.27611738405790154,HEALTHY,benign,False,0,A2
1516.0,mal_A2,0.3033951131895787,0.2713066697191908,HEALTHY,A2,False,0,A2
1517.0,benign_ho,0.5037996659648168,0.43784798631491606,HEALTHY,benign,False,0,A2
1517.0,benign_sched,0.1484502603326626,0.23034106968396742,HEALTHY,benign,False,0,A2
1517.0,benign_kpm,0.5679057248532641,0.33447505221697404,HEALTHY,benign,False,0,A2
1517.0,mal_A2,0.31512648616477,0.2800706330083067,HEALTHY,A2,False,0,A2
1518.0,benign_ho,0.4917025143744809,0.4486188919268291,HEALTHY,benign,False,0,A2
1518.0,benign_sched,0.18526270925730132,0.2213253975986342,HEALTHY,benign,False,0,A2
1518.0,benign_kpm,0.3499962315089693,0.33757928807537313,HEALTHY,benign,False,0,A2
1518.0,mal_A2,0.16749776432751298,0.257556059272148,HEALTHY,A2,False,0,A2
1519.0,benign_ho,0.3865589050194262,0.43620689454534856,HEALTHY,benign,False,0,A2
1519.0,benign_sched,0.24826050527689386,0.22671241913428614,HEALTHY,benign,False,0,A2
1519.0,benign_kpm,0.2888842106780799,0.32784027259591453,HEALTHY,benign,False,0,A2
1519.0,mal_A2,0.4371077373800768,0.2934663948937338,HEALTHY,A2,False,0,A2
1520.0,benign_ho,0.4627320312921048,0.44151192189469984,HEALTHY,benign,False,0,A2
1520.0,benign_sched,0.3489794601614843,0.2511658273397258,HEALTHY,benign,False,0,A2
1520.0,benign_kpm,0.4176090028468951,0.34579401864611065,HEALTHY,benign,False,0,A2
1520.0,mal_A2,0.14694479017424014,0.26416207394983504,HEALTHY,A2,False,0,A2
1521.0,benign_ho,0.5910785500031612,0.47142524751639214,HEALTHY,benign,False,0,A2
1521.0,benign_sched,0.16255887398254296,0.23344443666828926,HEALTHY,benign,False,0,A2
1521.0,benign_kpm,0.3098275509462533,0.3386007251061392,HEALTHY,benign,False,0,A2
1521.0,mal_A2,0.3429713309123408,0.2799239253423362,HEALTHY,A2,False,0,A2
1522.0,benign_ho,0.5117445295361784,0.4794891039203494,HEALTHY,benign,False,0,A2
1522.0,benign_sched,0.09826501206232008,0.20640855174709544,HEALTHY,benign,False,0,A2
1522.0,benign_kpm,0.4371097673540756,0.3583025335557265,HEALTHY,benign,False,0,A2
1522.0,mal_A2,0.19107420249375956,0.26215398077262086,HEALTHY,A2,False,0,A2
1523.0,benign_ho,0.5497769988967751,0.4935466829156346,WATCH,benign,False,0,A2
1523.0,benign_sched,0.1686086117149468,0.19884856374066573,HEALTHY,benign,False,0,A2
1523.0,benign_kpm,0.3233472477959652,0.35131147640377425,HEALTHY,benign,False,0,A2
1523.0,mal_A2,0.08584653075200982,0.22689249076849866,HEALTHY,A2,False,0,A2
1524.0,benign_ho,0.28797652703304205,0.45243265173911607,HEALTHY,benign,False,0,A2
1524.0,benign_sched,0.32776365981508315,0.22463158295554925,HEALTHY,benign,False,0,A2
1524.0,benign_kpm,0.44735126971553285,0.370519435066126,HEALTHY,benign,False,0,A2
1524.0,mal_A2,0.13508905652356476,0.2085318039195119,HEALTHY,A2,False,0,A2
1525.0,benign_ho,0.3051583829805481,0.42297779798740254,HEALTHY,benign,False,0,A2
1525.0,benign_sched,0.16281887398286654,0.2122690411610127,HEALTHY,benign,False,0,A2
1525.0,benign_kpm,0.36544747287011187,0.3695050426269232,HEALTHY,benign,False,0,A2
1525.0,mal_A2,0.15348369965317318,0.1975221830662442,HEALTHY,A2,False,0,A2
1526.0,benign_ho,0.39565143815664794,0.41751252602125166,HEALTHY,benign,False,0,A2
1526.0,benign_sched,0.02429870802257345,0.17467497453332487,HEALTHY,benign,False,0,A2
1526.0,benign_kpm,0.3718056113538728,0.36996515637231314,HEALTHY,benign,False,0,A2
1526.0,mal_A2,0.11768182911821314,0.181554112276638,HEALTHY,A2,False,0,A2
1527.0,benign_ho,0.5035740087551323,0.4347248225680278,HEALTHY,benign,False,0,A2
1527.0,benign_sched,0.09701224593111835,0.15914242881288357,HEALTHY,benign,False,0,A2
1527.0,benign_kpm,0.2013751279035297,0.3362471506785565,HEALTHY,benign,False,0,A2
1527.0,mal_A2,0.38603376513157733,0.22245004284762587,HEALTHY,A2,False,0,A2
1528.0,benign_ho,0.2664757996122989,0.40107501797688205,HEALTHY,benign,False,0,A2
1528.0,benign_sched,0.13724632550048438,0.15476320815040373,HEALTHY,benign,False,0,A2
1528.0,benign_kpm,0.18590658506374527,0.3061790375555943,HEALTHY,benign,False,0,A2
1528.0,mal_A2,0.24113089711400426,0.22618621370090156,HEALTHY,A2,False,0,A2
1529.0,benign_ho,0.4359622167590724,0.40805245773332016,HEALTHY,benign,False,0,A2
1529.0,benign_sched,0.005272305930101287,0.12486502770634325,HEALTHY,benign,False,0,A2
1529.0,benign_kpm,0.5514475076731155,0.3552327315790985,HEALTHY,benign,False,0,A2
1529.0,mal_A2,0.17351162433491024,0.21565129582770332,HEALTHY,A2,False,0,A2
1530.0,benign_ho,0.7008364414690251,0.4666092544804612,HEALTHY,benign,False,0,A2
1530.0,benign_sched,0.1339406375395282,0.12668014967298025,HEALTHY,benign,False,0,A2
1530.0,benign_kpm,0.22888739916736936,0.3299636650967527,HEALTHY,benign,False,0,A2
1530.0,mal_A2,0.5608429164192977,0.2846896199460222,HEALTHY,A2,False,0,A2
1531.0,benign_ho,0.37140180755227487,0.44756776509482393,HEALTHY,benign,False,0,A2
1531.0,benign_sched,0.05000371695782905,0.11134486312995001,HEALTHY,benign,False,0,A2
1531.0,benign_kpm,0.24489674383009793,0.3129502808434217,HEALTHY,benign,False,0,A2
1531.0,mal_A2,0.05548662517412385,0.23884902099164254,HEALTHY,A2,False,0,A2
1532.0,benign_ho,0.450990647110425,0.4482523414979442,HEALTHY,benign,False,0,A2
1532.0,benign_sched,0.09631066706305341,0.1083380239165707,HEALTHY,benign,False,0,A2
1532.0,benign_kpm,0.40109225964499995,0.33057867660373735,HEALTHY,benign,False,0,A2
1532.0,mal_A2,0.15573339733709274,0.2222258962607326,HEALTHY,A2,False,0,A2
1533.0,benign_ho,0.2892858141352145,0.41645903602539824,HEALTHY,benign,False,0,A2
1533.0,benign_sched,0.1142573038956925,0.10952187991239506,HEALTHY,benign,False,0,A2
1533.0,benign_kpm,0.327935515606009,0.3300500444041917,HEALTHY,benign,False,0,A2
1533.0,mal_A2,0.05100963309384684,0.18798264362735548,HEALTHY,A2,False,0,A2
1534.0,benign_ho,0.4312489109416601,0.41941701100865064,HEALTHY,benign,False,0,A2
1534.0,benign_sched,0.16165014374152295,0.11994753267822064,HEALTHY,benign,False,0,A2
1534.0,benign_kpm,0.3688742097288073,0.3378148774691148,HEALTHY,benign,False,0,A2
1534.0,mal_A2,0.16343581880312127,0.18307327866250864,HEALTHY,A2,False,0,A2
1535.0,benign_ho,0.3850851705245621,0.41255064291183297,HEALTHY,benign,False,0,A2
1535.0,benign_sched,0.19326801060550602,0.13461162826367773,HEALTHY,benign,False,0,A2
1535.0,benign_kpm,0.1611617022701011,0.3024842424293121,HEALTHY,benign,False,0,A2
1535.0,mal_A2,0.2585876825841983,0.19817615944684658,HEALTHY,A2,False,0,A2
1536.0,benign_ho,0.30301691429499616,0.39064389718846565,HEALTHY,benign,False,0,A2
1536.0,benign_sched,0.16644694447505992,0.14097869150595416,HEALTHY,benign,False,0,A2
1536.0,benign_kpm,0.26066724348475445,0.2941208426404006,HEALTHY,benign,False,0,A2
1536.0,mal_A2,0.2533394516235753,0.20920881788219234,HEALTHY,A2,False,0,A2
1537.0,benign_ho,0.49228723132621094,0.4109725640160148,HEALTHY,benign,False,0,A2
1537.0,benign_sched,0.08979679537243382,0.1307423122792501,HEALTHY,benign,False,0,A2
1537.0,benign_kpm,0.19621895878335663,0.27454046586899183,HEALTHY,benign,False,0,A2
1537.0,mal_A2,0.46078509396732287,0.25952407309921843,HEALTHY,A2,False,0,A2
1538.0,benign_ho,0.25329990505966055,0.3794380322247439,HEALTHY,benign,False,0,A2
1538.0,benign_sched,0.17849962525648716,0.14029377487469752,HEALTHY,benign,False,0,A2
1538.0,benign_kpm,0.4264036593613104,0.3049131045674556,HEALTHY,benign,False,0,A2
1538.0,mal_A2,0.33888577670077696,0.2753964138195302,HEALTHY,A2,False,0,A2
1539.0,benign_ho,0.4025273165687382,0.3840558890935428,HEALTHY,benign,False,0,A2
1539.0,benign_sched,0.27371874593373463,0.16697876908650494,HEALTHY,benign,False,0,A2
1539.0,benign_kpm,0.2885276046795426,0.301636004589873,HEALTHY,benign,False,0,A2
1539.0,mal_A2,0.4983855283351637,0.3199942367226569,HEALTHY,A2,False,0,A2
1540.0,benign_ho,0.4498126804223374,0.39720724735930174,HEALTHY,benign,False,0,A2
1540.0,benign_sched,0.26117602477465907,0.18581822022413577,HEALTHY,benign,False,0,A2
1540.0,benign_kpm,0.5174888111804914,0.3448065659079967,HEALTHY,benign,False,0,A2
1540.0,mal_A2,0.45173505619180016,0.3463424006164856,HEALTHY,A2,False,0,A2
1541.0,benign_ho,0.6012098006570441,0.4380077580188502,HEALTHY,benign,False,0,A2
1541.0,benign_sched,0.29616124276795613,0.20788682473289988,HEALTHY,benign,False,0,A2
1541.0,benign_kpm,0.31547725589164877,0.33894070390472714,HEALTHY,benign,False,0,A2
1541.0,mal_A2,0.28057861272245405,0.3331896430376793,HEALTHY,A2,False,0,A2
1542.0,benign_ho,0.5354493188155968,0.45749607017819954,HEALTHY,benign,False,0,A2
1542.0,benign_sched,0.38021606817270936,0.2423526734208618,HEALTHY,benign,False,0,A2
1542.0,benign_kpm,0.3954703252109162,0.35024662816596497,HEALTHY,benign,False,0,A2
1542.0,mal_A2,0.1320288931284419,0.2929574930558318,HEALTHY,A2,False,0,A2
1543.0,benign_ho,0.5041897640572365,0.466834808954007,HEALTHY,benign,False,0,A2
1543.0,benign_sched,0.12797363396214906,0.21947686552911927,HEALTHY,benign,False,0,A2
1543.0,benign_kpm,0.30078886255846854,0.3403550750444657,HEALTHY,benign,False,0,A2
1543.0,mal_A2,0.22885093615035196,0.28013618167473586,HEALTHY,A2,False,0,A2
1544.0,benign_ho,0.29091255998258636,0.43165035915972283,HEALTHY,benign,False,0,A2
1544.0,benign_sched,0.16107901610867112,0.20779729564502966,HEALTHY,benign,False,0,A2
1544.0,benign_kpm,0.3180099183447178,0.33588604370451614,HEALTHY,benign,False,0,A2
1544.0,mal_A2,0.2106031282202254,0.26622957098383376,HEALTHY,A2,False,0,A2
1545.0,benign_ho,0.5142786735980001,0.44817602204737833,HEALTHY,benign,False,0,A2
1545.0,benign_sched,0.7843750218117197,0.32311284087836767,HEALTHY,benign,False,0,A2
1545.0,benign_kpm,0.31848240132316397,0.33240531522824573,HEALTHY,benign,False,0,A2
1545.0,mal_A2,0.15004365183801033,0.2429923871546691,HEALTHY,A2,False,0,A2
1546.0,benign_ho,0.5866161780555075,0.47586405324900416,HEALTHY,benign,False,0,A2
1546.0,benign_sched,0.24661362862606073,0.3078129984279063,HEALTHY,benign,False,0,A2
1546.0,benign_kpm,0.2850362014637043,0.3229314924753374,HEALTHY,benign,False,0,A2
1546.0,mal_A2,0.3111593304120167,0.2566257758061386,HEALTHY,A2,False,0,A2
1547.0,benign_ho,0.3192236239987659,0.4445359673989565,HEALTHY,benign,False,0,A2
1547.0,benign_sched,0.21077033868171635,0.28840446647866835,HEALTHY,benign,False,0,A2
1547.0,benign_kpm,0.3959596335635604,0.33753712069298203,HEALTHY,benign,False,0,A2
1547.0,mal_A2,0.40184312405843514,0.28566924545659794,HEALTHY,A2,False,0,A2
1548.0,benign_ho,0.5444865567591972,0.4645260852710047,HEALTHY,benign,False,0,A2
1548.0,benign_sched,0.089251070378622,0.24857378725865908,HEALTHY,benign,False,0,A2
1548.0,benign_kpm,0.2253515228335381,0.31510000112109326,HEALTHY,benign,False,0,A2
1548.0,mal_A2,0.14592746082255315,0.25772088852978897,HEALTHY,A2,False,0,A2
1549.0,benign_ho,0.3891647334832114,0.44945381491344605,HEALTHY,benign,False,0,A2
1549.0,benign_sched,0.25304674361005586,0.24946837852893844,HEALTHY,benign,False,0,A2
1549.0,benign_kpm,0.13597868137268435,0.27927573717141146,HEALTHY,benign,False,0,A2
1549.0,mal_A2,0.14024763839912585,0.23422623850365637,HEALTHY,A2,False,0,A2
1550.0,benign_ho,0.6430679164034,0.4881766352114369,WATCH,benign,False,0,A2
1550.0,benign_sched,0.23934700113640175,0.24744410305043113,HEALTHY,benign,False,0,A2
1550.0,benign_kpm,0.3924964051871175,0.3019198707745527,HEALTHY,benign,False,0,A2
1550.0,mal_A2,0.13995397877358326,0.21537178655764178,HEALTHY,A2,False,0,A2
1551.0,benign_ho,0.2813126399985642,0.44680383616886243,HEALTHY,benign,False,0,A2
1551.0,benign_sched,0.22112602487416905,0.24218048741517872,HEALTHY,benign,False,0,A2
1551.0,benign_kpm,0.1328093504940177,0.2680977667184457,HEALTHY,benign,False,0,A2
1551.0,mal_A2,0.13650585737689197,0.19959860072149183,HEALTHY,A2,False,0,A2
1552.0,benign_ho,0.49995496744230344,0.45743406242355067,HEALTHY,benign,False,0,A2
1552.0,benign_sched,0.449220680662108,0.2835885260645646,HEALTHY,benign,False,0,A2
1552.0,benign_kpm,0.2217606436205239,0.25883034209886135,HEALTHY,benign,False,0,A2
1552.0,mal_A2,0.574055042474203,0.2744898890720341,HEALTHY,A2,False,0,A2
1553.0,benign_ho,0.395770689287547,0.44510138779634995,HEALTHY,benign,False,0,A2
1553.0,benign_sched,0.3482508148485928,0.29652098382137027,HEALTHY,benign,False,0,A2
1553.0,benign_kpm,0.46819129720300773,0.30070253311969064,HEALTHY,benign,False,0,A2
1553.0,mal_A2,0.5624283664062781,0.3320775845388829,HEALTHY,A2,False,0,A2
1554.0,benign_ho,0.3369992875719563,0.42348096775147126,HEALTHY,benign,False,0,A2
1554.0,benign_sched,0.1667603948539892,0.2705688660278941,HEALTHY,benign,False,0,A2
1554.0,benign_kpm,0.4044120918163987,0.3214444448590323,HEALTHY,benign,False,0,A2
1554.0,mal_A2,0.17755305608936847,0.30117267884898,HEALTHY,A2,False,0,A2
1555.0,benign_ho,0.4287282097557381,0.4245304161523247,HEALTHY,benign,False,0,A2
1555.0,benign_sched,0.4072514205308912,0.2979053769284935,HEALTHY,benign,False,0,A2
1555.0,benign_kpm,0.26151123136441384,0.3094578021601086,HEALTHY,benign,False,0,A2
1555.0,mal_A2,0.1841001123097222,0.2777581655411285,HEALTHY,A2,False,0,A2
1556.0,benign_ho,0.173195834470997,0.37426349981605916,HEALTHY,benign,False,0,A2
1556.0,benign_sched,0.22462900933237034,0.2832501034092689,HEALTHY,benign,False,0,A2
1556.0,benign_kpm,0.33500793353552877,0.31456782843519265,HEALTHY,benign,False,0,A2
1556.0,mal_A2,0.17953637124793814,0.2581138066824904,HEALTHY,A2,False,0,A2
1557.0,benign_ho,0.3546017911034549,0.37033115807353834,HEALTHY,benign,False,0,A2
1557.0,benign_sched,0.0740776267161424,0.24141560807064363,HEALTHY,benign,False,0,A2
1557.0,benign_kpm,0.2716187734492957,0.30597801743801323,HEALTHY,benign,False,0,A2
1557.0,mal_A2,0.19949625309298824,0.24639029596458997,HEALTHY,A2,False,0,A2
1558.0,benign_ho,0.4345230394622578,0.38316953435128226,HEALTHY,benign,False,0,A2
1558.0,benign_sched,0.1843664594156557,0.23000577833964608,HEALTHY,benign,False,0,A2
1558.0,benign_kpm,0.16027607949031525,0.27683762984847365,HEALTHY,benign,False,0,A2
1558.0,mal_A2,0.3172952187043702,0.2605712805125461,HEALTHY,A2,False,0,A2
1559.0,benign_ho,0.3857661960864385,0.3836888666983135,HEALTHY,benign,False,0,A2
1559.0,benign_sched,0.35147847138179694,0.25430031694807625,HEALTHY,benign,False,0,A2
1559.0,benign_kpm,0.2456903393060206,0.2706081717399831,HEALTHY,benign,False,0,A2
1559.0,mal_A2,0.38160416449543266,0.2847778573091234,HEALTHY,A2,False,0,A2
1560.0,benign_ho,0.29551902990668116,0.366054899339987,HEALTHY,benign,False,0,A2
1560.0,benign_sched,0.1912967529604823,0.24169960415055747,HEALTHY,benign,False,0,A2
1560.0,benign_kpm,0.15713351540279086,0.24791324047254465,HEALTHY,benign,False,0,A2
1560.0,mal_A2,0.18697414286919686,0.2652171144211381,HEALTHY,A2,False,0,A2
1561.0,benign_ho,0.3960751452423105,0.37205894852045174,HEALTHY,benign,False,0,A2
1561.0,benign_sched,0.7315265326484617,0.3396649898501383,HEALTHY,benign,False,0,A2
1561.0,benign_kpm,0.4260482542082468,0.28354024321968513,HEALTHY,benign,False,0,A2
1561.0,mal_A2,0.2993634183605717,0.2720463752090248,HEALTHY,A2,False,0,A2
1562.0,benign_ho,0.20737772190937573,0.33912270319823656,HEALTHY,benign,False,0,A2
1562.0,benign_sched,0.17384573239480414,0.3065011383590715,HEALTHY,benign,False,0,A2
1562.0,benign_kpm,0.2722934343992304,0.2812908814555942,HEALTHY,benign,False,0,A2
1562.0,mal_A2,0.2003649062697189,0.25771008142116364,HEALTHY,A2,False,0,A2
1563.0,benign_ho,0.2773238799101695,0.32676293854062316,HEALTHY,benign,False,0,A2
1563.0,benign_sched,0.14689077619646557,0.27457906592655035,HEALTHY,benign,False,0,A2
1563.0,benign_kpm,0.2728022173213572,0.27959314862874685,HEALTHY,benign,False,0,A2
1563.0,mal_A2,0.15038845647134974,0.23624575643120088,HEALTHY,A2,False,0,A2
1564.0,benign_ho,0.8595570699491893,0.4333217648223364,HEALTHY,benign,False,0,A2
1564.0,benign_sched,0.32102306852765694,0.2838678664467717,HEALTHY,benign,False,0,A2
1564.0,benign_kpm,0.14303455648934124,0.25228143020086574,HEALTHY,benign,False,0,A2
1564.0,mal_A2,0.5841113811718791,0.30581888137933655,HEALTHY,A2,False,0,A2
1565.0,benign_ho,0.4039252665264971,0.42744246516316853,HEALTHY,benign,False,0,A2
1565.0,benign_sched,0.1538336268445723,0.2578610185263318,HEALTHY,benign,False,0,A2
1565.0,benign_kpm,0.19977069119924165,0.24177928240054095,HEALTHY,benign,False,0,A2
1565.0,mal_A2,0.12509254893681526,0.2696736148908323,HEALTHY,A2,False,0,A2
1566.0,benign_ho,0.4717528684542468,0.4363045458213842,HEALTHY,benign,False,0,A2
1566.0,benign_sched,0.20151441777071702,0.24659169837520886,HEALTHY,benign,False,0,A2
1566.0,benign_kpm,0.2108672852363891,0.23559688296771059,HEALTHY,benign,False,0,A2
1566.0,mal_A2,0.20366797021231267,0.2564724859551284,HEALTHY,A2,False,0,A2
1567.0,benign_ho,0.44915880774544004,0.4388753982061954,HEALTHY,benign,False,0,A2
1567.0,benign_sched,0.047753644431693124,0.20682408758650572,HEALTHY,benign,False,0,A2
1567.0,benign_kpm,0.30313783284776985,0.24910507294372247,HEALTHY,benign,False,0,A2
1567.0,mal_A2,0.2829443648520537,0.26176686173451347,HEALTHY,A2,False,0,A2
1568.0,benign_ho,0.5496161842371542,0.4610235554123872,HEALTHY,benign,False,0,A2
1568.0,benign_sched,0.34447810582422694,0.23435489123404996,HEALTHY,benign,False,0,A2
1568.0,benign_kpm,0.18711220628649225,0.23670649961227644,HEALTHY,benign,False,0,A2
1568.0,mal_A2,0.14298636086488256,0.23801076156058731,HEALTHY,A2,False,0,A2
1569.0,benign_ho,0.5278101946688343,0.47438088326367667,HEALTHY,benign,False,0,A2
1569.0,benign_sched,0.33945357616243177,0.25537462821972634,HEALTHY,benign,False,0,A2
1569.0,benign_kpm,0.18331269488908375,0.22602773866763792,HEALTHY,benign,False,0,A2
1569.0,mal_A2,0.5261035366449605,0.29562931657746194,HEALTHY,A2,False,0,A2
1570.0,benign_ho,0.533056332528744,0.4861159731166902,WATCH,benign,False,0,A2
1570.0,benign_sched,0.21920845099449465,0.24814139277468003,HEALTHY,benign,False,0,A2
1570.0,benign_kpm,0.4320837001860516,0.2672389309713207,HEALTHY,benign,False,0,A2
1570.0,mal_A2,0.14768068024207026,0.26603958931038363,HEALTHY,A2,False,0,A2
1571.0,benign_ho,0.38479279272360295,0.4658513370380728,HEALTHY,benign,False,0,A2
1571.0,benign_sched,0.23737527888915522,0.24598816999757508,HEALTHY,benign,False,0,A2
1571.0,benign_kpm,0.259107475613645,0.26561263989978556,HEALTHY,benign,False,0,A2
1571.0,mal_A2,0.08060603283999469,0.22895287801630587,HEALTHY,A2,False,0,A2
1572.0,benign_ho,0.4280421441945071,0.4582894984693597,HEALTHY,benign,False,0,A2
1572.0,benign_sched,0.24541066417904395,0.24587266883386885,HEALTHY,benign,False,0,A2
1572.0,benign_kpm,0.5626130909083916,0.3250127301015068,HEALTHY,benign,False,0,A2
1572.0,mal_A2,0.4850863691225683,0.2801795762375584,HEALTHY,A2,False,0,A2
1573.0,benign_ho,0.3111930474086519,0.42887020825721817,HEALTHY,benign,False,0,A2
1573.0,benign_sched,0.28702037568128375,0.2541022102033519,HEALTHY,benign,False,0,A2
1573.0,benign_kpm,0.22835996117661256,0.30568217631652794,HEALTHY,benign,False,0,A2
1573.0,mal_A2,0.19405301985869947,0.26295426496178664,HEALTHY,A2,False,0,A2
1574.0,benign_ho,0.44806019963458954,0.4327082065326925,HEALTHY,benign,False,0,A2
1574.0,benign_sched,0.15721120374074782,0.23472400891083106,HEALTHY,benign,False,0,A2
1574.0,benign_kpm,0.24735789208888775,0.2940173194709999,HEALTHY,benign,False,0,A2
1574.0,mal_A2,0.3035321769602922,0.27106984736148776,HEALTHY,A2,False,0,A2
1575.0,benign_ho,0.4330530363077869,0.4327771724877114,HEALTHY,benign,False,0,A2
1575.0,benign_sched,0.13538848652554658,0.21485690443377417,HEALTHY,benign,False,0,A2
1575.0,benign_kpm,0.45510270704647315,0.3262343969860946,HEALTHY,benign,False,0,A2
1575.0,mal_A2,0.13273321275146605,0.24340252043948343,HEALTHY,A2,False,0,A2
1576.0,benign_ho,0.3596159630565051,0.4181449306014702,HEALTHY,benign,False,0,A2
1576.0,benign_sched,0.15389996248175858,0.20266551604337107,HEALTHY,benign,False,0,A2
1576.0,benign_kpm,0.29147272167297295,0.31928206192347025,HEALTHY,benign,False,0,A2
1576.0,mal_A2,0.30506696950972506,0.25573541025353175,HEALTHY,A2,False,0,A2
1577.0,benign_ho,0.5261842300370722,0.4397527904885906,HEALTHY,benign,False,0,A2
1577.0,benign_sched,0.2134836124046962,0.20482913531563612,HEALTHY,benign,False,0,A2
1577.0,benign_kpm,0.2299430823859177,0.3014142660159598,HEALTHY,benign,False,0,A2
1577.0,mal_A2,0.24243133833601493,0.2530745958700284,HEALTHY,A2,False,0,A2
1578.0,benign_ho,0.2921343325606827,0.41022909890300907,HEALTHY,benign,False,0,A2
1578.0,benign_sched,0.17419804722449797,0.1987029176974085,HEALTHY,benign,False,0,A2
1578.0,benign_kpm,0.2432158959820455,0.28977459200917693,HEALTHY,benign,False,0,A2
1578.0,mal_A2,0.09868527870285496,0.2221967324365937,HEALTHY,A2,False,0,A2
1579.0,benign_ho,0.2919306509731343,0.38656940931703415,HEALTHY,benign,False,0,A2
1579.0,benign_sched,0.0849642262729611,0.17595517941251904,HEALTHY,benign,False,0,A2
1579.0,benign_kpm,0.2826068472016691,0.2883410430476754,HEALTHY,benign,False,0,A2
1579.0,mal_A2,0.37678928468478007,0.253115242886231,HEALTHY,A2,False,0,A2
1580.0,benign_ho,0.31651176466051517,0.37255788038573034,HEALTHY,benign,False,0,A2
1580.0,benign_sched,0.23607549707198427,0.1879792429444121,HEALTHY,benign,False,0,A2
1580.0,benign_kpm,0.22080739037205785,0.2748343125125519,HEALTHY,benign,False,0,A2
1580.0,mal_A2,0.41390877550703165,0.28527394941039114,HEALTHY,A2,False,0,A2
1581.0,benign_ho,0.46641083360158964,0.3913284710289022,HEALTHY,benign,False,0,A2
1581.0,benign_sched,0.2223513563533666,0.19485366562620302,HEALTHY,benign,False,0,A2
1581.0,benign_kpm,0.25363226699964037,0.27059390340996964,HEALTHY,benign,False,0,A2
1581.0,mal_A2,0.2764968558021993,0.28351853068875277,HEALTHY,A2,False,0,A2
1582.0,benign_ho,0.21948027922729468,0.35695883266858075,HEALTHY,benign,False,0,A2
1582.0,benign_sched,0.1819292975255069,0.19226879200606378,HEALTHY,benign,False,0,A2
1582.0,benign_kpm,0.2556796777380139,0.2676110582755785,HEALTHY,benign,False,0,A2
1582.0,mal_A2,0.1329674937081841,0.253408323292639,HEALTHY,A2,False,0,A2
1583.0,benign_ho,0.48030951768603214,0.38162896967207105,HEALTHY,benign,False,0,A2
1583.0,benign_sched,0.07429590377587383,0.1686742143600258,HEALTHY,benign,False,0,A2
1583.0,benign_kpm,0.38098176147800716,0.29028519891606425,HEALTHY,benign,False,0,A2
1583.0,mal_A2,0.3827381700443557,0.27927429264298237,HEALTHY,A2,False,0,A2
1584.0,benign_ho,0.28181614492702134,0.3616664047230611,HEALTHY,benign,False,0,A2
1584.0,benign_sched,0.13617367060724,0.16217410560946866,HEALTHY,benign,False,0,A2
1584.0,benign_kpm,0.3796923461649688,0.3081666283658452,HEALTHY,benign,False,0,A2
1584.0,mal_A2,0.8559621196519009,0.3946118580447661,HEALTHY,A2,False,0,A2
1585.0,benign_ho,0.7985199377712481,0.4490371113326985,HEALTHY,benign,False,0,A2
1585.0,benign_sched,0.2777802845702653,0.185295341401628,HEALTHY,benign,False,0,A2
1585.0,benign_kpm,0.4349770438970872,0.3335287114720936,HEALTHY,benign,False,0,A2
1585.0,mal_A2,0.11509658702072373,0.33870880383995766,HEALTHY,A2,False,0,A2
1586.0,benign_ho,0.45042258308705274,0.4493142056835694,HEALTHY,benign,False,0,A2
1586.0,benign_sched,0.17509316023706295,0.183254905168715,HEALTHY,benign,False,0,A2
1586.0,benign_kpm,0.2664516589377866,0.3201133009652322,HEALTHY,benign,False,0,A2
1586.0,mal_A2,0.13493217717369754,0.2979534785067056,HEALTHY,A2,False,0,A2
1587.0,benign_ho,0.2477726231179723,0.40900588917045,HEALTHY,benign,False,0,A2
1587.0,benign_sched,0.47504298906613496,0.241612521948199,HEALTHY,benign,False,0,A2
1587.0,benign_kpm,0.2880652582735593,0.31370369242689766,HEALTHY,benign,False,0,A2
1587.0,mal_A2,0.4002116199369872,0.3184051067927619,HEALTHY,A2,False,0,A2
1588.0,benign_ho,0.4329201285267031,0.41378873704170066,HEALTHY,benign,False,0,A2
1588.0,benign_sched,0.3619861226895142,0.26568724209646205,HEALTHY,benign,False,0,A2
1588.0,benign_kpm,0.29379969876170065,0.30972289369385825,HEALTHY,benign,False,0,A2
1588.0,mal_A2,0.3182051450309032,0.3183651144403902,HEALTHY,A2,False,0,A2
1589.0,benign_ho,0.28249112498855694,0.3875292146310719,HEALTHY,benign,False,0,A2
1589.0,benign_sched,0.11812775578859366,0.2361753448348884,HEALTHY,benign,False,0,A2
1589.0,benign_kpm,0.2447804095963725,0.2967343968743611,HEALTHY,benign,False,0,A2
1589.0,mal_A2,0.20966007786843435,0.296624107125999,HEALTHY,A2,False,0,A2
1590.0,benign_ho,0.3651151843294292,0.3830464085707434,HEALTHY,benign,False,0,A2
1590.0,benign_sched,0.09527072716496786,0.20799442130090431,HEALTHY,benign,False,0,A2
1590.0,benign_kpm,0.18835658302510103,0.2750588341045091,HEALTHY,benign,False,0,A2
1590.0,mal_A2,0.3403281675648102,0.3053649192137613,HEALTHY,A2,False,0,A2
1591.0,benign_ho,0.5851871191712729,0.4234745506908493,HEALTHY,benign,False,0,A2
1591.0,benign_sched,0.14875318824647413,0.1961461746900183,HEALTHY,benign,False,0,A2
1591.0,benign_kpm,0.15884733155831277,0.25181653359526984,HEALTHY,benign,False,0,A2
1591.0,mal_A2,0.07419837171226049,0.25913160971346116,HEALTHY,A2,False,0,A2
1592.0,benign_ho,0.4974306034250477,0.43826576123768907,HEALTHY,benign,False,0,A2
1592.0,benign_sched,0.2266956664433268,0.20225607304068002,HEALTHY,benign,False,0,A2
1592.0,benign_kpm,0.2092502286957122,0.24330327261535833,HEALTHY,benign,False,0,A2
1592.0,mal_A2,0.3276223730803604,0.27282976238684103,HEALTHY,A2,False,0,A2
1593.0,benign_ho,0.2502336518268076,0.4006593393555128,HEALTHY,benign,False,0,A2
1593.0,benign_sched,0.6177862238560712,0.28536210320375827,HEALTHY,benign,False,0,A2
1593.0,benign_kpm,0.23343639850790557,0.2413298977938678,HEALTHY,benign,False,0,A2
1593.0,mal_A2,0.2550689467558135,0.26927759926063555,HEALTHY,A2,False,0,A2
1594.0,benign_ho,0.6163241637941945,0.44379230424324917,HEALTHY,benign,False,0,A2
1594.0,benign_sched,0.2631608677739001,0.28092185611778664,HEALTHY,benign,False,0,A2
1594.0,benign_kpm,0.1897214820117044,0.23100821463743515,HEALTHY,benign,False,0,A2
1594.0,mal_A2,0.21481781418379584,0.2583856422452676,HEALTHY,A2,False,0,A2
1595.0,benign_ho,0.2991444738816007,0.4148627381709195,HEALTHY,benign,False,0,A2
1595.0,benign_sched,0.20297593871049066,0.2653326726363274,HEALTHY,benign,False,0,A2
1595.0,benign_kpm,0.5405370407145671,0.29291397985286155,HEALTHY,benign,False,0,A2
1595.0,mal_A2,0.5005726031419153,0.3068230344245972,HEALTHY,A2,False,0,A2
1596.0,benign_ho,0.504024467409036,0.43269508401854284,HEALTHY,benign,False,0,A2
1596.0,benign_sched,0.22031144816041032,0.256328427741144,HEALTHY,benign,False,0,A2
1596.0,benign_kpm,0.2631203708365072,0.28695525804959066,HEALTHY,benign,False,0,A2
1596.0,mal_A2,0.31826260423217284,0.3091109483861123,HEALTHY,A2,False,0,A2
1597.0,benign_ho,0.5141781801874822,0.44899170325233073,HEALTHY,benign,False,0,A2
1597.0,benign_sched,0.12737779726602644,0.2305383016461205,HEALTHY,benign,False,0,A2
1597.0,benign_kpm,0.19963115052094732,0.269490436543862,HEALTHY,benign,False,0,A2
1597.0,mal_A2,0.7705028749586893,0.40138933370062774,HEALTHY,A2,False,0,A2
1598.0,benign_ho,0.36738136287418655,0.4326696351767019,HEALTHY,benign,False,0,A2
1598.0,benign_sched,0.11073611733081268,0.20657786478305895,HEALTHY,benign,False,0,A2
1598.0,benign_kpm,0.32813515612760585,0.2812193804606108,HEALTHY,benign,False,0,A2
1598.0,mal_A2,0.24238876264712864,0.3695892194899279,HEALTHY,A2,False,0,A2
1599.0,benign_ho,0.42056081171964543,0.4302478704852907,HEALTHY,benign,False,0,A2
1599.0,benign_sched,0.17613347819004352,0.20048898746445587,HEALTHY,benign,False,0,A2
1599.0,benign_kpm,0.2933668941374735,0.28364888319598336,HEALTHY,benign,False,0,A2
1599.0,mal_A2,0.19406632610049784,0.33448464081204193,HEALTHY,A2,False,0,A2
1600.0,benign_ho,0.5316390505225385,0.4505261064927403,HEALTHY,benign,False,0,A2
1600.0,benign_sched,0.22520443364757908,0.20543207670108052,HEALTHY,benign,False,0,A2
1600.0,benign_kpm,0.11740775332931368,0.2504006572226494,HEALTHY,benign,False,0,A2
1600.0,mal_A2,0.08528254519684059,0.28464422168900166,HEALTHY,A2,False,0,A2
1601.0,benign_ho,0.35549829909781633,0.43152054501375553,HEALTHY,benign,False,0,A2
1601.0,benign_sched,0.1909628193467713,0.2025382252302187,HEALTHY,benign,False,0,A2
1601.0,benign_kpm,0.49133566798493045,0.2985876593751056,HEALTHY,benign,False,0,A2
1601.0,mal_A2,0.3744289139456437,0.3026011601403301,HEALTHY,A2,False,0,A2
1602.0,benign_ho,0.4061377912054499,0.42644399425209445,HEALTHY,benign,False,0,A2
1602.0,benign_sched,0.285829628639717,0.21919650591211837,HEALTHY,benign,False,0,A2
1602.0,benign_kpm,0.41137224915685544,0.3211445773314556,HEALTHY,benign,False,0,A2
1602.0,mal_A2,0.3602440517695282,0.31412973846616976,HEALTHY,A2,False,0,A2
1603.0,benign_ho,0.34749078599498323,0.41065335260067226,HEALTHY,benign,False,0,A2
1603.0,benign_sched,0.027880033949212714,0.18093321151953726,HEALTHY,benign,False,0,A2
1603.0,benign_kpm,0.2138911889655972,0.29969389965828397,HEALTHY,benign,False,0,A2
1603.0,mal_A2,0.275438718593686,0.306391534491673,HEALTHY,A2,False,0,A2
1604.0,benign_ho,0.4499739506453077,0.41851747220959934,HEALTHY,benign,False,0,A2
1604.0,benign_sched,0.23200567112913473,0.19114770344145676,HEALTHY,benign,False,0,A2
1604.0,benign_kpm,0.38758841405941563,0.3172728025385103,HEALTHY,benign,False,0,A2
1604.0,mal_A2,0.3947104924798403,0.3240553260893065,HEALTHY,A2,False,0,A2
1605.0,benign_ho,0.9414867673973076,0.523111331247141,WATCH,benign,False,0,A2
1605.0,benign_sched,0.04976965747178732,0.16287209424752289,HEALTHY,benign,False,0,A2
1605.0,benign_kpm,0.47092971378189175,0.34800418478718664,HEALTHY,benign,False,0,A2
1605.0,mal_A2,0.10825494624982746,0.2808952501214107,HEALTHY,A2,False,0,A2
1606.0,benign_ho,0.2451752499591485,0.4675241149895426,HEALTHY,benign,False,0,A2
1606.0,benign_sched,0.09553268780317664,0.14940421295865364,HEALTHY,benign,False,0,A2
1606.0,benign_kpm,0.29320084165588944,0.33704351616092726,HEALTHY,benign,False,0,A2
1606.0,mal_A2,0.3339895123435024,0.29151410256582905,HEALTHY,A2,False,0,A2
1607.0,benign_ho,0.4371131752890285,0.46144192704943976,HEALTHY,benign,False,0,A2
1607.0,benign_sched,0.15490730442987108,0.15050483125289713,HEALTHY,benign,False,0,A2
1607.0,benign_kpm,0.12123554122729811,0.2938819211742014,HEALTHY,benign,False,0,A2
1607.0,mal_A2,0.3103242979102313,0.2952761416347095,HEALTHY,A2,False,0,A2
1608.0,benign_ho,0.2855851866359371,0.42627057896673926,HEALTHY,benign,False,0,A2
1608.0,benign_sched,0.13439228207621232,0.14728232141756017,HEALTHY,benign,False,0,A2
1608.0,benign_kpm,0.13215881138575705,0.2615372992165126,HEALTHY,benign,False,0,A2
1608.0,mal_A2,0.17577590974947374,0.2713760952576624,HEALTHY,A2,False,0,A2
1609.0,benign_ho,0.3601377351569295,0.4130440102047773,HEALTHY,benign,False,0,A2
1609.0,benign_sched,0.15417174696417968,0.14866020652688408,HEALTHY,benign,False,0,A2
1609.0,benign_kpm,0.4755895310652948,0.30434774558626904,HEALTHY,benign,False,0,A2
1609.0,mal_A2,0.2329101583611967,0.26368290787836923,HEALTHY,A2,False,0,A2
1610.0,benign_ho,0.5379796556341426,0.4380311392906504,HEALTHY,benign,False,0,A2
1610.0,benign_sched,0.3793745065168669,0.19480306652488066,HEALTHY,benign,False,0,A2
1610.0,benign_kpm,0.7374888111412279,0.3909759586972609,HEALTHY,benign,False,0,A2
1610.0,mal_A2,0.45393985468348136,0.30173429723939166,HEALTHY,A2,False,0,A2
1611.0,benign_ho,0.49543959891620193,0.44951283121576074,HEALTHY,benign,False,0,A2
1611.0,benign_sched,0.08290966743117935,0.1724243867061404,HEALTHY,benign,False,0,A2
1611.0,benign_kpm,0.4863211914196939,0.4100450052417475,HEALTHY,benign,False,0,A2
1611.0,mal_A2,0.35420282333286934,0.31222800245808724,HEALTHY,A2,False,0,A2
1612.0,benign_ho,0.3005364716862094,0.4197175593098505,HEALTHY,benign,False,0,A2
1612.0,benign_sched,0.24183849330276525,0.18630720802546538,HEALTHY,benign,False,0,A2
1612.0,benign_kpm,0.15740623521119626,0.35951725123563727,HEALTHY,benign,False,0,A2
1612.0,mal_A2,0.1310285250560459,0.275988106977679,HEALTHY,A2,False,0,A2
1613.0,benign_ho,0.5058654931183509,0.4369471460715506,HEALTHY,benign,False,0,A2
1613.0,benign_sched,0.29986674232974997,0.2090191148863223,HEALTHY,benign,False,0,A2
1613.0,benign_kpm,0.3914065619051229,0.3658951133695344,HEALTHY,benign,False,0,A2
1613.0,mal_A2,0.09060200250582741,0.23891088608330868,HEALTHY,A2,False,0,A2
1614.0,benign_ho,0.4451910813360095,0.43859593312444245,HEALTHY,benign,False,0,A2
1614.0,benign_sched,0.40284221841459206,0.24778373559197625,HEALTHY,benign,False,0,A2
1614.0,benign_kpm,0.33791953499751853,0.36029999769513127,HEALTHY,benign,False,0,A2
1614.0,mal_A2,0.06853161342461218,0.2048350315515694,HEALTHY,A2,False,0,A2
1615.0,benign_ho,0.49509475438487316,0.4498956973765286,HEALTHY,benign,False,0,A2
1615.0,benign_sched,0.4217420114947225,0.2825753907725255,HEALTHY,benign,False,0,A2
1615.0,benign_kpm,0.1597864141419629,0.3201972809844976,HEALTHY,benign,False,0,A2
1615.0,mal_A2,0.43437207002712075,0.2507424392466797,HEALTHY,A2,False,0,A2
1616.0,benign_ho,0.8267565375390648,0.5252678654090359,WATCH,benign,False,0,A2
1616.0,benign_sched,0.30031025691727936,0.2861223640014763,HEALTHY,benign,False,0,A2
1616.0,benign_kpm,0.19418833214974374,0.29499549121754687,HEALTHY,benign,False,0,A2
1616.0,mal_A2,0.7465651217921063,0.34990697575576507,HEALTHY,A2,False,0,A2
1617.0,benign_ho,0.36584509896473955,0.49338331212017666,WATCH,benign,False,0,A2
1617.0,benign_sched,0.04513789798559096,0.23792547079829923,HEALTHY,benign,False,0,A2
1617.0,benign_kpm,0.1614710011504575,0.268290593204129,HEALTHY,benign,False,0,A2
1617.0,mal_A2,0.3603057864008633,0.35198673788478474,HEALTHY,A2,False,0,A2
1618.0,benign_ho,0.26408667426031485,0.4475239845482043,HEALTHY,benign,False,0,A2
1618.0,benign_sched,0.1813503765203114,0.22661045194270169,HEALTHY,benign,False,0,A2
1618.0,benign_kpm,0.23652780291927863,0.26193803514715897,HEALTHY,benign,False,0,A2
1618.0,mal_A2,0.357640426591087,0.35311747562604523,HEALTHY,A2,False,0,A2
1619.0,benign_ho,0.3570374511239463,0.4294266778633527,HEALTHY,benign,False,0,A2
1619.0,benign_sched,0.09940718682624554,0.20116979891941048,HEALTHY,benign,False,0,A2
1619.0,benign_kpm,0.24800617702894628,0.25915166352351643,HEALTHY,benign,False,0,A2
1619.0,mal_A2,0.15636683268968218,0.3137673470387726,HEALTHY,A2,False,0,A2
1620.0,benign_ho,0.36380401387432004,0.4163021450655462,HEALTHY,benign,False,0,A2
1620.0,benign_sched,0.23213962255960252,0.2073637636474489,HEALTHY,benign,False,0,A2
1620.0,benign_kpm,0.2562890144185361,0.2585791337025204,HEALTHY,benign,False,0,A2
1620.0,mal_A2,0.23452909757973675,0.2979196971469655,HEALTHY,A2,False,0,A2
1621.0,benign_ho,0.4270824821701674,0.41845821248647047,HEALTHY,benign,False,0,A2
1621.0,benign_sched,0.5898840343040356,0.28386781777876624,HEALTHY,benign,False,0,A2
1621.0,benign_kpm,0.3800909404262306,0.28288149504726245,HEALTHY,benign,False,0,A2
1621.0,mal_A2,0.05835561012316232,0.25000687974220487,HEALTHY,A2,False,0,A2
1622.0,benign_ho,0.49787101400282696,0.4343407727897418,HEALTHY,benign,False,0,A2
1622.0,benign_sched,0.3316684999589714,0.2934279542148073,HEALTHY,benign,False,0,A2
1622.0,benign_kpm,0.13955090652537128,0.25421537734288424,HEALTHY,benign,False,0,A2
1622.0,mal_A2,0.35916293929658377,0.2718380916530807,HEALTHY,A2,False,0,A2
1623.0,benign_ho,0.30682723247715166,0.40883806472722384,HEALTHY,benign,False,0,A2
1623.0,benign_sched,0.26952552910385413,0.2886474691926167,HEALTHY,benign,False,0,A2
1623.0,benign_kpm,0.22828061886321452,0.24902842564695032,HEALTHY,benign,False,0,A2
1623.0,mal_A2,0.3705161293680388,0.29157369919607234,HEALTHY,A2,False,0,A2
1624.0,benign_ho,0.4153530326776169,0.41014105831730246,HEALTHY,benign,False,0,A2
1624.0,benign_sched,0.305558863957842,0.29202974814566174,HEALTHY,benign,False,0,A2
1624.0,benign_kpm,0.17847258449474473,0.23491725741650923,HEALTHY,benign,False,0,A2
1624.0,mal_A2,0.39300482940804643,0.3118599252384672,HEALTHY,A2,False,0,A2
1625.0,benign_ho,0.23990214524476125,0.37609327570279427,HEALTHY,benign,False,0,A2
1625.0,benign_sched,0.1505967624479037,0.2637431510061101,HEALTHY,benign,False,0,A2
1625.0,benign_kpm,0.5096191285710215,0.28985763164741174,HEALTHY,benign,False,0,A2
1625.0,mal_A2,0.2765488998933666,0.30479772016944706,HEALTHY,A2,False,0,A2
1626.0,benign_ho,0.6043342888829236,0.4217414783388202,HEALTHY,benign,False,0,A2
1626.0,benign_sched,0.11959508505913136,0.2349135378167144,HEALTHY,benign,False,0,A2
1626.0,benign_kpm,0.22421182617386887,0.2767284705527032,HEALTHY,benign,False,0,A2
1626.0,mal_A2,0.032145251505731,0.25026722643670385,HEALTHY,A2,False,0,A2
1627.0,benign_ho,0.6600687970639079,0.4694069420838377,HEALTHY,benign,False,0,A2
1627.0,benign_sched,0.31505598123648865,0.25094202650066927,HEALTHY,benign,False,0,A2
1627.0,benign_kpm,0.35170144091758,0.2917230646256786,HEALTHY,benign,False,0,A2
1627.0,mal_A2,0.2353128492609394,0.24727635100155096,HEALTHY,A2,False,0,A2
1628.0,benign_ho,0.36500227399814805,0.4485260084666998,HEALTHY,benign,False,0,A2
1628.0,benign_sched,0.1896150791536721,0.23867663703126984,HEALTHY,benign,False,0,A2
1628.0,benign_kpm,0.3151750162418981,0.2964134549489225,HEALTHY,benign,False,0,A2
1628.0,mal_A2,0.13557261058017792,0.22493560291727638,HEALTHY,A2,False,0,A2
1629.0,benign_ho,0.17968346015169745,0.39475749880369937,HEALTHY,benign,False,0,A2
1629.0,benign_sched,0.31364345581091346,0.2536700007871986,HEALTHY,benign,False,0,A2
1629.0,benign_kpm,0.4852309275604068,0.3341769494712194,HEALTHY,benign,False,0,A2
1629.0,mal_A2,0.3040543763190097,0.24075935759762304,HEALTHY,A2,False,0,A2
1630.0,benign_ho,0.4420012965100956,0.40420625834497864,HEALTHY,benign,False,0,A2
1630.0,benign_sched,0.19644989116145953,0.2422259788620508,HEALTHY,benign,False,0,A2
1630.0,benign_kpm,0.3420124237648409,0.3357440443299437,HEALTHY,benign,False,0,A2
1630.0,mal_A2,0.374439558757141,0.26749539782952664,HEALTHY,A2,False,0,A2
1631.0,benign_ho,0.5595394628174881,0.4352728992394806,HEALTHY,benign,False,0,A2
1631.0,benign_sched,0.26134214395900335,0.2460492118814413,HEALTHY,benign,False,0,A2
1631.0,benign_kpm,0.5067107907243996,0.36993739360883493,HEALTHY,benign,False,0,A2
1631.0,mal_A2,0.5022821536046607,0.31445274898455344,HEALTHY,A2,False,0,A2
1632.0,benign_ho,0.38795381681386915,0.4258090827543583,HEALTHY,benign,False,0,A2
1632.0,benign_sched,0.5309913201869827,0.3030376335425496,HEALTHY,benign,False,0,A2
1632.0,benign_kpm,0.47813732472719167,0.3915773798325063,HEALTHY,benign,False,0,A2
1632.0,mal_A2,0.4729782004049914,0.3461578392686411,HEALTHY,A2,False,0,A2
1633.0,benign_ho,0.2817068265092126,0.3969886315053292,HEALTHY,benign,False,0,A2
1633.0,benign_sched,0.5217766855037069,0.34678544393478106,HEALTHY,benign,False,0,A2
1633.0,benign_kpm,0.17179064225052054,0.34762003231610916,HEALTHY,benign,False,0,A2
1633.0,mal_A2,0.2900229433899016,0.3349308600928932,HEALTHY,A2,False,0,A2
1634.0,benign_ho,0.3614337215188041,0.38987764950802417,HEALTHY,benign,False,0,A2
1634.0,benign_sched,0.09506560501446326,0.29644147615071753,HEALTHY,benign,False,0,A2
1634.0,benign_kpm,0.11197084292178942,0.30049019443724523,HEALTHY,benign,False,0,A2
1634.0,mal_A2,0.3078947895936139,0.3295236459930373,HEALTHY,A2,False,0,A2
1635.0,benign_ho,0.3284674757312198,0.3775956147526633,HEALTHY,benign,False,0,A2
1635.0,benign_sched,0.29308677786332865,0.29577053649323976,HEALTHY,benign,False,0,A2
1635.0,benign_kpm,0.24429778359887372,0.28925171226957097,HEALTHY,benign,False,0,A2
1635.0,mal_A2,0.27590109608117125,0.3187991360106641,HEALTHY,A2,False,0,A2
1636.0,benign_ho,0.5319930700097859,0.40847510580408786,HEALTHY,benign,False,0,A2
1636.0,benign_sched,0.3143126655932329,0.2994789623132384,HEALTHY,benign,False,0,A2
1636.0,benign_kpm,0.21484177185425135,0.27436972418650707,HEALTHY,benign,False,0,A2
1636.0,mal_A2,0.19099119629522618,0.29323754806757657,HEALTHY,A2,False,0,A2
1637.0,benign_ho,0.322744726657792,0.3913290299748287,HEALTHY,benign,False,0,A2
1637.0,benign_sched,0.10202635701229279,0.25998844125304926,HEALTHY,benign,False,0,A2
1637.0,benign_kpm,0.1440503635613868,0.24830585206148303,HEALTHY,benign,False,0,A2
1637.0,mal_A2,0.12225550933533949,0.2590411403211292,HEALTHY,A2,False,0,A2
1638.0,benign_ho,0.39029161499095183,0.39112154697805335,HEALTHY,benign,False,0,A2
1638.0,benign_sched,0.2395281502400146,0.2558963830504423,HEALTHY,benign,False,0,A2
1638.0,benign_kpm,0.13040936152823282,0.224726553954833,HEALTHY,benign,False,0,A2
1638.0,mal_A2,0.1543446870985101,0.23810184967660536,HEALTHY,A2,False,0,A2
1639.0,benign_ho,0.3886172573667351,0.3906206890557897,HEALTHY,benign,False,0,A2
1639.0,benign_sched,0.12764387238221103,0.2302458809167961,HEALTHY,benign,False,0,A2
1639.0,benign_kpm,0.16603940804782807,0.21298912477343204,HEALTHY,benign,False,0,A2
1639.0,mal_A2,0.7437961460306695,0.3392407089474182,HEALTHY,A2,False,0,A2
1640.0,benign_ho,0.5909091304921869,0.4306783773430692,HEALTHY,benign,False,0,A2
1640.0,benign_sched,0.33181303255294586,0.2505593112440261,HEALTHY,benign,False,0,A2
1640.0,benign_kpm,0.22043762637761039,0.21447882509426774,HEALTHY,benign,False,0,A2
1640.0,mal_A2,0.1506331831519896,0.3015192037883325,HEALTHY,A2,False,0,A2
1641.0,benign_ho,0.31425262273973725,0.40739322642240283,HEALTHY,benign,False,0,A2
1641.0,benign_sched,0.8555715829493988,0.3715617655851007,HEALTHY,benign,False,0,A2
1641.0,benign_kpm,0.4874900304808405,0.26908106617158234,HEALTHY,benign,False,0,A2
1641.0,mal_A2,0.07784192402463692,0.25678374783559343,HEALTHY,A2,False,0,A2
1642.0,benign_ho,0.5649059919306438,0.438895779524051,HEALTHY,benign,False,0,A2
1642.0,benign_sched,0.13247555507403164,0.3237445234828869,HEALTHY,benign,False,0,A2
1642.0,benign_kpm,0.20820148652120934,0.25690515024150773,HEALTHY,benign,False,0,A2
1642.0,mal_A2,0.3244921684343864,0.2703254319553521,HEALTHY,A2,False,0,A2
1643.0,benign_ho,0.6292857828905352,0.4769737801973479,HEALTHY,benign,False,0,A2
1643.0,benign_sched,0.49686506980077044,0.35836863274646363,HEALTHY,benign,False,0,A2
1643.0,benign_kpm,0.30860207858206534,0.2672445359096193,HEALTHY,benign,False,0,A2
1643.0,mal_A2,0.23166235499737825,0.2625928165637573,HEALTHY,A2,False,0,A2
1644.0,benign_ho,0.46097595298154737,0.4737742147541878,HEALTHY,benign,False,0,A2
1644.0,benign_sched,0.5019146984636289,0.3870778458898967,HEALTHY,benign,False,0,A2
1644.0,benign_kpm,0.2515188003092289,0.2640993887895412,HEALTHY,benign,False,0,A2
1644.0,mal_A2,0.12912737625340717,0.2358997285016873,HEALTHY,A2,False,0,A2
1645.0,benign_ho,0.33156419070434673,0.4453322099442196,HEALTHY,benign,False,0,A2
1645.0,benign_sched,0.276256911305213,0.36491365897295996,HEALTHY,benign,False,0,A2
1645.0,benign_kpm,0.4554743083116198,0.30237437269395695,HEALTHY,benign,False,0,A2
1645.0,mal_A2,0.11437396030549679,0.2115945748624492,HEALTHY,A2,False,0,A2
1646.0,benign_ho,0.4405866820120267,0.44438310435778106,HEALTHY,benign,False,0,A2
1646.0,benign_sched,0.5441033226961564,0.4007515917175993,HEALTHY,benign,False,0,A2
1646.0,benign_kpm,0.08908461090213741,0.25971642033559306,HEALTHY,benign,False,0,A2
1646.0,mal_A2,0.5485019755611578,0.2789760550021909,HEALTHY,A2,False,0,A2
1647.0,benign_ho,0.30540898919269427,0.4165882813247637,HEALTHY,benign,False,0,A2
1647.0,benign_sched,0.4661077057361253,0.41382281452130454,HEALTHY,benign,False,0,A2
1647.0,benign_kpm,0.20058362029600477,0.2478898603276754,HEALTHY,benign,False,0,A2
1647.0,mal_A2,0.2797733527950124,0.27913551456075525,HEALTHY,A2,False,0,A2
1648.0,benign_ho,0.4480684348548077,0.42288431203077254,HEALTHY,benign,False,0,A2
1648.0,benign_sched,0.4093373006240147,0.4129257117418466,HEALTHY,benign,False,0,A2
1648.0,benign_kpm,0.21499076218780422,0.2413100406997012,HEALTHY,benign,False,0,A2
1648.0,mal_A2,0.28939486863397434,0.2811873853753991,HEALTHY,A2,False,0,A2
1649.0,benign_ho,0.2995535913304376,0.3982181678907056,HEALTHY,benign,False,0,A2
1649.0,benign_sched,0.035901809522934716,0.33752093129806426,HEALTHY,benign,False,0,A2
1649.0,benign_kpm,0.4258873444786937,0.27822550145549974,HEALTHY,benign,False,0,A2
1649.0,mal_A2,0.3498402692282809,0.2949179621459755,HEALTHY,A2,False,0,A2
1650.0,benign_ho,0.3760783477056904,0.39379020385370256,HEALTHY,benign,False,0,A2
1650.0,benign_sched,0.11350830133319367,0.29271840530509013,HEALTHY,benign,False,0,A2
1650.0,benign_kpm,0.2147334358069671,0.26552708832579325,HEALTHY,benign,False,0,A2
1650.0,mal_A2,0.1577762427049881,0.267489618257778,HEALTHY,A2,False,0,A2
1651.0,benign_ho,0.6087032098583223,0.4367728050546265,HEALTHY,benign,False,0,A2
1651.0,benign_sched,0.09404122069559138,0.2529829683831904,HEALTHY,benign,False,0,A2
1651.0,benign_kpm,0.1456469231442562,0.24155105528948584,HEALTHY,benign,False,0,A2
1651.0,mal_A2,0.25567113838171773,0.265125922282566,HEALTHY,A2,False,0,A2
1652.0,benign_ho,0.5000606595074163,0.44943037594518453,HEALTHY,benign,False,0,A2
1652.0,benign_sched,0.36456603929307047,0.2752995825651664,HEALTHY,benign,False,0,A2
1652.0,benign_kpm,0.16849018657688283,0.22693888154696526,HEALTHY,benign,False,0,A2
1652.0,mal_A2,0.2875568177746406,0.2696121013809809,HEALTHY,A2,False,0,A2
1653.0,benign_ho,0.3055025624987521,0.42064481325589803,HEALTHY,benign,False,0,A2
1653.0,benign_sched,0.29414866418606234,0.2790693988893456,HEALTHY,benign,False,0,A2
1653.0,benign_kpm,0.6244385431979053,0.30643881387715327,HEALTHY,benign,False,0,A2
1653.0,mal_A2,0.15589548826031774,0.2468687787568483,HEALTHY,A2,False,0,A2
1654.0,benign_ho,0.4620658510101771,0.4289290208067539,HEALTHY,benign,False,0,A2
1654.0,benign_sched,0.19980592609983808,0.2632167043314441,HEALTHY,benign,False,0,A2
1654.0,benign_kpm,0.15623365860548827,0.2763977828228203,HEALTHY,benign,False,0,A2
1654.0,mal_A2,0.17387644831050802,0.23227031266758025,HEALTHY,A2,False,0,A2
1655.0,benign_ho,0.36623904598533474,0.4163910258424701,HEALTHY,benign,False,0,A2
1655.0,benign_sched,0.2361188246715491,0.2577971283994651,HEALTHY,benign,False,0,A2
1655.0,benign_kpm,0.4757317527425885,0.31626457680677394,HEALTHY,benign,False,0,A2
1655.0,mal_A2,0.1626292146405427,0.21834209306217275,HEALTHY,A2,False,0,A2
1656.0,benign_ho,0.41901642720999616,0.41691610611597535,HEALTHY,benign,False,0,A2
1656.0,benign_sched,0.22896683196352907,0.2520310691122779,HEALTHY,benign,False,0,A2
1656.0,benign_kpm,0.1894390233792978,0.2908994661212787,HEALTHY,benign,False,0,A2
1656.0,mal_A2,0.2717124958642575,0.22901617362258972,HEALTHY,A2,False,0,A2
1657.0,benign_ho,0.4094439058435557,0.41542166606149145,HEALTHY,benign,False,0,A2
1657.0,benign_sched,0.26551620662812914,0.25472809661544815,HEALTHY,benign,False,0,A2
1657.0,benign_kpm,0.3733775646646565,0.3073950858299543,HEALTHY,benign,False,0,A2
1657.0,mal_A2,0.1628134636702906,0.2157756316321299,HEALTHY,A2,False,0,A2
1658.0,benign_ho,0.3043431479131989,0.393205962431833,HEALTHY,benign,False,0,A2
1658.0,benign_sched,0.0707464468400622,0.21793176666037098,HEALTHY,benign,False,0,A2
1658.0,benign_kpm,0.3652169733898044,0.3189594633419243,HEALTHY,benign,False,0,A2
1658.0,mal_A2,0.24502744991340947,0.22162599528838584,HEALTHY,A2,False,0,A2
1659.0,benign_ho,0.612694974889199,0.4371037649233062,HEALTHY,benign,False,0,A2
1659.0,benign_sched,0.3065726567625328,0.23565994468080334,HEALTHY,benign,False,0,A2
1659.0,benign_kpm,0.3686249375518683,0.3288925581839131,HEALTHY,benign,False,0,A2
1659.0,mal_A2,0.1323875956795863,0.20377831536662594,HEALTHY,A2,False,0,A2
1660.0,benign_ho,0.35722343579544696,0.4211276990977344,HEALTHY,benign,False,0,A2
1660.0,benign_sched,0.38036474453525004,0.2646009046516927,HEALTHY,benign,False,0,A2
1660.0,benign_kpm,0.513924142705718,0.3658988750882741,HEALTHY,benign,False,0,A2
1660.0,mal_A2,0.24260689738100627,0.211544031769502,HEALTHY,A2,False,0,A2
1661.0,benign_ho,0.40740864117539555,0.41838388751326666,HEALTHY,benign,False,0,A2
1661.0,benign_sched,0.08584166638309683,0.22884905699797356,HEALTHY,benign,False,0,A2
1661.0,benign_kpm,0.15676960136622325,0.3240730203438639,HEALTHY,benign,False,0,A2
1661.0,mal_A2,0.32116356033514326,0.23346793748263028,HEALTHY,A2,False,0,A2
1662.0,benign_ho,0.3529163918229076,0.40529038837519493,HEALTHY,benign,False,0,A2
1662.0,benign_sched,0.21404386204134634,0.22588801800664812,HEALTHY,benign,False,0,A2
1662.0,benign_kpm,0.12583941683853278,0.2844262996427977,HEALTHY,benign,False,0,A2
1662.0,mal_A2,0.284577265915854,0.24368980316927505,HEALTHY,A2,False,0,A2
1663.0,benign_ho,0.3591620272580544,0.39606471615176686,HEALTHY,benign,False,0,A2
1663.0,benign_sched,0.15177115123391804,0.21106464465210212,HEALTHY,benign,False,0,A2
1663.0,benign_kpm,0.56373661058317,0.3402883618308722,HEALTHY,benign,False,0,A2
1663.0,mal_A2,0.2493965685613356,0.24483115624768717,HEALTHY,A2,False,0,A2
1664.0,benign_ho,0.2475701908955439,0.3663658111005223,HEALTHY,benign,False,0,A2
1664.0,benign_sched,0.34974199697328856,0.23880011511633942,HEALTHY,benign,False,0,A2
1664.0,benign_kpm,0.38059415774810246,0.34834952101431826,HEALTHY,benign,False,0,A2
1664.0,mal_A2,0.09646245687749143,0.21515741637364805,HEALTHY,A2,False,0,A2
1665.0,benign_ho,0.5446685452813752,0.4020263579366929,HEALTHY,benign,False,0,A2
1665.0,benign_sched,0.08403469909263604,0.20784703191159876,HEALTHY,benign,False,0,A2
1665.0,benign_kpm,0.20472042797274473,0.3196237024060036,HEALTHY,benign,False,0,A2
1665.0,mal_A2,0.26429591161592947,0.22498511542210434,HEALTHY,A2,False,0,A2
1666.0,benign_ho,0.5879263511520837,0.4392063565797711,HEALTHY,benign,False,0,A2
1666.0,benign_sched,0.3198169907231093,0.23024102367390087,HEALTHY,benign,False,0,A2
1666.0,benign_kpm,0.3768444742976676,0.33106785678433637,HEALTHY,benign,False,0,A2
1666.0,mal_A2,0.2640288136918426,0.232793855076052,HEALTHY,A2,False,0,A2
1667.0,benign_ho,0.2930242169462673,0.40996992865307036,HEALTHY,benign,False,0,A2
1667.0,benign_sched,0.11356681657688104,0.20690618225449692,HEALTHY,benign,False,0,A2
1667.0,benign_kpm,0.5921578051551837,0.38328584645850583,HEALTHY,benign,False,0,A2
1667.0,mal_A2,0.1926864999884136,0.22477238405852434,HEALTHY,A2,False,0,A2
1668.0,benign_ho,0.24996455889314434,0.37796885470108516,HEALTHY,benign,False,0,A2
1668.0,benign_sched,0.41074825901415035,0.24767459760642763,HEALTHY,benign,False,0,A2
1668.0,benign_kpm,0.20986351121431532,0.34860137940966773,HEALTHY,benign,False,0,A2
1668.0,mal_A2,0.4914041644017125,0.27809874012716196,HEALTHY,A2,False,0,A2
1669.0,benign_ho,0.713940736122739,0.44516323098541594,HEALTHY,benign,False,0,A2
1669.0,benign_sched,0.34093097796782484,0.2663258736787071,HEALTHY,benign,False,0,A2
1669.0,benign_kpm,0.2571395382311084,0.3303090111739559,HEALTHY,benign,False,0,A2
1669.0,mal_A2,0.13365456155815778,0.24920990441336113,HEALTHY,A2,False,0,A2
1670.0,benign_ho,0.6187023163019703,0.4798710480487268,HEALTHY,benign,False,0,A2
1670.0,benign_sched,0.14357505757824932,0.24177571045861554,HEALTHY,benign,False,0,A2
1670.0,benign_kpm,0.13095104478677508,0.2904374178965197,HEALTHY,benign,False,0,A2
1670.0,mal_A2,0.25349254230096224,0.25006643199088135,HEALTHY,A2,False,0,A2
1671.0,benign_ho,0.35104875076283854,0.4541065885915492,HEALTHY,benign,False,0,A2
1671.0,benign_sched,0.1189723415272047,0.21721503667233338,HEALTHY,benign,False,0,A2
1671.0,benign_kpm,0.2803996805871785,0.2884298704346515,HEALTHY,benign,False,0,A2
1671.0,mal_A2,0.2089445211838826,0.24184204982948163,HEALTHY,A2,False,0,A2
1672.0,benign_ho,0.4281631108479739,0.44891789304283414,HEALTHY,benign,False,0,A2
1672.0,benign_sched,0.17540509420080513,0.20885304817802774,HEALTHY,benign,False,0,A2
1672.0,benign_kpm,0.28260463204957925,0.2872648227576371,HEALTHY,benign,False,0,A2
1672.0,mal_A2,0.1575687697915,0.22498739382188532,HEALTHY,A2,False,0,A2
1673.0,benign_ho,0.2936008530293383,0.417854485040135,HEALTHY,benign,False,0,A2
1673.0,benign_sched,0.3920017574788996,0.24548279003820214,HEALTHY,benign,False,0,A2
1673.0,benign_kpm,0.2506642927320582,0.2799447167525213,HEALTHY,benign,False,0,A2
1673.0,mal_A2,0.20579985698929829,0.22114988645536793,HEALTHY,A2,False,0,A2
1674.0,benign_ho,0.3912599033523104,0.4125355687025701,HEALTHY,benign,False,0,A2
1674.0,benign_sched,0.3371887728022145,0.2638239865910046,HEALTHY,benign,False,0,A2
1674.0,benign_kpm,0.2673165302433396,0.277419079450685,HEALTHY,benign,False,0,A2
1674.0,mal_A2,0.38040565096207524,0.25300103935670937,HEALTHY,A2,False,0,A2
1675.0,benign_ho,0.3435710409317679,0.39874266314840967,HEALTHY,benign,False,0,A2
1675.0,benign_sched,0.39322733270242477,0.28970465581328864,HEALTHY,benign,False,0,A2
1675.0,benign_kpm,0.20212674972106584,0.2623606135047612,HEALTHY,benign,False,0,A2
1675.0,mal_A2,0.26891740527647784,0.2561843125406631,HEALTHY,A2,False,0,A2
1676.0,benign_ho,0.342793100251811,0.38755275056909,HEALTHY,benign,False,0,A2
1676.0,benign_sched,0.09185082926173915,0.25013389050297874,HEALTHY,benign,False,0,A2
1676.0,benign_kpm,0.22423879704518132,0.25473625021284524,HEALTHY,benign,False,0,A2
1676.0,mal_A2,0.1426684066561486,0.2334811313637602,HEALTHY,A2,False,0,A2
1677.0,benign_ho,0.5243023445505192,0.4149026693653759,HEALTHY,benign,False,0,A2
1677.0,benign_sched,0.40388937575310235,0.28088498755300345,HEALTHY,benign,False,0,A2
1677.0,benign_kpm,0.5572726250373505,0.31524352517774634,HEALTHY,benign,False,0,A2
1677.0,mal_A2,0.12939366295149202,0.21266363768130658,HEALTHY,A2,False,0,A2
1678.0,benign_ho,0.38318483902132616,0.408559103296566,HEALTHY,benign,False,0,A2
1678.0,benign_sched,0.24865394973159138,0.27443877998872107,HEALTHY,benign,False,0,A2
1678.0,benign_kpm,0.1777729313900388,0.28774940642020486,HEALTHY,benign,False,0,A2
1678.0,mal_A2,0.2463382144011757,0.2193985530252804,HEALTHY,A2,False,0,A2
1679.0,benign_ho,0.7645122761957135,0.4797497378763955,HEALTHY,benign,False,0,A2
1679.0,benign_sched,0.22994426472662458,0.26553987693630177,HEALTHY,benign,False,0,A2
1679.0,benign_kpm,0.3068116556752295,0.2915618562712098,HEALTHY,benign,False,0,A2
1679.0,mal_A2,0.32619185431921327,0.240757213284067,HEALTHY,A2,False,0,A2
1680.0,benign_ho,0.33488695214960484,0.4507771807310374,HEALTHY,benign,False,0,A2
1680.0,benign_sched,0.2168317827406895,0.2557982580971793,HEALTHY,benign,False,0,A2
1680.0,benign_kpm,0.37897412110559636,0.3090443092380871,HEALTHY,benign,False,0,A2
1680.0,mal_A2,0.16790769664121025,0.22618730995549563,HEALTHY,A2,False,0,A2
1681.0,benign_ho,0.3694306743848004,0.43450787946179004,HEALTHY,benign,False,0,A2
1681.0,benign_sched,0.3273557901801963,0.2701097645137827,HEALTHY,benign,False,0,A2
1681.0,benign_kpm,0.3604359730742471,0.3193226420053191,HEALTHY,benign,False,0,A2
1681.0,mal_A2,0.2317282759211088,0.22729550314861827,HEALTHY,A2,False,0,A2
1682.0,benign_ho,0.44204941996245917,0.4360161875619239,HEALTHY,benign,False,0,A2
1682.0,benign_sched,0.44297640155722934,0.30468309192247206,HEALTHY,benign,False,0,A2
1682.0,benign_kpm,0.8013644547542305,0.41573100455510137,HEALTHY,benign,False,0,A2
1682.0,mal_A2,0.24047385997709247,0.22993117451431314,HEALTHY,A2,False,0,A2
1683.0,benign_ho,0.34757676927146725,0.41832830390383263,HEALTHY,benign,False,0,A2
1683.0,benign_sched,0.32150044557433655,0.30804656265284497,HEALTHY,benign,False,0,A2
1683.0,benign_kpm,0.3018914677835244,0.392963097200786,HEALTHY,benign,False,0,A2
1683.0,mal_A2,0.3996552714700628,0.2638759939054631,HEALTHY,A2,False,0,A2
1684.0,benign_ho,0.23279877013440453,0.38122239714994705,HEALTHY,benign,False,0,A2
1684.0,benign_sched,0.17130646950136488,0.28069854402254896,HEALTHY,benign,False,0,A2
1684.0,benign_kpm,0.19380595748396265,0.35313166925742134,HEALTHY,benign,False,0,A2
1684.0,mal_A2,0.32277535133085694,0.27565586539054193,HEALTHY,A2,False,0,A2
1685.0,benign_ho,0.48674865517734534,0.4023276487554267,HEALTHY,benign,False,0,A2
1685.0,benign_sched,0.21424043263319492,0.26740692174467817,HEALTHY,benign,False,0,A2
1685.0,benign_kpm,0.5552027860382808,0.39354589261359324,HEALTHY,benign,False,0,A2
1685.0,mal_A2,0.07147348001562655,0.23481938831555885,HEALTHY,A2,False,0,A2
1686.0,benign_ho,0.33399217293371913,0.3886605535910852,HEALTHY,benign,False,0,A2
1686.0,benign_sched,0.3292474574705093,0.2797750288898444,HEALTHY,benign,False,0,A2
1686.0,benign_kpm,0.2426398806176017,0.36336469021439494,HEALTHY,benign,False,0,A2
1686.0,mal_A2,0.2802080104980173,0.24389711275205056,HEALTHY,A2,False,0,A2
1687.0,benign_ho,0.2835887948739224,0.3676462018476527,HEALTHY,benign,False,0,A2
1687.0,benign_sched,0.16982141815156976,0.2577843067421895,HEALTHY,benign,False,0,A2
1687.0,benign_kpm,0.1385457379891858,0.3184008997693531,HEALTHY,benign,False,0,A2
1687.0,mal_A2,0.24091339257075037,0.24330036871579053,HEALTHY,A2,False,0,A2
1688.0,benign_ho,0.47303881157351074,0.3887247237928243,HEALTHY,benign,False,0,A2
1688.0,benign_sched,0.20782787480126247,0.24779302035400408,HEALTHY,benign,False,0,A2
1688.0,benign_kpm,0.28248951435534037,0.3112186226865506,HEALTHY,benign,False,0,A2
1688.0,mal_A2,0.11141887982218053,0.21692407093706856,HEALTHY,A2,False,0,A2
1689.0,benign_ho,0.2703475423266162,0.36504928749958265,HEALTHY,benign,False,0,A2
1689.0,benign_sched,0.10547507502933318,0.2193294312890699,HEALTHY,benign,False,0,A2
1689.0,benign_kpm,0.15010599664083532,0.27899609747740756,HEALTHY,benign,False,0,A2
1689.0,mal_A2,0.08940905686264572,0.191421068122184,HEALTHY,A2,False,0,A2
1690.0,benign_ho,0.38837892033319177,0.3697152140663045,HEALTHY,benign,False,0,A2
1690.0,benign_sched,0.3770307295069402,0.250869690932644,HEALTHY,benign,False,0,A2
1690.0,benign_kpm,0.21955735211188263,0.2671083484043026,HEALTHY,benign,False,0,A2
1690.0,mal_A2,0.3449780073572282,0.22213245596919287,HEALTHY,A2,False,0,A2
1691.0,benign_ho,0.35408751025011853,0.36658967330306735,HEALTHY,benign,False,0,A2
1691.0,benign_sched,0.7409112612388551,0.3488780049938862,HEALTHY,benign,False,0,A2
1691.0,benign_kpm,0.8519771795433355,0.3840821146321092,HEALTHY,benign,False,0,A2
1691.0,mal_A2,0.18369782087878134,0.21444552895111058,HEALTHY,A2,False,0,A2
1692.0,benign_ho,0.28741017825567783,0.35075377429358945,HEALTHY,benign,False,0,A2
1692.0,benign_sched,0.2448125217270468,0.3280649083405184,HEALTHY,benign,False,0,A2
1692.0,benign_kpm,0.33569402514076313,0.37440449673383996,HEALTHY,benign,False,0,A2
1692.0,mal_A2,0.2174265416049538,0.21504173148187924,HEALTHY,A2,False,0,A2
1693.0,benign_ho,0.552794494161566,0.3911619182671848,HEALTHY,benign,False,0,A2
1693.0,benign_sched,0.28562524427744873,0.3195769755279045,HEALTHY,benign,False,0,A2
1693.0,benign_kpm,0.5281592850610834,0.4051554543992887,HEALTHY,benign,False,0,A2
1693.0,mal_A2,0.24390470923935303,0.220814327033374,HEALTHY,A2,False,0,A2
1694.0,benign_ho,0.38759024328210656,0.3904475832701692,HEALTHY,benign,False,0,A2
1694.0,benign_sched,0.16650357818042674,0.28896229605840895,HEALTHY,benign,False,0,A2
1694.0,benign_kpm,0.5412243536427843,0.43236923424798784,HEALTHY,benign,False,0,A2
1694.0,mal_A2,0.10619704485502446,0.1978908705977041,HEALTHY,A2,False,0,A2
1695.0,benign_ho,0.22869251386668984,0.3580965693894734,HEALTHY,benign,False,0,A2
1695.0,benign_sched,0.20425273834393717,0.27202038451551463,HEALTHY,benign,False,0,A2
1695.0,benign_kpm,0.5936205852812141,0.4646195044546331,HEALTHY,benign,False,0,A2
1695.0,mal_A2,0.22575358897851938,0.20346341427386716,HEALTHY,A2,False,0,A2
1696.0,benign_ho,0.5091131323687716,0.38829988198533305,HEALTHY,benign,False,0,A2
1696.0,benign_sched,0.07395466381346237,0.23240724037510418,HEALTHY,benign,False,0,A2
1696.0,benign_kpm,0.22705550697054744,0.417106704957816,HEALTHY,benign,False,0,A2
1696.0,mal_A2,0.17456415734383746,0.19768356288786124,HEALTHY,A2,False,0,A2
1697.0,benign_ho,0.39501386360128066,0.3896426783085226,HEALTHY,benign,False,0,A2
1697.0,benign_sched,0.20135916404608234,0.22619762510929983,HEALTHY,benign,False,0,A2
1697.0,benign_kpm,0.2975475441061326,0.39319487278747933,HEALTHY,benign,False,0,A2
1697.0,mal_A2,0.056754166169516,0.1694976835441922,HEALTHY,A2,False,0,A2
1698.0,benign_ho,0.3930142393761245,0.39031699052204305,HEALTHY,benign,False,0,A2
1698.0,benign_sched,0.27113649234960907,0.2351853985573617,HEALTHY,benign,False,0,A2
1698.0,benign_kpm,0.3358832082855432,0.3817325398870921,HEALTHY,benign,False,0,A2
1698.0,mal_A2,0.29193652196948155,0.19398545122925007,HEALTHY,A2,False,0,A2
1699.0,benign_ho,0.43309655659633933,0.3988729037369023,HEALTHY,benign,False,0,A2
1699.0,benign_sched,0.32477862961688997,0.25310404476926734,HEALTHY,benign,False,0,A2
1699.0,benign_kpm,0.42787637280726704,0.39096130647112715,HEALTHY,benign,False,0,A2
1699.0,mal_A2,0.15215817449758162,0.1856199958829164,HEALTHY,A2,False,0,A2
1700.0,benign_ho,0.822031120897559,0.4835045471690337,WATCH,benign,False,0,A2
1700.0,benign_sched,0.30582455930801206,0.2636481476770163,HEALTHY,benign,False,0,A2
1700.0,benign_kpm,0.45347319907725014,0.40346368499235175,HEALTHY,benign,False,0,A2
1700.0,mal_A2,0.0034495254071594847,0.14918590178776503,HEALTHY,A2,False,0,A2
1701.0,benign_ho,0.4543484924573538,0.4776733362266977,HEALTHY,benign,False,0,A2
1701.0,benign_sched,0.28192490834477324,0.26730349981056767,HEALTHY,benign,False,0,A2
1701.0,benign_kpm,0.4393357211182488,0.41063809221753117,HEALTHY,benign,False,0,A2
1701.0,mal_A2,0.18369529357878753,0.15608778014596952,HEALTHY,A2,False,0,A2
1702.0,benign_ho,0.3609116423982613,0.45432099746101046,HEALTHY,benign,False,0,A2
1702.0,benign_sched,0.055431414566933894,0.22492908276184093,HEALTHY,benign,False,0,A2
1702.0,benign_kpm,0.3030416646024544,0.3891188066945159,HEALTHY,benign,False,0,A2
1702.0,mal_A2,0.20772498156799526,0.16641522043037468,HEALTHY,A2,False,0,A2
1703.0,benign_ho,0.4122827329461237,0.4459133445580331,HEALTHY,benign,False,0,A2
1703.0,benign_sched,0.223234614841416,0.22459018917775597,HEALTHY,benign,False,0,A2
1703.0,benign_kpm,0.17631118140287566,0.3465572816361878,HEALTHY,benign,False,0,A2
1703.0,mal_A2,0.38984027467922366,0.2111002312801445,HEALTHY,A2,False,0,A2
1704.0,benign_ho,0.34968710870571235,0.426668097387569,HEALTHY,benign,False,0,A2
1704.0,benign_sched,0.28376045583839515,0.23642424250988384,HEALTHY,benign,False,0,A2
1704.0,benign_kpm,0.30767008459793493,0.33877984222853724,HEALTHY,benign,False,0,A2
1704.0,mal_A2,0.18218031214782052,0.2053162474536797,HEALTHY,A2,False,0,A2
1705.0,benign_ho,0.22357738263838395,0.38604995443773205,HEALTHY,benign,False,0,A2
1705.0,benign_sched,0.30184408091913056,0.2495082101917332,HEALTHY,benign,False,0,A2
1705.0,benign_kpm,0.2513593597733514,0.3212957457375001,HEALTHY,benign,False,0,A2
1705.0,mal_A2,0.48553518390681505,0.2613600347443068,HEALTHY,A2,False,0,A2
1706.0,benign_ho,0.8090304554585621,0.4706460546418981,HEALTHY,benign,False,0,A2
1706.0,benign_sched,0.10156533727249656,0.21991963560788588,HEALTHY,benign,False,0,A2
1706.0,benign_kpm,0.434765797819838,0.34398975615396765,HEALTHY,benign,False,0,A2
1706.0,mal_A2,0.2491014203973174,0.2589083118749089,HEALTHY,A2,False,0,A2
1707.0,benign_ho,0.41534963382822626,0.45958677047916374,HEALTHY,benign,False,0,A2
1707.0,benign_sched,0.3005985830723255,0.23605542510077382,HEALTHY,benign,False,0,A2
1707.0,benign_kpm,0.4463011087660755,0.3644520266763892,HEALTHY,benign,False,0,A2
1707.0,mal_A2,0.2560425836559493,0.258335166231117,HEALTHY,A2,False,0,A2
1708.0,benign_ho,0.4976087098739953,0.4671911583581301,HEALTHY,benign,False,0,A2
1708.0,benign_sched,0.3006720578541249,0.24897875165144404,HEALTHY,benign,False,0,A2
1708.0,benign_kpm,0.33743710433402474,0.35904904220791634,HEALTHY,benign,False,0,A2
1708.0,mal_A2,0.21080824905039636,0.2488297827949729,HEALTHY,A2,False,0,A2
1709.0,benign_ho,0.7511556573979928,0.5239840581661026,WATCH,benign,False,0,A2
1709.0,benign_sched,0.13587785943194713,0.22635857320754466,HEALTHY,benign,False,0,A2
1709.0,benign_kpm,0.2874499106675601,0.3447292158998451,HEALTHY,benign,False,0,A2
1709.0,mal_A2,0.24381043331152707,0.24782591289828373,HEALTHY,A2,False,0,A2
1710.0,benign_ho,0.35325271463187174,0.48983778945925643,WATCH,benign,False,0,A2
1710.0,benign_sched,0.4191110218558827,0.2649090629372123,HEALTHY,benign,False,0,A2
1710.0,benign_kpm,0.2173414345096236,0.31925165962180085,HEALTHY,benign,False,0,A2
1710.0,mal_A2,0.23363420536877966,0.24498757139238295,HEALTHY,A2,False,0,A2
1711.0,benign_ho,0.23084368804160293,0.43803896917572577,HEALTHY,benign,False,0,A2
1711.0,benign_sched,0.32512951062466416,0.27695315247470265,HEALTHY,benign,False,0,A2
1711.0,benign_kpm,0.5486478409514874,0.36513089588773817,HEALTHY,benign,False,0,A2
1711.0,mal_A2,0.20051296639536692,0.23609265039297977,HEALTHY,A2,False,0,A2
1712.0,benign_ho,0.30701435539384925,0.4118340464193505,HEALTHY,benign,False,0,A2
1712.0,benign_sched,0.23881360089979894,0.2693252421597219,HEALTHY,benign,False,0,A2
1712.0,benign_kpm,0.12781050012805942,0.31766681673580244,HEALTHY,benign,False,0,A2
1712.0,mal_A2,0.2018909087703397,0.22925230206845176,HEALTHY,A2,False,0,A2
1713.0,benign_ho,0.5391616578014109,0.4372995686957626,HEALTHY,benign,False,0,A2
1713.0,benign_sched,0.20320671714772068,0.2561015371573217,HEALTHY,benign,False,0,A2
1713.0,benign_kpm,0.6131026974576101,0.376753992880164,HEALTHY,benign,False,0,A2
1713.0,mal_A2,0.24160261307202718,0.23172236426916687,HEALTHY,A2,False,0,A2
1714.0,benign_ho,0.22475613233408337,0.3947908814234268,HEALTHY,benign,False,0,A2
1714.0,benign_sched,0.16052012690013884,0.23698525510588514,HEALTHY,benign,False,0,A2
1714.0,benign_kpm,0.3101924993209526,0.3634416941683217,HEALTHY,benign,False,0,A2
1714.0,mal_A2,0.24853965658572075,0.23508582273247766,HEALTHY,A2,False,0,A2
1715.0,benign_ho,0.28887673844954587,0.3736080528286506,HEALTHY,benign,False,0,A2
1715.0,benign_sched,0.86312930114998,0.36221406431470415,HEALTHY,benign,False,0,A2
1715.0,benign_kpm,0.15167838545538495,0.3210890324257344,HEALTHY,benign,False,0,A2
1715.0,mal_A2,0.14588601407321672,0.21724586100062548,HEALTHY,A2,False,0,A2
1716.0,benign_ho,0.44956607256786685,0.38879965677649386,HEALTHY,benign,False,0,A2
1716.0,benign_sched,0.21809230321488107,0.33338971209473955,HEALTHY,benign,False,0,A2
1716.0,benign_kpm,0.444895779707733,0.34585038188213413,HEALTHY,benign,False,0,A2
1716.0,mal_A2,0.35343071124307907,0.24448283104911622,HEALTHY,A2,False,0,A2
1717.0,benign_ho,0.5995993961875423,0.4309596046587036,HEALTHY,benign,False,0,A2
1717.0,benign_sched,0.14301891466566727,0.29531555260892506,HEALTHY,benign,False,0,A2
1717.0,benign_kpm,0.2508970200179215,0.32685970950929166,HEALTHY,benign,False,0,A2
1717.0,mal_A2,0.1361976939208295,0.22282580362345888,HEALTHY,A2,False,0,A2
1718.0,benign_ho,0.3773083829280708,0.420229360312577,HEALTHY,benign,False,0,A2
1718.0,benign_sched,0.20416688880198913,0.2770858198475379,HEALTHY,benign,False,0,A2
1718.0,benign_kpm,0.15854606658441583,0.2931969809243165,HEALTHY,benign,False,0,A2
1718.0,mal_A2,0.19713899845147362,0.21768844258906184,HEALTHY,A2,False,0,A2
1719.0,benign_ho,0.2736341637026831,0.39091032099059825,HEALTHY,benign,False,0,A2
1719.0,benign_sched,0.5031005040002262,0.32228875667807555,HEALTHY,benign,False,0,A2
1719.0,benign_kpm,0.34335909552719934,0.30322940384489305,HEALTHY,benign,False,0,A2
1719.0,mal_A2,0.4715126796916165,0.26845329000957274,HEALTHY,A2,False,0,A2
1720.0,benign_ho,0.37447737886032717,0.3876237325645441,HEALTHY,benign,False,0,A2
1720.0,benign_sched,0.23257823559547372,0.3043466524615552,HEALTHY,benign,False,0,A2
1720.0,benign_kpm,0.16184536761728047,0.27495259659937055,HEALTHY,benign,False,0,A2
1720.0,mal_A2,0.21280590640379413,0.257323813288417,HEALTHY,A2,False,0,A2
1721.0,benign_ho,0.5058108108109233,0.4112611482138199,HEALTHY,benign,False,0,A2
1721.0,benign_sched,0.15432109665478005,0.27434154130020016,HEALTHY,benign,False,0,A2
1721.0,benign_kpm,0.1595316315698281,0.2518684035934621,HEALTHY,benign,False,0,A2
1721.0,mal_A2,0.2154543925212473,0.2489499291349831,HEALTHY,A2,False,0,A2
1722.0,benign_ho,0.2715981915152144,0.38332855687409884,HEALTHY,benign,False,0,A2
1722.0,benign_sched,0.17309830620961497,0.25409289428208315,HEALTHY,benign,False,0,A2
1722.0,benign_kpm,0.11348032713689181,0.22419078830214803,HEALTHY,benign,False,0,A2
1722.0,mal_A2,0.789472746500482,0.35705449260808286,HEALTHY,A2,False,0,A2
1723.0,benign_ho,0.35651251812939744,0.37796534912515856,HEALTHY,benign,False,0,A2
1723.0,benign_sched,0.23810168894370556,0.2508946532144076,HEALTHY,benign,False,0,A2
1723.0,benign_kpm,0.4709714920261097,0.2735469290469404,HEALTHY,benign,False,0,A2
1723.0,mal_A2,0.05484665400703355,0.296612924887873,HEALTHY,A2,False,0,A2
1724.0,benign_ho,0.31168305330913915,0.3647088899619547,HEALTHY,benign,False,0,A2
1724.0,benign_sched,0.2539918984388407,0.25151410225929427,HEALTHY,benign,False,0,A2
1724.0,benign_kpm,0.44128397567269534,0.30709433837209144,HEALTHY,benign,False,0,A2
1724.0,mal_A2,0.4740076172886208,0.33209186336802254,HEALTHY,A2,False,0,A2
1725.0,benign_ho,0.5419968730134651,0.40016648657225684,HEALTHY,benign,False,0,A2
1725.0,benign_sched,0.16235160722298644,0.23368160325203272,HEALTHY,benign,False,0,A2
1725.0,benign_kpm,0.10661977901428805,0.26699942650053077,HEALTHY,benign,False,0,A2
1725.0,mal_A2,0.20339019136254333,0.3063515289669267,HEALTHY,A2,False,0,A2
1726.0,benign_ho,0.39026432300327835,0.3981860538584612,HEALTHY,benign,False,0,A2
1726.0,benign_sched,0.1728596844529999,0.22151721949222616,HEALTHY,benign,False,0,A2
1726.0,benign_kpm,0.3742248896924565,0.28844451913891594,HEALTHY,benign,False,0,A2
1726.0,mal_A2,0.4717004657841498,0.3394213163303713,HEALTHY,A2,False,0,A2
1727.0,benign_ho,0.32881658434913785,0.3843121599565965,HEALTHY,benign,False,0,A2
1727.0,benign_sched,0.16346855586893594,0.20990748676756812,HEALTHY,benign,False,0,A2
1727.0,benign_kpm,0.3820723483436656,0.30717008497986587,HEALTHY,benign,False,0,A2
1727.0,mal_A2,0.30346623074250745,0.33223029921279856,HEALTHY,A2,False,0,A2
1728.0,benign_ho,0.8827127763308812,0.4839922832314535,WATCH,benign,False,0,A2
1728.0,benign_sched,0.13573694357547209,0.19507337812914893,HEALTHY,benign,False,0,A2
1728.0,benign_kpm,0.42496635777919556,0.3307293395397318,HEALTHY,benign,False,0,A2
1728.0,mal_A2,0.20476283849421587,0.306736807069082,HEALTHY,A2,False,0,A2
1729.0,benign_ho,0.4493429172345101,0.47706241003206484,HEALTHY,benign,False,0,A2
1729.0,benign_sched,0.3537911963055508,0.22681694176442932,HEALTHY,benign,False,0,A2
1729.0,benign_kpm,0.20877370037916987,0.30633821170761943,HEALTHY,benign,False,0,A2
1729.0,mal_A2,0.1679372664549899,0.2789768989462636,HEALTHY,A2,False,0,A2
1730.0,benign_ho,0.2593698442770285,0.43352389688105764,HEALTHY,benign,False,0,A2
1730.0,benign_sched,0.2594588323558485,0.23334531988271315,HEALTHY,benign,False,0,A2
1730.0,benign_kpm,0.1555011924944429,0.27617080786498416,HEALTHY,benign,False,0,A2
1730.0,mal_A2,0.18944838723569937,0.2610711966041508,HEALTHY,A2,False,0,A2
1731.0,benign_ho,0.5985403020614529,0.4665271779171367,HEALTHY,benign,False,0,A2
1731.0,benign_sched,0.35002224548659083,0.2566807050034887,HEALTHY,benign,False,0,A2
1731.0,benign_kpm,0.5770482124302169,0.33634628877803074,HEALTHY,benign,False,0,A2
1731.0,mal_A2,0.29780559220216674,0.268418075723754,HEALTHY,A2,False,0,A2
1732.0,benign_ho,0.31837123001020456,0.43689598833575033,HEALTHY,benign,False,0,A2
1732.0,benign_sched,0.1960937092238079,0.2445633058475526,HEALTHY,benign,False,0,A2
1732.0,benign_kpm,0.4373114484809056,0.3565393207186057,HEALTHY,benign,False,0,A2
1732.0,mal_A2,0.15962200398195353,0.2466588613753939,HEALTHY,A2,False,0,A2
1733.0,benign_ho,0.3423111954216948,0.41797902975293927,HEALTHY,benign,False,0,A2
1733.0,benign_sched,0.26346662633324697,0.2483439699446915,HEALTHY,benign,False,0,A2
1733.0,benign_kpm,0.3192999272758386,0.3490914420300523,HEALTHY,benign,False,0,A2
1733.0,mal_A2,0.1615993780538116,0.22964696471107746,HEALTHY,A2,False,0,A2
1734.0,benign_ho,0.3660714865134904,0.4075975211050495,HEALTHY,benign,False,0,A2
1734.0,benign_sched,0.6063652253558421,0.31994822102692166,HEALTHY,benign,False,0,A2
1734.0,benign_kpm,0.27827496035722477,0.33492814569548685,HEALTHY,benign,False,0,A2
1734.0,mal_A2,0.08084459482107,0.19988649073307596,HEALTHY,A2,False,0,A2
1735.0,benign_ho,0.36717535173941485,0.3995130872319226,HEALTHY,benign,False,0,A2
1735.0,benign_sched,0.1366772679707246,0.28329403041568224,HEALTHY,benign,False,0,A2
1735.0,benign_kpm,0.11336085710520882,0.2906146879774313,HEALTHY,benign,False,0,A2
1735.0,mal_A2,0.24889029127729445,0.20968725084191966,HEALTHY,A2,False,0,A2
1736.0,benign_ho,0.4925178949826342,0.41811404878206493,HEALTHY,benign,False,0,A2
1736.0,benign_sched,0.44646144574951774,0.31592751348244935,HEALTHY,benign,False,0,A2
1736.0,benign_kpm,0.28955247626270375,0.2904022456344858,HEALTHY,benign,False,0,A2
1736.0,mal_A2,0.11968617353349516,0.19168703538023477,HEALTHY,A2,False,0,A2
1737.0,benign_ho,0.346849026209701,0.4038610442675922,HEALTHY,benign,False,0,A2
1737.0,benign_sched,0.30389721073164017,0.3135214529322875,HEALTHY,benign,False,0,A2
1737.0,benign_kpm,0.4905029610733851,0.3304223887222657,HEALTHY,benign,False,0,A2
1737.0,mal_A2,0.2529713682003131,0.20394390194425044,HEALTHY,A2,False,0,A2
1738.0,benign_ho,0.2624494269401543,0.3755787208021046,HEALTHY,benign,False,0,A2
1738.0,benign_sched,0.21603225851809832,0.29402361404944966,HEALTHY,benign,False,0,A2
1738.0,benign_kpm,0.1911783781378733,0.30257358660538725,HEALTHY,benign,False,0,A2
1738.0,mal_A2,0.14646758874528104,0.19244863930445655,HEALTHY,A2,False,0,A2
1739.0,benign_ho,0.40653808846592343,0.3817705943348684,HEALTHY,benign,False,0,A2
1739.0,benign_sched,0.11894444573721014,0.2590077803870018,HEALTHY,benign,False,0,A2
1739.0,benign_kpm,0.35775469262624116,0.31360980780955805,HEALTHY,benign,False,0,A2
1739.0,mal_A2,0.2543048319863073,0.20481987784082673,HEALTHY,A2,False,0,A2
1740.0,benign_ho,0.3563235946300286,0.37668119439390046,HEALTHY,benign,False,0,A2
1740.0,benign_sched,0.006547042241914026,0.20851563275798426,HEALTHY,benign,False,0,A2
1740.0,benign_kpm,0.1701829230348283,0.2849244308546121,HEALTHY,benign,False,0,A2
1740.0,mal_A2,0.1536411365762305,0.1945841295879075,HEALTHY,A2,False,0,A2
1741.0,benign_ho,0.40821980160536675,0.38298891583619377,HEALTHY,benign,False,0,A2
1741.0,benign_sched,0.5116781985146759,0.2691481459093226,HEALTHY,benign,False,0,A2
1741.0,benign_kpm,0.259590310343651,0.2798576067524199,HEALTHY,benign,False,0,A2
1741.0,mal_A2,0.2999188974774913,0.21565108316582426,HEALTHY,A2,False,0,A2
1742.0,benign_ho,0.30330074191098244,0.3670512810511515,HEALTHY,benign,False,0,A2
1742.0,benign_sched,0.35896025893129496,0.2871105685137171,HEALTHY,benign,False,0,A2
1742.0,benign_kpm,0.7679993033247081,0.3774859460668776,HEALTHY,benign,False,0,A2
1742.0,mal_A2,0.31785020595106556,0.23609090772287253,HEALTHY,A2,False,0,A2
1743.0,benign_ho,0.33565134810325625,0.36077129446157247,HEALTHY,benign,False,0,A2
1743.0,benign_sched,0.05895190842095979,0.24147883649516563,HEALTHY,benign,False,0,A2
1743.0,benign_kpm,0.37793996212189446,0.377576749277881,HEALTHY,benign,False,0,A2
1743.0,mal_A2,0.16690585678105482,0.222253897534509,HEALTHY,A2,False,0,A2
1744.0,benign_ho,0.36922794482962196,0.3624626245351824,HEALTHY,benign,False,0,A2
1744.0,benign_sched,0.17697782824417824,0.22857863484496815,HEALTHY,benign,False,0,A2
1744.0,benign_kpm,0.34690483432071173,0.37144236628644717,HEALTHY,benign,False,0,A2
1744.0,mal_A2,0.31655348929707,0.2411138158870212,HEALTHY,A2,False,0,A2
1745.0,benign_ho,0.4389211015671259,0.37775431994157116,HEALTHY,benign,False,0,A2
1745.0,benign_sched,0.17806813883075315,0.21847653564212516,HEALTHY,benign,False,0,A2
1745.0,benign_kpm,0.18219000538390487,0.3335918941059387,HEALTHY,benign,False,0,A2
1745.0,mal_A2,0.20927718018746197,0.23474648874710935,HEALTHY,A2,False,0,A2
1746.0,benign_ho,0.3258441918935958,0.3673722943319761,HEALTHY,benign,False,0,A2
1746.0,benign_sched,0.2694681968454852,0.22867486788279717,HEALTHY,benign,False,0,A2
1746.0,benign_kpm,0.38730802956366006,0.344335121197483,HEALTHY,benign,False,0,A2
1746.0,mal_A2,0.18813800656210242,0.22542479231010798,HEALTHY,A2,False,0,A2
1747.0,benign_ho,0.2576782018879224,0.3454334758431654,HEALTHY,benign,False,0,A2
1747.0,benign_sched,0.44380416732380307,0.27170072777099835,HEALTHY,benign,False,0,A2
1747.0,benign_kpm,0.482901399409668,0.37204837683992,HEALTHY,benign,False,0,A2
1747.0,mal_A2,0.1520228068816812,0.21074439522442262,HEALTHY,A2,False,0,A2
1748.0,benign_ho,0.44557936344429017,0.36546265336339034,HEALTHY,benign,False,0,A2
1748.0,benign_sched,0.23400658623680962,0.26416189946416063,HEALTHY,benign,False,0,A2
1748.0,benign_kpm,0.3623807538742067,0.3701148522467773,HEALTHY,benign,False,0,A2
1748.0,mal_A2,0.33426186973506156,0.23544789012655043,HEALTHY,A2,False,0,A2
1749.0,benign_ho,0.28852477679534055,0.3500750780497804,HEALTHY,benign,False,0,A2
1749.0,benign_sched,0.24122322173897665,0.25957416391912386,HEALTHY,benign,False,0,A2
1749.0,benign_kpm,0.36941198264081854,0.36997427832558555,HEALTHY,benign,False,0,A2
1749.0,mal_A2,0.4955097495373199,0.28746026200870434,HEALTHY,A2,False,0,A2
1750.0,benign_ho,0.3534820873653069,0.3507564799128857,HEALTHY,benign,False,0,A2
1750.0,benign_sched,0.24061637414305023,0.25578260596390917,HEALTHY,benign,False,0,A2
1750.0,benign_kpm,0.20924679566373694,0.33782878179321585,HEALTHY,benign,False,0,A2
1750.0,mal_A2,0.08240699763896547,0.24644960913475658,HEALTHY,A2,False,0,A2
1751.0,benign_ho,0.3252274799775677,0.3456506799258221,HEALTHY,benign,False,0,A2
1751.0,benign_sched,0.5599937508464322,0.3166248349404138,HEALTHY,benign,False,0,A2
1751.0,benign_kpm,0.5181331523794893,0.3738896559104706,HEALTHY,benign,False,0,A2
1751.0,mal_A2,0.15558852383778995,0.22827739207536327,HEALTHY,A2,False,0,A2
1752.0,benign_ho,0.3853425288290534,0.3535890497064684,HEALTHY,benign,False,0,A2
1752.0,benign_sched,0.16505422181496693,0.28631071231532446,HEALTHY,benign,False,0,A2
1752.0,benign_kpm,0.5082737564517841,0.40076647601873333,HEALTHY,benign,False,0,A2
1752.0,mal_A2,0.1698664323219613,0.2165952001246829,HEALTHY,A2,False,0,A2
1753.0,benign_ho,0.26327609705238003,0.3355264591756507,HEALTHY,benign,False,0,A2
1753.0,benign_sched,0.11418149258028477,0.25188486836831653,HEALTHY,benign,False,0,A2
1753.0,benign_kpm,0.34777514384417635,0.390168209583822,HEALTHY,benign,False,0,A2
1753.0,mal_A2,0.3687748850977117,0.2470311371192887,HEALTHY,A2,False,0,A2
1754.0,benign_ho,0.38731360787973446,0.3458838889164675,HEALTHY,benign,False,0,A2
1754.0,benign_sched,0.1325705390654351,0.22802200250774027,HEALTHY,benign,False,0,A2
1754.0,benign_kpm,0.10055014916881978,0.3322445975008216,HEALTHY,benign,False,0,A2
1754.0,mal_A2,0.37201319541395644,0.2720275487782223,HEALTHY,A2,False,0,A2
1755.0,benign_ho,0.35189396404397383,0.34708590394196875,HEALTHY,benign,False,0,A2
1755.0,benign_sched,0.2203368230643187,0.22648496661905598,HEALTHY,benign,False,0,A2
1755.0,benign_kpm,0.1469708260454161,0.2951898432097405,HEALTHY,benign,False,0,A2
1755.0,mal_A2,0.3908284779844731,0.29578773461947244,HEALTHY,A2,False,0,A2
1756.0,benign_ho,0.5094054563508702,0.379549814423749,HEALTHY,benign,False,0,A2
1756.0,benign_sched,0.32494269814729804,0.2461765129247044,HEALTHY,benign,False,0,A2
1756.0,benign_kpm,0.399755947988805,0.3161030641655534,HEALTHY,benign,False,0,A2
1756.0,mal_A2,0.1477493968253116,0.2661800670606403,HEALTHY,A2,False,0,A2
1757.0,benign_ho,0.407857071631972,0.38521126586539367,HEALTHY,benign,False,0,A2
1757.0,benign_sched,0.09800211672705855,0.21654163368517523,HEALTHY,benign,False,0,A2
1757.0,benign_kpm,0.21525672719654426,0.2959337967717516,HEALTHY,benign,False,0,A2
1757.0,mal_A2,0.08409140265732999,0.22976233417997824,HEALTHY,A2,False,0,A2
1758.0,benign_ho,0.3941818020946819,0.3870053731112513,HEALTHY,benign,False,0,A2
1758.0,benign_sched,0.24976569563963122,0.22318644607606647,HEALTHY,benign,False,0,A2
1758.0,benign_kpm,0.7989934947113917,0.3965457363596796,HEALTHY,benign,False,0,A2
1758.0,mal_A2,0.2262050751221,0.2290508823684026,HEALTHY,A2,False,0,A2
1759.0,benign_ho,0.487421258097374,0.4070885501084759,HEALTHY,benign,False,0,A2
1759.0,benign_sched,0.08168212332161887,0.19488558152517696,HEALTHY,benign,False,0,A2
1759.0,benign_kpm,0.13118156112075702,0.3434729013118951,HEALTHY,benign,False,0,A2
1759.0,mal_A2,0.0385599376235666,0.1909526934194354,HEALTHY,A2,False,0,A2
1760.0,benign_ho,0.573264977230338,0.4403238355328483,HEALTHY,benign,False,0,A2
1760.0,benign_sched,0.12987842247236484,0.18188414971461453,HEALTHY,benign,False,0,A2
1760.0,benign_kpm,0.43683250385904143,0.3621448218213244,HEALTHY,benign,False,0,A2
1760.0,mal_A2,0.3608316804205701,0.22492849081966237,HEALTHY,A2,False,0,A2
1761.0,benign_ho,0.6512680841043189,0.48251268524714247,WATCH,benign,False,0,A2
1761.0,benign_sched,0.19650057871239987,0.18480743551417161,HEALTHY,benign,False,0,A2
1761.0,benign_kpm,0.31217167509559146,0.35215019247617785,HEALTHY,benign,False,0,A2
1761.0,mal_A2,0.12907761872284698,0.2057583164002993,HEALTHY,A2,False,0,A2
1762.0,benign_ho,0.8323538510081429,0.5524809183993427,THROTTLE,benign,False,0,A2
1762.0,benign_sched,0.21935303930976904,0.19171655627329112,HEALTHY,benign,False,0,A2
1762.0,benign_kpm,0.3173982165140915,0.3451997972837606,HEALTHY,benign,False,0,A2
1762.0,mal_A2,0.1630347417929701,0.19721360147883346,HEALTHY,A2,False,0,A2
1763.0,benign_ho,0.3381311976667576,0.5096109742528256,WATCH,benign,False,0,A2
1763.0,benign_sched,0.1808159411506502,0.18953643324876296,HEALTHY,benign,False,0,A2
1763.0,benign_kpm,0.115516574954896,0.29926315281798765,HEALTHY,benign,False,0,A2
1763.0,mal_A2,0.1208290725418189,0.18193669569143056,HEALTHY,A2,False,0,A2
1764.0,benign_ho,0.31940154171381885,0.4715690877450243,HEALTHY,benign,False,0,A2
1764.0,benign_sched,0.26296733730529237,0.20422261406006886,HEALTHY,benign,False,0,A2
1764.0,benign_kpm,0.1991068460358239,0.2792318914615549,HEALTHY,benign,False,0,A2
1764.0,mal_A2,0.04936680432312578,0.1554227174177696,HEALTHY,A2,False,0,A2
1765.0,benign_ho,0.22003725911269037,0.4212627220185575,HEALTHY,benign,False,0,A2
1765.0,benign_sched,0.6995256846791115,0.30328322818387743,HEALTHY,benign,False,0,A2
1765.0,benign_kpm,0.270964247998275,0.2775783627688989,HEALTHY,benign,False,0,A2
1765.0,mal_A2,0.2098790794061421,0.16631398981544412,HEALTHY,A2,False,0,A2
1766.0,benign_ho,0.4649603582458826,0.43000224926402253,HEALTHY,benign,False,0,A2
1766.0,benign_sched,0.26390872894107337,0.2954083283353166,HEALTHY,benign,False,0,A2
1766.0,benign_kpm,0.3182396708589698,0.28571062438691314,HEALTHY,benign,False,0,A2
1766.0,mal_A2,0.16351758230825633,0.16575470831400657,HEALTHY,A2,False,0,A2
1767.0,benign_ho,0.6483549703993587,0.4736727934910898,HEALTHY,benign,False,0,A2
1767.0,benign_sched,0.326880575859145,0.3017027778400823,HEALTHY,benign,False,0,A2
1767.0,benign_kpm,0.14572046257538407,0.25771259202460733,HEALTHY,benign,False,0,A2
1767.0,mal_A2,0.17153528662035855,0.16691082397527698,HEALTHY,A2,False,0,A2
1768.0,benign_ho,0.21143278803088708,0.4212247923990493,HEALTHY,benign,False,0,A2
1768.0,benign_sched,0.42251755927178297,0.32586573412642245,HEALTHY,benign,False,0,A2
1768.0,benign_kpm,0.24591453798183818,0.2553529812160535,HEALTHY,benign,False,0,A2
1768.0,mal_A2,0.2304840566965796,0.1796254705195375,HEALTHY,A2,False,0,A2
1769.0,benign_ho,0.3754058115185207,0.4120609962229436,HEALTHY,benign,False,0,A2
1769.0,benign_sched,0.12267738223318941,0.2852280637477759,HEALTHY,benign,False,0,A2
1769.0,benign_kpm,0.3721044821652279,0.2787032814058884,HEALTHY,benign,False,0,A2
1769.0,mal_A2,0.10630136340922966,0.16496064909747596,HEALTHY,A2,False,0,A2
1770.0,benign_ho,0.31928256940325944,0.3935053108590068,HEALTHY,benign,False,0,A2
1770.0,benign_sched,0.2805360047953434,0.2842896519572894,HEALTHY,benign,False,0,A2
1770.0,benign_kpm,0.44073261380347156,0.31110914788540506,HEALTHY,benign,False,0,A2
1770.0,mal_A2,0.08129644254881042,0.14822780778774286,HEALTHY,A2,False,0,A2
1771.0,benign_ho,0.2918009557382179,0.37316443983484904,HEALTHY,benign,False,0,A2
1771.0,benign_sched,0.32803927232501634,0.2930395760308348,HEALTHY,benign,False,0,A2
1771.0,benign_kpm,0.25225616003178697,0.2993385503146815,HEALTHY,benign,False,0,A2
1771.0,mal_A2,0.22340210277424127,0.16326266678504256,HEALTHY,A2,False,0,A2
1772.0,benign_ho,0.3286862618342326,0.36426880423472574,HEALTHY,benign,False,0,A2
1772.0,benign_sched,0.5181440946880209,0.33806047976227205,HEALTHY,benign,False,0,A2
1772.0,benign_kpm,0.3062955169126985,0.3007299436342849,HEALTHY,benign,False,0,A2
1772.0,mal_A2,0.2968671955433395,0.18998357253670195,HEALTHY,A2,False,0,A2
1773.0,benign_ho,0.22053012418152712,0.33552106822408606,HEALTHY,benign,False,0,A2
1773.0,benign_sched,0.49984973423911916,0.3704183306576415,HEALTHY,benign,False,0,A2
1773.0,benign_kpm,0.2887758362737491,0.29833912216217773,HEALTHY,benign,False,0,A2
1773.0,mal_A2,0.3392845695018795,0.21984377192973747,HEALTHY,A2,False,0,A2
1774.0,benign_ho,0.4410800093867406,0.35663285645661696,HEALTHY,benign,False,0,A2
1774.0,benign_sched,0.21311771410918035,0.3389582073479493,HEALTHY,benign,False,0,A2
1774.0,benign_kpm,0.4102448795165621,0.3207202736330546,HEALTHY,benign,False,0,A2
1774.0,mal_A2,0.29808524504606954,0.2354920665530039,HEALTHY,A2,False,0,A2
1775.0,benign_ho,0.22510543657614984,0.3303273724805236,HEALTHY,benign,False,0,A2
1775.0,benign_sched,0.1668256334699889,0.30453169257235724,HEALTHY,benign,False,0,A2
1775.0,benign_kpm,0.39777750595185024,0.3361317200968138,HEALTHY,benign,False,0,A2
1775.0,mal_A2,0.19119024860374714,0.22663170296315255,HEALTHY,A2,False,0,A2
1776.0,benign_ho,0.47515213304663484,0.3592923245937458,HEALTHY,benign,False,0,A2
1776.0,benign_sched,0.16672520394444412,0.2769703948467746,HEALTHY,benign,False,0,A2
1776.0,benign_kpm,0.1954736478843969,0.30800010565433045,HEALTHY,benign,False,0,A2
1776.0,mal_A2,0.27407462478173994,0.23612028732687004,HEALTHY,A2,False,0,A2
1777.0,benign_ho,0.2970056818283438,0.3468349960406655,HEALTHY,benign,False,0,A2
1777.0,benign_sched,0.19459722290506032,0.26049576045843176,HEALTHY,benign,False,0,A2
1777.0,benign_kpm,0.16772775604462212,0.2799456357323888,HEALTHY,benign,False,0,A2
1777.0,mal_A2,0.22325438028389463,0.23354710591827496,HEALTHY,A2,False,0,A2
1778.0,benign_ho,0.25659129682829535,0.32878625619819146,HEALTHY,benign,False,0,A2
1778.0,benign_sched,0.09476394764345189,0.2273493978954358,HEALTHY,benign,False,0,A2
1778.0,benign_kpm,0.1599646941766245,0.25594944742123593,HEALTHY,benign,False,0,A2
1778.0,mal_A2,0.1726435180409769,0.22136638834281536,HEALTHY,A2,False,0,A2
1779.0,benign_ho,0.4098207271945574,0.3449931503974647,HEALTHY,benign,False,0,A2
1779.0,benign_sched,0.12209079991668957,0.20629767829968654,HEALTHY,benign,False,0,A2
1779.0,benign_kpm,0.5123889261885047,0.3072373431746897,HEALTHY,benign,False,0,A2
1779.0,mal_A2,0.19080841324010478,0.21525479332227326,HEALTHY,A2,False,0,A2
1780.0,benign_ho,0.4195856654204378,0.35991165340205933,HEALTHY,benign,False,0,A2
1780.0,benign_sched,0.2155392399137829,0.20814599062250583,HEALTHY,benign,False,0,A2
1780.0,benign_kpm,0.30569164715965913,0.3069282039716836,HEALTHY,benign,False,0,A2
1780.0,mal_A2,0.24611881989743845,0.22142759863730632,HEALTHY,A2,False,0,A2
1781.0,benign_ho,0.41952023026350077,0.3718333687743476,HEALTHY,benign,False,0,A2
1781.0,benign_sched,0.08133009619956662,0.182782811737918,HEALTHY,benign,False,0,A2
1781.0,benign_kpm,0.13260445535546464,0.2720634542484398,HEALTHY,benign,False,0,A2
1781.0,mal_A2,0.4341159674988435,0.26396527240961376,HEALTHY,A2,False,0,A2
1782.0,benign_ho,0.3037350732448308,0.35821370966844424,HEALTHY,benign,False,0,A2
1782.0,benign_sched,0.048495789975831816,0.15592540738550076,HEALTHY,benign,False,0,A2
1782.0,benign_kpm,0.2342692124748963,0.26450460589373115,HEALTHY,benign,False,0,A2
1782.0,mal_A2,0.24946947314100493,0.261066112555892,HEALTHY,A2,False,0,A2
1783.0,benign_ho,0.30076485944851133,0.34672393962445763,HEALTHY,benign,False,0,A2
1783.0,benign_sched,0.18669197579940303,0.16207872106828122,HEALTHY,benign,False,0,A2
1783.0,benign_kpm,0.26868833591220437,0.2653413518974258,HEALTHY,benign,False,0,A2
1783.0,mal_A2,0.4348213525160087,0.2958171605479154,HEALTHY,A2,False,0,A2
1784.0,benign_ho,0.24942017590295387,0.3272631868801569,HEALTHY,benign,False,0,A2
1784.0,benign_sched,0.2557871179455755,0.1808204004437401,HEALTHY,benign,False,0,A2
1784.0,benign_kpm,0.452785138250208,0.30283010916798225,HEALTHY,benign,False,0,A2
1784.0,mal_A2,0.02214659222497963,0.24108304688332824,HEALTHY,A2,False,0,A2
1785.0,benign_ho,0.24433862819403665,0.31067827514293284,HEALTHY,benign,False,0,A2
1785.0,benign_sched,0.38546035699397013,0.2217483917537861,HEALTHY,benign,False,0,A2
1785.0,benign_kpm,0.23041921760266662,0.28834793085491917,HEALTHY,benign,False,0,A2
1785.0,mal_A2,0.1792535852420104,0.2287171545550647,HEALTHY,A2,False,0,A2
1786.0,benign_ho,0.3665269993759076,0.3218480199895278,HEALTHY,benign,False,0,A2
1786.0,benign_sched,0.2052162883400973,0.21844197107104837,HEALTHY,benign,False,0,A2
1786.0,benign_kpm,0.2730354455361042,0.2852854337911562,HEALTHY,benign,False,0,A2
1786.0,mal_A2,0.2405432540870202,0.2310823744614558,HEALTHY,A2,False,0,A2
1787.0,benign_ho,0.5416279232368811,0.3658040006389985,HEALTHY,benign,False,0,A2
1787.0,benign_sched,0.27231548997265176,0.22921667485136907,HEALTHY,benign,False,0,A2
1787.0,benign_kpm,0.24085364440501333,0.2763990759139276,HEALTHY,benign,False,0,A2
1787.0,mal_A2,0.3205206802808635,0.24897003562533737,HEALTHY,A2,False,0,A2
1788.0,benign_ho,0.3464920100852206,0.3619416025282429,HEALTHY,benign,False,0,A2
1788.0,benign_sched,0.05805027461906642,0.19498339480490856,HEALTHY,benign,False,0,A2
1788.0,benign_kpm,0.36353237449551723,0.2938257356302455,HEALTHY,benign,False,0,A2
1788.0,mal_A2,0.3899153462007512,0.27715909774042014,HEALTHY,A2,False,0,A2
1789.0,benign_ho,0.44083704027142384,0.37772069007687914,HEALTHY,benign,False,0,A2
1789.0,benign_sched,0.18485764523750095,0.19295824489142707,HEALTHY,benign,False,0,A2
1789.0,benign_kpm,0.19999819457849696,0.27506022741989583,HEALTHY,benign,False,0,A2
1789.0,mal_A2,0.2487521203981613,0.2714777022719684,HEALTHY,A2,False,0,A2
1790.0,benign_ho,0.8334717576463703,0.46887090359077743,HEALTHY,benign,False,0,A2
1790.0,benign_sched,0.5925474011880071,0.2728760761507431,HEALTHY,benign,False,0,A2
1790.0,benign_kpm,0.2650785825664484,0.27306389844920637,HEALTHY,benign,False,0,A2
1790.0,mal_A2,0.28542350680938794,0.2742668631794523,HEALTHY,A2,False,0,A2
1791.0,benign_ho,0.3945908224229855,0.45401488735721907,HEALTHY,benign,False,0,A2
1791.0,benign_sched,0.08165185418760826,0.23463123175811615,HEALTHY,benign,False,0,A2
1791.0,benign_kpm,0.11486231911830884,0.24142358258302687,HEALTHY,benign,False,0,A2
1791.0,mal_A2,0.09724080305457034,0.2388616511544759,HEALTHY,A2,False,0,A2
1792.0,benign_ho,0.35860827975145193,0.4349335658360657,HEALTHY,benign,False,0,A2
1792.0,benign_sched,0.3208991813736442,0.2518848216812218,HEALTHY,benign,False,0,A2
1792.0,benign_kpm,0.2411150680711878,0.24136187968065906,HEALTHY,benign,False,0,A2
1792.0,mal_A2,0.18449083157682367,0.2279874872389455,HEALTHY,A2,False,0,A2
1793.0,benign_ho,0.35430470354781873,0.41880779337841634,HEALTHY,benign,False,0,A2
1793.0,benign_sched,0.31088603618032734,0.2636850645810429,HEALTHY,benign,False,0,A2
1793.0,benign_kpm,0.2320365668114737,0.23949681710682202,HEALTHY,benign,False,0,A2
1793.0,mal_A2,0.3646820332645094,0.2553263964440583,HEALTHY,A2,False,0,A2
1794.0,benign_ho,0.6140912884311063,0.4578644923889543,HEALTHY,benign,False,0,A2
1794.0,benign_sched,0.30762946362140753,0.2724739443891158,HEALTHY,benign,False,0,A2
1794.0,benign_kpm,0.33399455906767034,0.2583963654989917,HEALTHY,benign,False,0,A2
1794.0,mal_A2,0.3105772746150826,0.26637657207826315,HEALTHY,A2,False,0,A2
1795.0,benign_ho,0.2769500746926752,0.4216816088496985,HEALTHY,benign,False,0,A2
1795.0,benign_sched,0.4089666053920601,0.2997724765897047,HEALTHY,benign,False,0,A2
1795.0,benign_kpm,0.7680023066469294,0.3603175537285792,HEALTHY,benign,False,0,A2
1795.0,mal_A2,0.14465822252482236,0.242032902167575,HEALTHY,A2,False,0,A2
1796.0,benign_ho,0.7211289699513099,0.4815710810700209,WATCH,benign,False,0,A2
1796.0,benign_sched,0.42717575558107085,0.32525313238797793,HEALTHY,benign,False,0,A2
1796.0,benign_kpm,0.6793661734411844,0.42412727767110026,HEALTHY,benign,False,0,A2
1796.0,mal_A2,0.2599140520866712,0.24560913215139427,HEALTHY,A2,False,0,A2
1797.0,benign_ho,0.2604220382613145,0.43734127250827964,HEALTHY,benign,False,0,A2
1797.0,benign_sched,0.28170993327232413,0.3165444925648472,HEALTHY,benign,False,0,A2
1797.0,benign_kpm,0.2659105983551634,0.3924839418079129,HEALTHY,benign,False,0,A2
1797.0,mal_A2,0.1723863499570646,0.23096457571252835,HEALTHY,A2,False,0,A2
1798.0,benign_ho,0.4568427015805424,0.4412415583227322,HEALTHY,benign,False,0,A2
1798.0,benign_sched,0.2925161532077244,0.3117388246934226,HEALTHY,benign,False,0,A2
1798.0,benign_kpm,0.472248856092423,0.40843692466481496,HEALTHY,benign,False,0,A2
1798.0,mal_A2,0.2302868284014976,0.23082902625032223,HEALTHY,A2,False,0,A2
1799.0,benign_ho,0.5115244088855496,0.4552981284352957,HEALTHY,benign,False,0,A2
1799.0,benign_sched,0.30558476458997874,0.31050801267273387,HEALTHY,benign,False,0,A2
1799.0,benign_kpm,0.5372099349701599,0.434191526725884,HEALTHY,benign,False,0,A2
1799.0,mal_A2,0.29681657732667005,0.2440265364655918,HEALTHY,A2,False,0,A2
